ticket_id,refund_month,quarter,agent_id,agent_name,agent_team,product_sku,refund_inr,refund_reason_code,final_code,llm_code,llm_evidence,replacement_issued,llm_repl,double_payout,dp_leak,flag_gw_over_cap
TK-240003,2025-01,2025Q1,A3040,Thomas Jadhav,Escalations & Warranty,VA-HP-ST2,900.0,GW-OTHER,UNCLEAR,UNCLEAR,cx ok,N,False,False,0.0,True
TK-240009,2025-01,2025Q1,A3009,Sukhwinder Singh,Chat Frontline,VA-EB-PL1,2124.0,CANCEL,CANCEL,,,N,,False,0.0,False
TK-240015,2025-01,2025Q1,A3037,Manish Iyer,Returns Desk,VA-EB-AIR,1709.0,GW-OTHER,RETURN-QC-OK,RETURN-QC-OK,chk reverse pkp qc status,N,False,False,0.0,True
TK-240016,2025-01,2025Q1,A3018,Krishna Bhatt,Email Frontline,VA-EB-AIR,342.0,WTY-BUYBACK,WTY-BUYBACK,GW-OTHER,replacement raised,N,True,True,342.0,False
TK-240023,2025-01,2025Q1,A3039,Reyansh Mishra,Escalations & Warranty,VA-EB-AIR,288.0,GW-OTHER,WTY-BUYBACK,WTY-BUYBACK,warranty claim status | checked rma status,N,False,False,0.0,False
TK-240026,2025-01,2025Q1,A3032,Sneha Bansal,Billing,VA-SW-NX1,3999.0,GW-OTHER,CANCEL,CANCEL,cancelled before dispatch,N,False,False,0.0,True
TK-240028,2025-01,2025Q1,A3037,Manish Iyer,Returns Desk,VA-EB-PL1,2499.0,GW-OTHER,GW-OTHER,GW-OTHER,issued refund + replacement both,N,True,True,1460.0,True
TK-240031,2025-01,2025Q1,A3033,Vikram Banerjee,Billing,VA-HP-ST3,6999.0,DUP-PAYMENT,DUP-PAYMENT,,,N,,False,0.0,False
TK-240046,2025-01,2025Q1,A3018,Krishna Bhatt,Email Frontline,VA-EB-PL1,200.0,GW-OTHER,DOA-REPL,DOA-REPL,full refund processed,N,False,False,0.0,False
TK-240050,2025-01,2025Q1,A3031,Zaid Desai,Logistics,VA-EB-AIR,1799.0,DOA-REPL,DOA-REPL,GW-OTHER,Full refund issued and replacement dispatched as goodwill,Y,True,True,1100.0,False
TK-240060,2025-01,2025Q1,A3020,Aadhya Singh,Email Frontline,VA-SP-ORB,5399.0,DUP-PAYMENT,DUP-PAYMENT,,,N,,False,0.0,False
TK-240061,2025-01,2025Q1,A3037,Manish Iyer,Returns Desk,VA-EB-AIR,854.0,RETURN-QC-OK,RETURN-QC-OK,,,N,,False,0.0,False
TK-240069,2025-01,2025Q1,A3035,Dev Kulkarni,Billing,VA-EB-AIR,1799.0,DUP-PAYMENT,DUP-PAYMENT,,,N,,False,0.0,False
TK-240089,2025-01,2025Q1,A3029,Rajat Mukherjee,Logistics,VA-EB-PL1,2499.0,GW-OTHER,CANCEL,CANCEL,"cancelled, refund initiated",N,False,False,0.0,True
TK-240091,2025-01,2025Q1,A3034,Tanvi Rathore,Billing,VA-SP-ORB,600.0,DUP-PAYMENT,DUP-PAYMENT,,,N,,False,0.0,False
TK-240100,2025-01,2025Q1,A3032,Sneha Bansal,Billing,VA-EB-AIR,1619.0,RETURN-QC-OK,RETURN-QC-OK,,,N,,False,0.0,False
TK-240102,2025-01,2025Q1,A3036,Ritika D'Souza,Returns Desk,VA-EB-PL1,319.0,RETURN-QC-OK,RETURN-QC-OK,,,N,,False,0.0,False
TK-240106,2025-01,2025Q1,A3032,Sneha Bansal,Billing,VA-SW-FIT,1000.0,DUP-PAYMENT,DUP-PAYMENT,,,N,,False,0.0,False
TK-240109,2025-01,2025Q1,A3028,Sameer Kapoor,Logistics,VA-SW-FIT,1599.0,RETURN-QC-OK,RETURN-QC-OK,,,N,,False,0.0,False
TK-240111,2025-01,2025Q1,A3018,Krishna Bhatt,Email Frontline,VA-NB-ARC,1299.0,DOA-REPL,DOA-REPL,,,N,,False,0.0,False
TK-240117,2025-01,2025Q1,A3036,Ritika D'Souza,Returns Desk,VA-HP-ST3,1400.0,GW-OTHER,RETURN-QC-OK,RETURN-QC-OK,Checked reverse pkp QC status,N,False,False,0.0,True
TK-240120,2025-01,2025Q1,A3036,Ritika D'Souza,Returns Desk,VA-HP-ST3,13298.0,GW-OTHER,RETURN-QC-OK,RETURN-QC-OK,chk reverse pkp QC status,N,False,False,0.0,True
TK-240121,2025-01,2025Q1,A3010,Tenzin Mathew,Chat Frontline,VA-SW-FIT,1999.0,CANCEL,CANCEL,,,N,,False,0.0,False
TK-240134,2025-01,2025Q1,A3036,Ritika D'Souza,Returns Desk,VA-EB-PL1,1999.0,RETURN-QC-OK,RETURN-QC-OK,,,N,,False,0.0,False
TK-240135,2025-01,2025Q1,A3037,Manish Iyer,Returns Desk,VA-EB-AIR,1799.0,RETURN-QC-OK,RETURN-QC-OK,,,N,,False,0.0,False
TK-240138,2025-01,2025Q1,A3031,Zaid Desai,Logistics,VA-EB-PL1,1999.0,GW-OTHER,CANCEL,CANCEL,Cancelled before dispatch,N,False,False,0.0,True
TK-240146,2025-01,2025Q1,A3037,Manish Iyer,Returns Desk,VA-HP-ST3,6999.0,GW-OTHER,UNCLEAR,UNCLEAR,issue: rfnd delay,N,False,False,0.0,True
TK-240148,2025-01,2025Q1,A3039,Reyansh Mishra,Escalations & Warranty,VA-EB-PL1,2499.0,GW-OTHER,DOA-REPL,DOA-REPL,full refund processed,N,False,False,0.0,True
TK-240154,2025-01,2025Q1,A3005,Payal Bhatia,Chat Frontline,VA-SW-FIT,240.0,CANCEL,CANCEL,,,N,,False,0.0,False
TK-240157,2025-01,2025Q1,A3003,Komal Singh,Chat Frontline,VA-EB-PL1,2499.0,WTY-BUYBACK,WTY-BUYBACK,,,N,,False,0.0,False
TK-240163,2025-01,2025Q1,A3031,Zaid Desai,Logistics,VA-EB-AIR,1799.0,CANCEL,CANCEL,,,N,,False,0.0,False
TK-240177,2025-01,2025Q1,A3032,Sneha Bansal,Billing,VA-EB-PL1,250.0,DUP-PAYMENT,DUP-PAYMENT,,,N,,False,0.0,False
TK-240194,2025-01,2025Q1,A3005,Payal Bhatia,Chat Frontline,VA-EB-PL1,1250.0,DUP-PAYMENT,DUP-PAYMENT,,,N,,False,0.0,False
TK-240201,2025-01,2025Q1,A3034,Tanvi Rathore,Billing,VA-HP-ST3,700.0,RETURN-QC-OK,RETURN-QC-OK,RETURN-QC-OK,cx asked for replacement + refund,N,False,False,0.0,False
TK-240216,2025-01,2025Q1,A3034,Tanvi Rathore,Billing,VA-EB-PL1,4998.0,DUP-PAYMENT,DUP-PAYMENT,,,N,,False,0.0,False
TK-240226,2025-01,2025Q1,A3038,Ankit Dhillon,Returns Desk,VA-HP-ST2,4999.0,GW-OTHER,LOST-TRANSIT,LOST-TRANSIT,Pickup missed | Re-raised pickup with courier,N,False,False,0.0,True
TK-240242,2025-01,2025Q1,A3007,Abhishek Gupta,Chat Frontline,VA-EB-PL1,2499.0,GW-OTHER,GW-OTHER,GW-OTHER,"rplc approved, reverse pkp arranged. amount returned",N,True,True,1460.0,True
TK-240246,2025-01,2025Q1,A3034,Tanvi Rathore,Billing,VA-AC-CBL,80.0,GW-OTHER,DUP-PAYMENT,DUP-PAYMENT,"amount deducted, no order confirmation",N,False,False,0.0,False
TK-240247,2025-01,2025Q1,A3032,Sneha Bansal,Billing,VA-AC-CH65,674.0,GW-OTHER,RETURN-QC-OK,RETURN-QC-OK,you picked up the item 11 days ago,N,False,False,0.0,True
TK-240256,2025-01,2025Q1,A3032,Sneha Bansal,Billing,VA-HP-ST3,665.0,DUP-PAYMENT,DUP-PAYMENT,,,N,,False,0.0,False
TK-240258,2025-01,2025Q1,A3006,Varun Bhatt,Chat Frontline,VA-HP-ST2,4249.0,DOA-REPL,DOA-REPL,GW-OTHER,both refund and replacement given as cx threatened social media,Y,True,True,2440.0,False
TK-240262,2025-01,2025Q1,A3030,Aishwarya Trivedi,Logistics,VA-HP-ST2,3999.0,GW-OTHER,GW-OTHER,GW-OTHER,Cx reported incorrect product shipped.,N,False,False,0.0,True
TK-240263,2025-01,2025Q1,A3029,Rajat Mukherjee,Logistics,VA-AC-CBL,718.0,GW-OTHER,LOST-TRANSIT,LOST-TRANSIT,refund initiated as lost in transit.,N,True,True,430.0,True
TK-240272,2025-01,2025Q1,A3037,Manish Iyer,Returns Desk,VA-SW-FIT,200.0,RETURN-QC-OK,RETURN-QC-OK,,,N,,False,0.0,False
TK-240279,2025-01,2025Q1,A3022,Daniel Arora,Email Frontline,VA-EB-AIR,1799.0,GW-OTHER,GW-OTHER,GW-OTHER,Cx reported intermittent disconnects.,N,False,False,0.0,True
TK-240285,2025-01,2025Q1,A3032,Sneha Bansal,Billing,VA-SP-ORB,4799.0,DUP-PAYMENT,DUP-PAYMENT,,,N,,False,0.0,False
TK-240307,2025-01,2025Q1,A3023,Ritika Gaikwad,Voice Frontline,VA-HP-ST2,8998.0,GW-OTHER,CANCEL,CANCEL,Want to cancel my order.,N,False,False,0.0,True
TK-240311,2025-01,2025Q1,A3015,Sameer Jadhav,Chat Frontline,VA-EB-AIR,288.0,GW-OTHER,DUP-PAYMENT,DUP-PAYMENT,failed order after payment,N,False,False,0.0,False
TK-240320,2025-01,2025Q1,A3002,Steven Ansari,Chat Frontline,VA-EB-AIR,1799.0,GW-OTHER,GW-OTHER,GW-OTHER,"checked fw -> advised eq reset, resolved. -- refund + rplc",N,True,True,1100.0,True
TK-240328,2025-01,2025Q1,A3022,Daniel Arora,Email Frontline,VA-SW-FIT,1599.0,GW-OTHER,RETURN-QC-OK,RETURN-QC-OK,Checked reverse pickup QC status,N,False,False,0.0,True
TK-240338,2025-01,2025Q1,A3037,Manish Iyer,Returns Desk,VA-AC-CBL,170.0,GW-OTHER,RETURN-QC-OK,RETURN-QC-OK,YOU PICKED UP THE ITEM 14 DAYS AGO,N,False,False,0.0,False
TK-240353,2025-01,2025Q1,A3010,Tenzin Mathew,Chat Frontline,VA-SW-NX2,6174.0,CANCEL,CANCEL,,,N,,False,0.0,False
TK-240354,2025-01,2025Q1,A3019,Kavya Agarwal,Email Frontline,VA-EB-PL1,4248.0,GW-OTHER,CANCEL,CANCEL,want to cancel my order,N,False,False,0.0,True
TK-240357,2025-01,2025Q1,A3036,Ritika D'Souza,Returns Desk,VA-EB-PL1,1999.0,RETURN-QC-OK,RETURN-QC-OK,RETURN-QC-OK,chk reverse pickup QC status,N,False,False,0.0,False
TK-240359,2025-01,2025Q1,A3036,Ritika D'Souza,Returns Desk,VA-AC-CH65,225.0,RETURN-QC-OK,RETURN-QC-OK,,,N,,False,0.0,False
TK-240360,2025-01,2025Q1,A3008,Meera Malhotra,Chat Frontline,VA-HP-ST3,6649.0,CANCEL,CANCEL,,,N,,False,0.0,False
TK-240368,2025-01,2025Q1,A3013,Rohit Nair,Chat Frontline,VA-AC-CH65,270.0,CANCEL,CANCEL,,,N,,False,0.0,False
TK-240381,2025-01,2025Q1,A3035,Dev Kulkarni,Billing,VA-EB-PL1,2374.0,GW-OTHER,CANCEL,CANCEL,cancellation request. Cancelled before dispatch,N,False,False,0.0,True
TK-240384,2025-02,2025Q1,A3023,Ritika Gaikwad,Voice Frontline,VA-SW-FIT,900.0,DUP-PAYMENT,DUP-PAYMENT,,,N,,False,0.0,False
TK-240399,2025-02,2025Q1,A3032,Sneha Bansal,Billing,VA-EB-AIR,1439.0,DUP-PAYMENT,DUP-PAYMENT,,,N,,False,0.0,False
TK-240409,2025-02,2025Q1,A3016,Thomas Kumar,Email Frontline,VA-EB-AIR,1709.0,CANCEL,CANCEL,,,N,,False,0.0,False
TK-240415,2025-02,2025Q1,A3010,Tenzin Mathew,Chat Frontline,VA-EB-PL1,1999.0,PRICE-ADJ,PRICE-ADJ,,,N,,False,0.0,False
TK-240416,2025-02,2025Q1,A3034,Tanvi Rathore,Billing,VA-HP-ST3,2660.0,GW-OTHER,RETURN-QC-OK,RETURN-QC-OK,refund not received yet,N,False,False,0.0,True
TK-240429,2025-02,2025Q1,A3029,Rajat Mukherjee,Logistics,VA-EB-PL1,2124.0,GW-OTHER,LOST-TRANSIT,LOST-TRANSIT,issue: damaged in transit.,Y,True,True,1460.0,True
TK-240444,2025-02,2025Q1,A3018,Krishna Bhatt,Email Frontline,VA-SP-ORB,5999.0,WTY-BUYBACK,WTY-BUYBACK,GW-OTHER,Reversed the payment and dispatched a new one,Y,True,True,2640.0,False
TK-240448,2025-02,2025Q1,A3007,Abhishek Gupta,Chat Frontline,VA-SW-FIT,1999.0,CANCEL,CANCEL,,,N,,False,0.0,False
TK-240454,2025-02,2025Q1,A3035,Dev Kulkarni,Billing,VA-EB-PL1,2499.0,DUP-PAYMENT,DUP-PAYMENT,,,N,,False,0.0,False
TK-240460,2025-02,2025Q1,A3030,Aishwarya Trivedi,Logistics,VA-HP-ST2,425.0,RETURN-QC-OK,RETURN-QC-OK,,,N,,False,0.0,False
TK-240466,2025-02,2025Q1,A3032,Sneha Bansal,Billing,VA-AC-CH65,1499.0,DUP-PAYMENT,DUP-PAYMENT,,,N,,False,0.0,False
TK-240477,2025-02,2025Q1,A3030,Aishwarya Trivedi,Logistics,VA-HP-ST3,13998.0,LOST-TRANSIT,LOST-TRANSIT,,,N,,False,0.0,False
TK-240479,2025-02,2025Q1,A3030,Aishwarya Trivedi,Logistics,VA-EB-PL2,332.0,GW-OTHER,LOST-TRANSIT,LOST-TRANSIT,Reported: transit damage,N,True,True,332.0,False
TK-240483,2025-02,2025Q1,A3025,Komal Malhotra,Voice Frontline,VA-HP-ST3,5599.0,GW-OTHER,GW-OTHER,GW-OTHER,both refund & replacement given as cx threatened social media,Y,True,True,2990.0,True
TK-240484,2025-02,2025Q1,A3006,Varun Bhatt,Chat Frontline,VA-EB-AIR,1439.0,CANCEL,CANCEL,,,N,,False,0.0,False
TK-240492,2025-02,2025Q1,A3017,Kabir Singh,Email Frontline,VA-SW-NX1,4749.0,GW-OTHER,CANCEL,CANCEL,cancelled before dispatch,N,False,False,0.0,True
TK-240495,2025-02,2025Q1,A3028,Sameer Kapoor,Logistics,VA-EB-AIR,720.0,RETURN-QC-OK,RETURN-QC-OK,,,N,,False,0.0,False
TK-240496,2025-02,2025Q1,A3032,Sneha Bansal,Billing,VA-EB-AIR,360.0,GW-OTHER,DUP-PAYMENT,DUP-PAYMENT,duplicate payment,N,False,False,0.0,False
TK-240505,2025-02,2025Q1,A3029,Rajat Mukherjee,Logistics,VA-EB-PL1,2249.0,GW-OTHER,LOST-TRANSIT,LOST-TRANSIT,Package not delivered even after 15 days,N,False,False,0.0,True
TK-240515,2025-02,2025Q1,A3034,Tanvi Rathore,Billing,VA-EB-AIR,1799.0,DUP-PAYMENT,DUP-PAYMENT,,,N,,False,0.0,False
TK-240523,2025-02,2025Q1,A3036,Ritika D'Souza,Returns Desk,VA-EB-PL1,2124.0,RETURN-QC-OK,RETURN-QC-OK,,,N,,False,0.0,False
TK-240524,2025-02,2025Q1,A3035,Dev Kulkarni,Billing,VA-HP-ST3,6999.0,DUP-PAYMENT,DUP-PAYMENT,,,N,,False,0.0,False
TK-240529,2025-02,2025Q1,A3038,Ankit Dhillon,Returns Desk,VA-AC-CH65,150.0,RETURN-QC-OK,RETURN-QC-OK,RETURN-QC-OK,pkp missed,N,False,False,0.0,False
TK-240530,2025-02,2025Q1,A3038,Ankit Dhillon,Returns Desk,VA-EB-AIR,360.0,GW-OTHER,RETURN-QC-OK,RETURN-QC-OK,checked pickup awb -> refunded,N,False,False,0.0,False
TK-240531,2025-02,2025Q1,A3019,Kavya Agarwal,Email Frontline,VA-EB-PL1,237.0,CANCEL,CANCEL,,,N,,False,0.0,False
TK-240545,2025-02,2025Q1,A3030,Aishwarya Trivedi,Logistics,VA-HP-ST3,6299.0,GW-OTHER,GW-OTHER,GW-OTHER,Cust contacted re wrong variant received. ... new unit also going out,Y,True,True,2990.0,True
TK-240554,2025-02,2025Q1,A3035,Dev Kulkarni,Billing,VA-SW-NX2,5199.0,GW-OTHER,DUP-PAYMENT,DUP-PAYMENT,"payment debited, no ord",N,False,False,0.0,True
TK-240556,2025-02,2025Q1,A3030,Aishwarya Trivedi,Logistics,VA-EB-AIR,270.0,DOA-REPL,DOA-REPL,,,N,,False,0.0,False
TK-240557,2025-02,2025Q1,A3002,Steven Ansari,Chat Frontline,VA-SW-NX2,5849.0,RETURN-QC-OK,RETURN-QC-OK,,,N,,False,0.0,False
TK-240559,2025-02,2025Q1,A3029,Rajat Mukherjee,Logistics,VA-SP-ORB,600.0,CANCEL,CANCEL,,,N,,False,0.0,False
TK-240564,2025-02,2025Q1,A3022,Daniel Arora,Email Frontline,VA-NB-ARC,1299.0,GW-OTHER,GW-OTHER,GW-OTHER,Refund of Rs 1299 initiated to source.,N,False,False,0.0,True
TK-240568,2025-03,2025Q1,A3042,Swati Bhatia,Escalations & Warranty,VA-EB-AIR,1619.0,GW-OTHER,GW-OTHER,GW-OTHER,refund of rs 1619 initiated to source,N,False,False,0.0,True
TK-240569,2025-02,2025Q1,A3003,Komal Singh,Chat Frontline,VA-EB-PL1,4248.0,CANCEL,CANCEL,CANCEL,Cancelled before dispatch,N,False,False,0.0,False
TK-240571,2025-02,2025Q1,A3032,Sneha Bansal,Billing,VA-HP-ST3,6999.0,DUP-PAYMENT,DUP-PAYMENT,,,N,,False,0.0,False
TK-240580,2025-02,2025Q1,A3038,Ankit Dhillon,Returns Desk,VA-SW-FIT,1999.0,RETURN-QC-OK,RETURN-QC-OK,,,N,,False,0.0,False
TK-240588,2025-02,2025Q1,A3027,Priya Agarwal,Logistics,VA-EB-PL1,2499.0,GW-OTHER,LOST-TRANSIT,LOST-TRANSIT,Full rfnd issued & rplc dispatched as goodwill.,Y,True,True,1460.0,True
TK-240600,2025-02,2025Q1,A3034,Tanvi Rathore,Billing,VA-SW-FIT,1799.0,CANCEL,CANCEL,,,N,,False,0.0,False
TK-240604,2025-02,2025Q1,A3036,Ritika D'Souza,Returns Desk,VA-SW-NX2,926.0,RETURN-QC-OK,RETURN-QC-OK,,,N,,False,0.0,False
TK-240618,2025-02,2025Q1,A3036,Ritika D'Souza,Returns Desk,VA-SW-FIT,1799.0,GW-OTHER,UNCLEAR,UNCLEAR,reufnd not credited. Checked refund status on PG.,N,False,False,0.0,True
TK-240619,2025-02,2025Q1,A3036,Ritika D'Souza,Returns Desk,VA-AC-CBL,72.0,RETURN-QC-OK,RETURN-QC-OK,,,N,,False,0.0,False
TK-240629,2025-02,2025Q1,A3033,Vikram Banerjee,Billing,VA-SP-ORB,1020.0,DUP-PAYMENT,DUP-PAYMENT,,,N,,False,0.0,False
TK-240630,2025-02,2025Q1,A3026,Aadhya Deshpande,Voice Frontline,VA-HP-ST3,2520.0,CANCEL,CANCEL,,,N,,False,0.0,False
TK-240641,2025-02,2025Q1,A3034,Tanvi Rathore,Billing,VA-SW-FIT,380.0,GW-OTHER,PRICE-ADJ,PRICE-ADJ,promo code shows invalid,N,False,False,0.0,False
TK-240642,2025-02,2025Q1,A3038,Ankit Dhillon,Returns Desk,VA-HP-ST3,6649.0,RETURN-QC-OK,RETURN-QC-OK,,,N,,False,0.0,False
TK-240649,2025-02,2025Q1,A3038,Ankit Dhillon,Returns Desk,VA-HP-ST2,475.0,GW-OTHER,RETURN-QC-OK,RETURN-QC-OK,Reverse pickup pending,N,False,False,0.0,False
TK-240650,2025-02,2025Q1,A3033,Vikram Banerjee,Billing,VA-HP-ST3,6299.0,GW-OTHER,DUP-PAYMENT,DUP-PAYMENT,charged twice,N,False,False,0.0,True
TK-240652,2025-02,2025Q1,A3037,Manish Iyer,Returns Desk,VA-HP-ST3,1400.0,RETURN-QC-OK,RETURN-QC-OK,,,N,,False,0.0,False
TK-240672,2025-02,2025Q1,A3037,Manish Iyer,Returns Desk,VA-HP-ST2,2000.0,RETURN-QC-OK,RETURN-QC-OK,,,N,,False,0.0,False
TK-240682,2025-02,2025Q1,A3012,Lakshmi Srivastava,Chat Frontline,VA-HP-ST3,6999.0,GW-OTHER,CANCEL,CANCEL,cancelled before dispatch,N,False,False,0.0,True
TK-240686,2025-02,2025Q1,A3039,Reyansh Mishra,Escalations & Warranty,VA-SW-FIT,1899.0,WTY-BUYBACK,WTY-BUYBACK,WTY-BUYBACK,warranty claim status | followed up with service centre,N,False,False,0.0,False
TK-240688,2025-02,2025Q1,A3037,Manish Iyer,Returns Desk,VA-SP-ORB,1080.0,RETURN-QC-OK,RETURN-QC-OK,,,N,,False,0.0,False
TK-240691,2025-02,2025Q1,A3036,Ritika D'Souza,Returns Desk,VA-AC-CH65,1424.0,GW-OTHER,RETURN-QC-OK,RETURN-QC-OK,Checked reverse pickup QC status.,N,False,False,0.0,True
TK-240699,2025-02,2025Q1,A3030,Aishwarya Trivedi,Logistics,VA-HP-ST3,6649.0,GW-OTHER,LOST-TRANSIT,LOST-TRANSIT,"delivery delayed. RTO confirmed, reshipped.",N,False,False,0.0,True
TK-240702,2025-02,2025Q1,A3026,Aadhya Deshpande,Voice Frontline,VA-SW-FIT,1699.0,GW-OTHER,CANCEL,CANCEL,cancellation request | cancelled before dispatch,N,False,False,0.0,True
TK-240712,2025-02,2025Q1,A3033,Vikram Banerjee,Billing,VA-SW-NX2,5524.0,DUP-PAYMENT,DUP-PAYMENT,,,N,,False,0.0,False
TK-240725,2025-02,2025Q1,A3018,Krishna Bhatt,Email Frontline,VA-EB-AIR,1709.0,CANCEL,CANCEL,,,N,,False,0.0,False
TK-240737,2025-02,2025Q1,A3035,Dev Kulkarni,Billing,VA-EB-AIR,1619.0,GW-OTHER,CANCEL,CANCEL,cancellation request,N,False,False,0.0,True
TK-240746,2025-02,2025Q1,A3031,Zaid Desai,Logistics,VA-SP-MINI,2499.0,LOST-TRANSIT,LOST-TRANSIT,,,N,,False,0.0,False
TK-240751,2025-02,2025Q1,A3036,Ritika D'Souza,Returns Desk,VA-HP-ST3,6649.0,WTY-BUYBACK,WTY-BUYBACK,GW-OTHER,Sent a new unit and released the money,N,True,True,2990.0,False
TK-240753,2025-02,2025Q1,A3034,Tanvi Rathore,Billing,VA-EB-PL1,400.0,GW-OTHER,PRICE-ADJ,PRICE-ADJ,The festive offer vanished when I clicked pay,N,False,False,0.0,False
TK-240759,2025-02,2025Q1,A3030,Aishwarya Trivedi,Logistics,VA-NB-ARC,1104.0,DOA-REPL,DOA-REPL,GW-OTHER,incorrect product shipped. Replacement raised,Y,True,True,880.0,False
TK-240764,2025-02,2025Q1,A3030,Aishwarya Trivedi,Logistics,VA-SW-NX2,6499.0,RETURN-QC-OK,RETURN-QC-OK,,,N,,False,0.0,False
TK-240778,2025-02,2025Q1,A3040,Thomas Jadhav,Escalations & Warranty,VA-HP-ST3,5599.0,DOA-REPL,DOA-REPL,WTY-BUYBACK,Both refund and replacement given as cx threatened,N,True,True,2990.0,False
TK-240796,2025-03,2025Q1,A3016,Thomas Kumar,Email Frontline,VA-HP-ST3,6299.0,CANCEL,CANCEL,,,N,,False,0.0,False
TK-240797,2025-03,2025Q1,A3013,Rohit Nair,Chat Frontline,VA-HP-ST2,4749.0,WTY-BUYBACK,WTY-BUYBACK,LOST-TRANSIT,delivery delayed. issued refund + replacement both,N,True,True,2440.0,False
TK-240807,2025-03,2025Q1,A3033,Vikram Banerjee,Billing,VA-NB-ARC,1169.0,DUP-PAYMENT,DUP-PAYMENT,,,N,,False,0.0,False
TK-240815,2025-03,2025Q1,A3037,Manish Iyer,Returns Desk,VA-HP-ST2,3999.0,RETURN-QC-OK,RETURN-QC-OK,,,N,,False,0.0,False
TK-240816,2025-03,2025Q1,A3037,Manish Iyer,Returns Desk,VA-SW-NX2,926.0,RETURN-QC-OK,RETURN-QC-OK,,,N,,False,0.0,False
TK-240819,2025-03,2025Q1,A3037,Manish Iyer,Returns Desk,VA-EB-PL1,2249.0,RETURN-QC-OK,RETURN-QC-OK,,,N,,False,0.0,False
TK-240825,2025-03,2025Q1,A3038,Ankit Dhillon,Returns Desk,VA-SW-NX2,6174.0,RETURN-QC-OK,RETURN-QC-OK,,,N,,False,0.0,False
TK-240826,2025-03,2025Q1,A3010,Tenzin Mathew,Chat Frontline,VA-SW-NX2,1040.0,CANCEL,CANCEL,,,N,,False,0.0,False
TK-240829,2025-03,2025Q1,A3030,Aishwarya Trivedi,Logistics,VA-HP-ST3,13998.0,GW-OTHER,LOST-TRANSIT,LOST-TRANSIT,Refund initiated as lost in transit.,Y,True,True,2990.0,True
TK-240834,2025-03,2025Q1,A3035,Dev Kulkarni,Billing,VA-SW-NX2,5199.0,GW-OTHER,DUP-PAYMENT,DUP-PAYMENT,Ticket raised for double charge.,N,False,False,0.0,True
TK-240835,2025-03,2025Q1,A3015,Sameer Jadhav,Chat Frontline,VA-HP-ST3,6299.0,GW-OTHER,DUP-PAYMENT,DUP-PAYMENT,"payment debited, no order",N,False,False,0.0,True
TK-240845,2025-03,2025Q1,A3032,Sneha Bansal,Billing,VA-SW-NX2,5199.0,GW-OTHER,DUP-PAYMENT,DUP-PAYMENT,"payment debited, no ord",N,False,False,0.0,True
TK-240853,2025-03,2025Q1,A3036,Ritika D'Souza,Returns Desk,VA-NB-ARC,1039.0,RETURN-QC-OK,RETURN-QC-OK,,,N,,False,0.0,False
TK-240856,2025-03,2025Q1,A3036,Ritika D'Souza,Returns Desk,VA-EB-AIR,1799.0,GW-OTHER,DOA-REPL,DOA-REPL,"Offered replacement, cx preferred rfnd. rfnd processed.",N,False,False,0.0,True
TK-240864,2025-03,2025Q1,A3031,Zaid Desai,Logistics,VA-HP-ST3,6999.0,DOA-REPL,DOA-REPL,GW-OTHER,Refund done and new unit sent as one-time gesture.,N,True,True,2990.0,False
TK-240868,2025-03,2025Q1,A3035,Dev Kulkarni,Billing,VA-EB-AIR,1799.0,PRICE-ADJ,PRICE-ADJ,,,N,,False,0.0,False
TK-240877,2025-03,2025Q1,A3038,Ankit Dhillon,Returns Desk,VA-SW-NX2,6499.0,RETURN-QC-OK,RETURN-QC-OK,,,N,,False,0.0,False
TK-240878,2025-03,2025Q1,A3001,Suresh Kaur,Chat Frontline,VA-HP-ST3,6649.0,DUP-PAYMENT,DUP-PAYMENT,,,N,,False,0.0,False
TK-240879,2025-03,2025Q1,A3038,Ankit Dhillon,Returns Desk,VA-SW-FIT,1799.0,GW-OTHER,UNCLEAR,UNCLEAR,Refund delay,N,False,False,0.0,True
TK-240883,2025-03,2025Q1,A3027,Priya Agarwal,Logistics,VA-EB-AIR,1619.0,DOA-REPL,DOA-REPL,LOST-TRANSIT,rfnd initiated as lost in transit. | rfnd + rplc,Y,True,True,1100.0,False
TK-240889,2025-03,2025Q1,A3036,Ritika D'Souza,Returns Desk,VA-SW-NX2,6174.0,RETURN-QC-OK,RETURN-QC-OK,,,N,,False,0.0,False
TK-240890,2025-03,2025Q1,A3033,Vikram Banerjee,Billing,VA-SW-NX1,4999.0,DUP-PAYMENT,DUP-PAYMENT,,,N,,False,0.0,False
TK-240895,2025-03,2025Q1,A3034,Tanvi Rathore,Billing,VA-EB-AIR,1799.0,PRICE-ADJ,PRICE-ADJ,,,N,,False,0.0,False
TK-240910,2025-03,2025Q1,A3019,Kavya Agarwal,Email Frontline,VA-AC-CH65,750.0,DUP-PAYMENT,DUP-PAYMENT,,,N,,False,0.0,False
TK-240915,2025-03,2025Q1,A3037,Manish Iyer,Returns Desk,VA-SP-ORB,540.0,RETURN-QC-OK,RETURN-QC-OK,,,N,,False,0.0,False
TK-240920,2025-03,2025Q1,A3034,Tanvi Rathore,Billing,VA-SW-NX2,6499.0,DUP-PAYMENT,DUP-PAYMENT,,,N,,False,0.0,False
TK-240923,2025-03,2025Q1,A3036,Ritika D'Souza,Returns Desk,VA-EB-PL1,2499.0,RETURN-QC-OK,RETURN-QC-OK,,,N,,False,0.0,False
TK-240941,2025-03,2025Q1,A3038,Ankit Dhillon,Returns Desk,VA-HP-ST2,900.0,RETURN-QC-OK,RETURN-QC-OK,,,N,,False,0.0,False
TK-240947,2025-03,2025Q1,A3017,Kabir Singh,Email Frontline,VA-SW-FIT,1599.0,CANCEL,CANCEL,,,N,,False,0.0,False
TK-240951,2025-03,2025Q1,A3034,Tanvi Rathore,Billing,VA-HP-ST2,4499.0,GW-OTHER,LOST-TRANSIT,LOST-TRANSIT,Box was crushed and the Strata 2 is cracked,N,False,False,0.0,True
TK-240953,2025-03,2025Q1,A3002,Steven Ansari,Chat Frontline,VA-HP-ST2,900.0,GW-OTHER,DUP-PAYMENT,DUP-PAYMENT,amount deducted without order,N,False,False,0.0,True
TK-240960,2025-03,2025Q1,A3030,Aishwarya Trivedi,Logistics,VA-AC-CH65,1499.0,DOA-REPL,DOA-REPL,LOST-TRANSIT,shipment not received. chk AWB w/ courier. Courier confirmed,Y,True,True,950.0,False
TK-240961,2025-03,2025Q1,A3036,Ritika D'Souza,Returns Desk,VA-NB-ARC,117.0,RETURN-QC-OK,RETURN-QC-OK,,,N,,False,0.0,False
TK-240963,2025-03,2025Q1,A3030,Aishwarya Trivedi,Logistics,VA-SW-FIT,1599.0,GW-OTHER,LOST-TRANSIT,LOST-TRANSIT,"RTO conf, reshipped. -- Cx got the amount back",Y,True,True,1190.0,True
TK-240976,2025-03,2025Q1,A3036,Ritika D'Souza,Returns Desk,VA-EB-AIR,1619.0,RETURN-QC-OK,RETURN-QC-OK,DOA-REPL,"Replacement was offered earlier by chat team, cx opted for refund",N,False,False,0.0,False
TK-240980,2025-03,2025Q1,A3037,Manish Iyer,Returns Desk,VA-SP-ORB,5399.0,GW-OTHER,RETURN-QC-OK,RETURN-QC-OK,checked reverse pickup qc status,N,False,False,0.0,True
TK-240984,2025-03,2025Q1,A3019,Kavya Agarwal,Email Frontline,VA-EB-AIR,1799.0,GW-OTHER,GW-OTHER,GW-OTHER,cx: fw update failed,N,False,False,0.0,True
TK-240987,2025-03,2025Q1,A3037,Manish Iyer,Returns Desk,VA-NB-ARC,1299.0,RETURN-QC-OK,RETURN-QC-OK,,,N,,False,0.0,False
TK-240988,2025-03,2025Q1,A3037,Manish Iyer,Returns Desk,VA-SP-MINI,2499.0,RETURN-QC-OK,RETURN-QC-OK,,,N,,False,0.0,False
TK-240992,2025-03,2025Q1,A3035,Dev Kulkarni,Billing,VA-HP-ST2,4749.0,DUP-PAYMENT,DUP-PAYMENT,,,N,,False,0.0,False
TK-241003,2025-03,2025Q1,A3035,Dev Kulkarni,Billing,VA-EB-AIR,162.0,GW-OTHER,DUP-PAYMENT,DUP-PAYMENT,amount deducted without order,N,False,False,0.0,False
TK-241026,2025-03,2025Q1,A3035,Dev Kulkarni,Billing,VA-EB-AIR,324.0,GW-OTHER,DUP-PAYMENT,DUP-PAYMENT,Ticket raised for faild ord after payment,N,False,False,0.0,False
TK-241027,2025-03,2025Q1,A3020,Aadhya Singh,Email Frontline,VA-EB-PL1,2499.0,DOA-REPL,DOA-REPL,GW-OTHER,walked through reset. esc to warranty. | issued rfnd + rplc both,Y,True,True,1460.0,False
TK-241034,2025-03,2025Q1,A3035,Dev Kulkarni,Billing,VA-EB-PL1,2374.0,DUP-PAYMENT,DUP-PAYMENT,,,N,,False,0.0,False
TK-241038,2025-03,2025Q1,A3018,Krishna Bhatt,Email Frontline,VA-SW-NX2,5849.0,GW-OTHER,PRICE-ADJ,PRICE-ADJ,cx: prmo code invalid,N,False,False,0.0,True
TK-241040,2025-03,2025Q1,A3036,Ritika D'Souza,Returns Desk,VA-EB-AIR,1799.0,RETURN-QC-OK,RETURN-QC-OK,,,N,,False,0.0,False
TK-241053,2025-03,2025Q1,A3021,Meera Mathew,Email Frontline,VA-EB-AIR,1799.0,CANCEL,CANCEL,,,N,,False,0.0,False
TK-241058,2025-03,2025Q1,A3013,Rohit Nair,Chat Frontline,VA-SW-NX2,5849.0,CANCEL,CANCEL,,,N,,False,0.0,False
TK-241059,2025-03,2025Q1,A3038,Ankit Dhillon,Returns Desk,VA-NB-ARC,1299.0,RETURN-QC-OK,RETURN-QC-OK,,,N,,False,0.0,False
TK-241062,2025-03,2025Q1,A3018,Krishna Bhatt,Email Frontline,VA-HP-ST3,6999.0,GW-OTHER,GW-OTHER,GW-OTHER,"reset done, paired ok. -- Both refund and replacement given",Y,True,True,2990.0,True
TK-241065,2025-03,2025Q1,A3034,Tanvi Rathore,Billing,VA-SW-NX2,5849.0,DUP-PAYMENT,DUP-PAYMENT,,,N,,False,0.0,False
TK-241067,2025-03,2025Q1,A3017,Kabir Singh,Email Frontline,VA-SP-MINI,2374.0,GW-OTHER,GW-OTHER,GW-OTHER,issue: incorrect product shipped... full rfnd issued & replacement dispatched,N,True,True,1320.0,True
TK-241069,2025-03,2025Q1,A3034,Tanvi Rathore,Billing,VA-SP-MINI,212.0,PRICE-ADJ,PRICE-ADJ,,,N,,False,0.0,False
TK-241071,2025-03,2025Q1,A3024,Amit Deshpande,Voice Frontline,VA-EB-AIR,1529.0,CANCEL,CANCEL,,,N,,False,0.0,False
TK-241077,2025-03,2025Q1,A3034,Tanvi Rathore,Billing,VA-SW-NX1,2124.0,DUP-PAYMENT,DUP-PAYMENT,,,N,,False,0.0,False
TK-241081,2025-03,2025Q1,A3032,Sneha Bansal,Billing,VA-EB-PL1,1999.0,DUP-PAYMENT,DUP-PAYMENT,,,N,,False,0.0,False
TK-241084,2025-03,2025Q1,A3026,Aadhya Deshpande,Voice Frontline,VA-SW-NX1,4499.0,DUP-PAYMENT,DUP-PAYMENT,,,N,,False,0.0,False
TK-241089,2025-03,2025Q1,A3036,Ritika D'Souza,Returns Desk,VA-SP-MINI,4748.0,RETURN-QC-OK,RETURN-QC-OK,UNCLEAR,Contact re refund pending,N,False,False,0.0,False
TK-241091,2025-03,2025Q1,A3036,Ritika D'Souza,Returns Desk,VA-NB-ARC,1169.0,RETURN-QC-OK,RETURN-QC-OK,,,N,,False,0.0,False
TK-241092,2025-03,2025Q1,A3036,Ritika D'Souza,Returns Desk,VA-HP-ST2,750.0,RETURN-QC-OK,RETURN-QC-OK,,,N,,False,0.0,False
TK-241093,2025-03,2025Q1,A3034,Tanvi Rathore,Billing,VA-EB-AIR,1439.0,DUP-PAYMENT,DUP-PAYMENT,,,N,,False,0.0,False
TK-241094,2025-03,2025Q1,A3034,Tanvi Rathore,Billing,VA-EB-AIR,1439.0,DUP-PAYMENT,DUP-PAYMENT,,,N,,False,0.0,False
TK-241097,2025-03,2025Q1,A3036,Ritika D'Souza,Returns Desk,VA-SW-NX1,500.0,GW-OTHER,RETURN-QC-OK,RETURN-QC-OK,Contact re reverse pickup pending,N,False,False,0.0,False
TK-241114,2025-03,2025Q1,A3038,Ankit Dhillon,Returns Desk,VA-EB-PL1,2499.0,RETURN-QC-OK,RETURN-QC-OK,,,N,,False,0.0,False
TK-241118,2025-03,2025Q1,A3034,Tanvi Rathore,Billing,VA-SP-MINI,1187.0,GW-OTHER,UNCLEAR,UNCLEAR,refund was promised 12 days ago,N,False,False,0.0,True
TK-241119,2025-03,2025Q1,A3017,Kabir Singh,Email Frontline,VA-EB-PL1,2499.0,WTY-BUYBACK,WTY-BUYBACK,GW-OTHER,"fw update, cx to monitor. | rfnd processed... rplc unit also shipped",N,True,True,1460.0,False
TK-241121,2025-03,2025Q1,A3028,Sameer Kapoor,Logistics,VA-EB-PL1,2374.0,DOA-REPL,DOA-REPL,,,N,,False,0.0,False
TK-241126,2025-03,2025Q1,A3012,Lakshmi Srivastava,Chat Frontline,VA-SW-NX1,2500.0,DOA-REPL,DOA-REPL,,,N,,False,0.0,False
TK-241130,2025-03,2025Q1,A3026,Aadhya Deshpande,Voice Frontline,VA-HP-ST3,6299.0,DOA-REPL,DOA-REPL,DOA-REPL,"Replacement declined by cx, rfnd issued instead",N,False,False,0.0,False
TK-241152,2025-03,2025Q1,A3036,Ritika D'Souza,Returns Desk,VA-SW-FIT,160.0,GW-OTHER,RETURN-QC-OK,RETURN-QC-OK,Cust contacted re refuund delay,N,False,False,0.0,False
TK-241155,2025-03,2025Q1,A3014,Anjali D'Souza,Chat Frontline,VA-SW-FIT,1599.0,GW-OTHER,CANCEL,CANCEL,Issue: ord cancellation,N,False,False,0.0,True
TK-241156,2025-03,2025Q1,A3033,Vikram Banerjee,Billing,VA-EB-AIR,1799.0,GW-OTHER,DUP-PAYMENT,DUP-PAYMENT,amount deducted without order,N,False,False,0.0,True
TK-241163,2025-03,2025Q1,A3033,Vikram Banerjee,Billing,VA-EB-AIR,1799.0,DUP-PAYMENT,DUP-PAYMENT,,,N,,False,0.0,False
TK-241213,2025-03,2025Q1,A3034,Tanvi Rathore,Billing,VA-SW-NX2,6174.0,PRICE-ADJ,PRICE-ADJ,,,N,,False,0.0,False
TK-241215,2025-03,2025Q1,A3035,Dev Kulkarni,Billing,VA-HP-ST3,6649.0,GW-OTHER,DUP-PAYMENT,DUP-PAYMENT,amount deducted without ord,N,False,False,0.0,True
TK-241220,2025-03,2025Q1,A3013,Rohit Nair,Chat Frontline,VA-HP-ST3,6649.0,GW-OTHER,DUP-PAYMENT,DUP-PAYMENT,double charge,N,False,False,0.0,True
TK-241229,2025-03,2025Q1,A3026,Aadhya Deshpande,Voice Frontline,VA-EB-AIR,1799.0,GW-OTHER,DUP-PAYMENT,DUP-PAYMENT,"paymnt debited, no ord",N,False,False,0.0,True
TK-241236,2025-03,2025Q1,A3032,Sneha Bansal,Billing,VA-HP-ST3,3500.0,GW-OTHER,RETURN-QC-OK,RETURN-QC-OK,checked reverse pickup qc status,N,False,False,0.0,True
TK-241243,2025-03,2025Q1,A3033,Vikram Banerjee,Billing,VA-EB-AIR,1799.0,GW-OTHER,DUP-PAYMENT,DUP-PAYMENT,"payment debited, no order",N,False,False,0.0,True
TK-241268,2025-03,2025Q1,A3036,Ritika D'Souza,Returns Desk,VA-SW-NX2,6499.0,RETURN-QC-OK,RETURN-QC-OK,,,N,,False,0.0,False
TK-241269,2025-03,2025Q1,A3035,Dev Kulkarni,Billing,VA-SP-ORB,5699.0,DOA-REPL,DOA-REPL,RETURN-QC-OK,Checked reverse pkp QC status... Refunded... raised rplc,Y,True,True,2640.0,False
TK-241270,2025-03,2025Q1,A3036,Ritika D'Souza,Returns Desk,VA-HP-ST3,6999.0,RETURN-QC-OK,RETURN-QC-OK,,,N,,False,0.0,False
TK-241273,2025-03,2025Q1,A3014,Anjali D'Souza,Chat Frontline,VA-EB-PL1,2249.0,GW-OTHER,UNCLEAR,UNCLEAR,rplc raised,N,False,False,0.0,True
TK-241279,2025-03,2025Q1,A3032,Sneha Bansal,Billing,VA-SW-NX2,5524.0,DUP-PAYMENT,DUP-PAYMENT,,,N,,False,0.0,False
TK-241284,2025-03,2025Q1,A3011,Rohit Gill,Chat Frontline,VA-EB-PL1,375.0,GW-OTHER,CANCEL,CANCEL,Cancelled before dispatch,N,False,False,0.0,False
TK-241292,2025-03,2025Q1,A3002,Steven Ansari,Chat Frontline,VA-EB-AIR,1799.0,GW-OTHER,GW-OTHER,GW-OTHER,fw update resolved... refunded... raised replacement,N,True,True,1100.0,True
TK-241308,2025-03,2025Q1,A3036,Ritika D'Souza,Returns Desk,VA-HP-ST3,5949.0,RETURN-QC-OK,RETURN-QC-OK,,,N,,False,0.0,False
TK-241315,2025-03,2025Q1,A3035,Dev Kulkarni,Billing,VA-SW-NX1,4499.0,GW-OTHER,DUP-PAYMENT,DUP-PAYMENT,Cx says duplicate payment,N,False,False,0.0,True
TK-241320,2025-04,2025Q2,A3027,Priya Agarwal,Logistics,VA-HP-ST2,3999.0,LOST-TRANSIT,LOST-TRANSIT,LOST-TRANSIT,Refund initiated as lost in transit,N,False,False,0.0,False
TK-241323,2025-04,2025Q2,A3036,Ritika D'Souza,Returns Desk,VA-SP-MINI,2499.0,RETURN-QC-OK,RETURN-QC-OK,,,N,,False,0.0,False
TK-241330,2025-03,2025Q1,A3035,Dev Kulkarni,Billing,VA-AC-CBL,399.0,DUP-PAYMENT,DUP-PAYMENT,,,N,,False,0.0,False
TK-241333,2025-04,2025Q2,A3002,Steven Ansari,Chat Frontline,VA-SW-NX2,6499.0,GW-OTHER,CANCEL,CANCEL,cancelled before dispatch,N,False,False,0.0,True
TK-241342,2025-04,2025Q2,A3030,Aishwarya Trivedi,Logistics,VA-SW-NX2,5199.0,GW-OTHER,LOST-TRANSIT,LOST-TRANSIT,shipment not rcvd. Raised ticket w/ courier,N,False,False,0.0,True
TK-241350,2025-04,2025Q2,A3035,Dev Kulkarni,Billing,VA-SP-MINI,2249.0,PRICE-ADJ,PRICE-ADJ,,,N,,False,0.0,False
TK-241357,2025-04,2025Q2,A3028,Sameer Kapoor,Logistics,VA-SP-MINI,337.0,DOA-REPL,DOA-REPL,,,N,,False,0.0,False
TK-241361,2025-04,2025Q2,A3020,Aadhya Singh,Email Frontline,VA-HP-ST3,5949.0,CANCEL,CANCEL,,,N,,False,0.0,False
TK-241364,2025-04,2025Q2,A3020,Aadhya Singh,Email Frontline,VA-EB-PL1,1000.0,DUP-PAYMENT,DUP-PAYMENT,,,N,,False,0.0,False
TK-241376,2025-04,2025Q2,A3033,Vikram Banerjee,Billing,VA-HP-ST3,3500.0,RETURN-QC-OK,RETURN-QC-OK,,,N,,False,0.0,False
TK-241391,2025-04,2025Q2,A3020,Aadhya Singh,Email Frontline,VA-EB-AIR,1799.0,GW-OTHER,LOST-TRANSIT,LOST-TRANSIT,shipment not rcvd. raised ticket w/ crr partner,N,False,False,0.0,True
TK-241398,2025-04,2025Q2,A3018,Krishna Bhatt,Email Frontline,VA-SP-ORB,600.0,GW-OTHER,GW-OTHER,GW-OTHER,connection dropping | advised to test... full refund,N,False,False,0.0,True
TK-241402,2025-04,2025Q2,A3009,Sukhwinder Singh,Chat Frontline,VA-SP-MINI,1999.0,CANCEL,CANCEL,,,N,,False,0.0,False
TK-241404,2025-04,2025Q2,A3001,Suresh Kaur,Chat Frontline,VA-SW-FIT,1999.0,DUP-PAYMENT,DUP-PAYMENT,,,N,,False,0.0,False
TK-241415,2025-04,2025Q2,A3036,Ritika D'Souza,Returns Desk,VA-SW-NX2,5849.0,GW-OTHER,LOST-TRANSIT,LOST-TRANSIT,pickup not done. Re-raised pickup w/ courier,N,False,False,0.0,True
TK-241421,2025-04,2025Q2,A3033,Vikram Banerjee,Billing,VA-SW-FIT,1699.0,DUP-PAYMENT,DUP-PAYMENT,,,N,,False,0.0,False
TK-241436,2025-04,2025Q2,A3036,Ritika D'Souza,Returns Desk,VA-NB-ARC,1104.0,RETURN-QC-OK,RETURN-QC-OK,,,N,,False,0.0,False
TK-241437,2025-04,2025Q2,A3017,Kabir Singh,Email Frontline,VA-SP-ORB,5399.0,CANCEL,CANCEL,,,N,,False,0.0,False
TK-241445,2025-04,2025Q2,A3037,Manish Iyer,Returns Desk,VA-SW-NX2,5524.0,RETURN-QC-OK,RETURN-QC-OK,,,N,,False,0.0,False
TK-241452,2025-04,2025Q2,A3044,Arjun Kumar,Escalations & Warranty,VA-SW-NX2,5199.0,WTY-BUYBACK,WTY-BUYBACK,GW-OTHER,Refunded Rs 5199 and also raised replacement,N,True,True,2790.0,False
TK-241466,2025-04,2025Q2,A3022,Daniel Arora,Email Frontline,VA-EB-PL1,2249.0,WTY-BUYBACK,WTY-BUYBACK,GW-OTHER,Confirmed FW 1.4.1. Replacement raised... refund + rplc,Y,True,True,1460.0,False
TK-241468,2025-04,2025Q2,A3011,Rohit Gill,Chat Frontline,VA-SP-MINI,2374.0,CANCEL,CANCEL,,,N,,False,0.0,False
TK-241475,2025-04,2025Q2,A3028,Sameer Kapoor,Logistics,VA-EB-PL1,2374.0,WTY-BUYBACK,WTY-BUYBACK,LOST-TRANSIT,"ord not delivered... rto confirmed, reshipped. -- refund + rplc",Y,True,True,1460.0,False
TK-241476,2025-04,2025Q2,A3030,Aishwarya Trivedi,Logistics,VA-SW-NX2,6499.0,GW-OTHER,LOST-TRANSIT,LOST-TRANSIT,"transit damage. Photos received, damage confirmed. Full rfnd",N,False,False,0.0,True
TK-241477,2025-04,2025Q2,A3030,Aishwarya Trivedi,Logistics,VA-EB-PL1,800.0,CANCEL,CANCEL,,,N,,False,0.0,False
TK-241493,2025-04,2025Q2,A3036,Ritika D'Souza,Returns Desk,VA-HP-ST3,5599.0,RETURN-QC-OK,RETURN-QC-OK,,,N,,False,0.0,False
TK-241507,2025-04,2025Q2,A3036,Ritika D'Souza,Returns Desk,VA-EB-PL1,3998.0,RETURN-QC-OK,RETURN-QC-OK,,,N,,False,0.0,False
TK-241529,2025-04,2025Q2,A3038,Ankit Dhillon,Returns Desk,VA-EB-AIR,1799.0,RETURN-QC-OK,RETURN-QC-OK,,,N,,False,0.0,False
TK-241540,2025-04,2025Q2,A3038,Ankit Dhillon,Returns Desk,VA-EB-PL1,2249.0,GW-OTHER,RETURN-QC-OK,RETURN-QC-OK,Checked reverse pkp QC status,N,False,False,0.0,True
TK-241558,2025-04,2025Q2,A3033,Vikram Banerjee,Billing,VA-HP-ST3,1400.0,CANCEL,CANCEL,,,N,,False,0.0,False
TK-241559,2025-04,2025Q2,A3031,Zaid Desai,Logistics,VA-SW-FIT,800.0,GW-OTHER,LOST-TRANSIT,LOST-TRANSIT,"damaged in transit. Photos received, damage confirmed.",N,False,False,0.0,True
TK-241568,2025-04,2025Q2,A3038,Ankit Dhillon,Returns Desk,VA-HP-ST3,1190.0,RETURN-QC-OK,RETURN-QC-OK,RETURN-QC-OK,Checked reverse pickup QC status,N,False,False,0.0,False
TK-241575,2025-04,2025Q2,A3037,Manish Iyer,Returns Desk,VA-EB-PL1,1999.0,GW-OTHER,GW-OTHER,GW-OTHER,rfnd processed without pickup as goodwill... new unit sent,Y,True,True,1460.0,True
TK-241634,2025-04,2025Q2,A3030,Aishwarya Trivedi,Logistics,VA-EB-AIR,1439.0,RETURN-QC-OK,RETURN-QC-OK,LOST-TRANSIT,Contact re pkp missed. Re-raised pkp with crr.,N,False,False,0.0,False
TK-241644,2025-04,2025Q2,A3028,Sameer Kapoor,Logistics,VA-EB-PL1,500.0,RETURN-QC-OK,RETURN-QC-OK,,,N,,False,0.0,False
TK-241646,2025-04,2025Q2,A3034,Tanvi Rathore,Billing,VA-AC-CBL,379.0,DUP-PAYMENT,DUP-PAYMENT,,,N,,False,0.0,False
TK-241671,2025-04,2025Q2,A3036,Ritika D'Souza,Returns Desk,VA-EB-PL1,1124.0,RETURN-QC-OK,RETURN-QC-OK,RETURN-QC-OK,Checked reverse pickup QC status,N,False,False,0.0,False
TK-241675,2025-04,2025Q2,A3005,Payal Bhatia,Chat Frontline,VA-EB-AIR,1799.0,GW-OTHER,GW-OTHER,GW-OTHER,Re-pair successful... Amount returned... fresh unit shipped,N,True,True,1100.0,True
TK-241676,2025-04,2025Q2,A3036,Ritika D'Souza,Returns Desk,VA-SW-NX2,1300.0,GW-OTHER,RETURN-QC-OK,RETURN-QC-OK,checked reverse pickup qc sttaus -> refund approved,N,False,False,0.0,True
TK-241686,2025-04,2025Q2,A3037,Manish Iyer,Returns Desk,VA-SW-NX2,6174.0,GW-OTHER,UNCLEAR,UNCLEAR,refund not received yet,N,False,False,0.0,True
TK-241688,2025-04,2025Q2,A3013,Rohit Nair,Chat Frontline,VA-EB-AIR,1799.0,DOA-REPL,DOA-REPL,GW-OTHER,"advised fw update... resolved... credited full amount, new unit also going out",Y,True,True,1100.0,False
TK-241690,2025-04,2025Q2,A3037,Manish Iyer,Returns Desk,VA-EB-AIR,216.0,GW-OTHER,RETURN-QC-OK,RETURN-QC-OK,refund not credited. chk refund status on pg.,N,False,False,0.0,False
TK-241703,2025-04,2025Q2,A3035,Dev Kulkarni,Billing,VA-HP-ST3,13298.0,DUP-PAYMENT,DUP-PAYMENT,,,N,,False,0.0,False
TK-241705,2025-04,2025Q2,A3036,Ritika D'Souza,Returns Desk,VA-EB-AIR,1709.0,GW-OTHER,RETURN-QC-OK,RETURN-QC-OK,pkp not done. Re-raised pkp,N,False,False,0.0,True
TK-241708,2025-04,2025Q2,A3001,Suresh Kaur,Chat Frontline,VA-AC-CBL,200.0,DUP-PAYMENT,DUP-PAYMENT,,,N,,False,0.0,False
TK-241711,2025-04,2025Q2,A3033,Vikram Banerjee,Billing,VA-HP-ST3,6299.0,GW-OTHER,DUP-PAYMENT,DUP-PAYMENT,duplicate payment... checked pg for duplicate txn,N,False,False,0.0,True
TK-241714,2025-04,2025Q2,A3006,Varun Bhatt,Chat Frontline,VA-SW-NX1,475.0,CANCEL,CANCEL,,,N,,False,0.0,False
TK-241721,2025-04,2025Q2,A3035,Dev Kulkarni,Billing,VA-AC-CH65,1349.0,CANCEL,CANCEL,,,N,,False,0.0,False
TK-241723,2025-04,2025Q2,A3035,Dev Kulkarni,Billing,VA-EB-AIR,1799.0,PRICE-ADJ,PRICE-ADJ,,,N,,False,0.0,False
TK-241724,2025-04,2025Q2,A3017,Kabir Singh,Email Frontline,VA-EB-PL1,2499.0,RETURN-QC-OK,RETURN-QC-OK,,,N,,False,0.0,False
TK-241726,2025-04,2025Q2,A3037,Manish Iyer,Returns Desk,VA-EB-AIR,1529.0,RETURN-QC-OK,RETURN-QC-OK,,,N,,False,0.0,False
TK-241735,2025-04,2025Q2,A3034,Tanvi Rathore,Billing,VA-SW-FIT,3998.0,GW-OTHER,RETURN-QC-OK,RETURN-QC-OK,where is the money for the return,N,False,False,0.0,True
TK-241749,2025-04,2025Q2,A3026,Aadhya Deshpande,Voice Frontline,VA-EB-PL1,2249.0,GW-OTHER,DOA-REPL,DOA-REPL,walked through reset -> full rfnd processed... rfnd only,N,False,False,0.0,True
TK-241755,2025-05,2025Q2,A3039,Reyansh Mishra,Escalations & Warranty,VA-SW-NX2,5524.0,GW-OTHER,GW-OTHER,GW-OTHER,"replacement raised... cx got the amount back, also sending a new set",N,True,True,2790.0,True
TK-241768,2025-04,2025Q2,A3036,Ritika D'Souza,Returns Desk,VA-EB-AIR,1799.0,GW-OTHER,RETURN-QC-OK,RETURN-QC-OK,Contaact re refund not credited. chk refund status on PG.,N,False,False,0.0,True
TK-241775,2025-04,2025Q2,A3035,Dev Kulkarni,Billing,VA-SP-MINI,750.0,GW-OTHER,RETURN-QC-OK,RETURN-QC-OK,rfnd pending. chk rfnd status on PG.,N,False,False,0.0,True
TK-241779,2025-04,2025Q2,A3036,Ritika D'Souza,Returns Desk,VA-EB-PL1,500.0,RETURN-QC-OK,RETURN-QC-OK,,,N,,False,0.0,False
TK-241786,2025-04,2025Q2,A3036,Ritika D'Souza,Returns Desk,VA-SP-ORB,5999.0,DUP-PAYMENT,DUP-PAYMENT,,,N,,False,0.0,False
TK-241788,2025-04,2025Q2,A3033,Vikram Banerjee,Billing,VA-SP-ORB,5699.0,GW-OTHER,RETURN-QC-OK,RETURN-QC-OK,checked reverse pkp qc status,N,True,True,2640.0,True
TK-241789,2025-04,2025Q2,A3007,Abhishek Gupta,Chat Frontline,VA-HP-ST2,4249.0,CANCEL,CANCEL,,,N,,False,0.0,False
TK-241790,2025-04,2025Q2,A3033,Vikram Banerjee,Billing,VA-SP-MINI,2374.0,PRICE-ADJ,PRICE-ADJ,,,N,,False,0.0,False
TK-241796,2025-04,2025Q2,A3018,Krishna Bhatt,Email Frontline,VA-EB-AIR,1439.0,GW-OTHER,CANCEL,CANCEL,Cancelled before dispatch,N,False,False,0.0,True
TK-241800,2025-04,2025Q2,A3026,Aadhya Deshpande,Voice Frontline,VA-SW-NX2,5199.0,WTY-BUYBACK,WTY-BUYBACK,DOA-REPL,"Offered rplc, cx preferred rfnd",N,False,False,0.0,False
TK-241806,2025-04,2025Q2,A3016,Thomas Kumar,Email Frontline,VA-EB-AIR,3598.0,DOA-REPL,DOA-REPL,,,Y,,True,1100.0,False
TK-241819,2025-04,2025Q2,A3038,Ankit Dhillon,Returns Desk,VA-HP-ST3,6999.0,RETURN-QC-OK,RETURN-QC-OK,RETURN-QC-OK,Checked reverse pkp QC status,N,False,False,0.0,False
TK-241823,2025-04,2025Q2,A3036,Ritika D'Souza,Returns Desk,VA-EB-PL1,375.0,RETURN-QC-OK,RETURN-QC-OK,,,N,,False,0.0,False
TK-241826,2025-04,2025Q2,A3038,Ankit Dhillon,Returns Desk,VA-EB-PL1,2124.0,GW-OTHER,RETURN-QC-OK,RETURN-QC-OK,Refund pending,N,False,False,0.0,True
TK-241832,2025-04,2025Q2,A3035,Dev Kulkarni,Billing,VA-HP-ST3,5599.0,GW-OTHER,DUP-PAYMENT,DUP-PAYMENT,double paymeent deducted,N,False,False,0.0,True
TK-241845,2025-04,2025Q2,A3038,Ankit Dhillon,Returns Desk,VA-HP-ST3,6999.0,GW-OTHER,RETURN-QC-OK,RETURN-QC-OK,pkp missed,N,False,False,0.0,True
TK-241851,2025-05,2025Q2,A3038,Ankit Dhillon,Returns Desk,VA-SW-FIT,1699.0,GW-OTHER,WTY-BUYBACK,WTY-BUYBACK,"Repair completed, shipped back. Amount returned",N,True,True,1190.0,True
TK-241857,2025-04,2025Q2,A3014,Anjali D'Souza,Chat Frontline,VA-SW-NX2,6499.0,GW-OTHER,CANCEL,CANCEL,cancellation request,N,False,False,0.0,True
TK-241863,2025-04,2025Q2,A3029,Rajat Mukherjee,Logistics,VA-HP-ST3,5949.0,GW-OTHER,RETURN-QC-OK,RETURN-QC-OK,reverse pickup pending,N,False,False,0.0,True
TK-241868,2025-04,2025Q2,A3032,Sneha Bansal,Billing,VA-EB-AIR,144.0,DUP-PAYMENT,DUP-PAYMENT,,,N,,False,0.0,False
TK-241869,2025-04,2025Q2,A3034,Tanvi Rathore,Billing,VA-SW-NX2,6499.0,DUP-PAYMENT,DUP-PAYMENT,,,N,,False,0.0,False
TK-241872,2025-04,2025Q2,A3038,Ankit Dhillon,Returns Desk,VA-EB-PL1,1999.0,RETURN-QC-OK,RETURN-QC-OK,,,N,,False,0.0,False
TK-241876,2025-04,2025Q2,A3033,Vikram Banerjee,Billing,VA-SP-MINI,2249.0,GW-OTHER,DUP-PAYMENT,DUP-PAYMENT,payment was deducted but no order,N,False,False,0.0,True
TK-241881,2025-04,2025Q2,A3033,Vikram Banerjee,Billing,VA-SP-MINI,212.0,GW-OTHER,DUP-PAYMENT,DUP-PAYMENT,"payment debited, no order",N,False,False,0.0,False
TK-241883,2025-04,2025Q2,A3026,Aadhya Deshpande,Voice Frontline,VA-SW-NX1,8998.0,GW-OTHER,GW-OTHER,GW-OTHER,battery draining fast | adv disabling anc/aod,N,False,False,0.0,True
TK-241885,2025-04,2025Q2,A3034,Tanvi Rathore,Billing,VA-SW-NX2,6499.0,DUP-PAYMENT,DUP-PAYMENT,,,N,,False,0.0,False
TK-241897,2025-04,2025Q2,A3018,Krishna Bhatt,Email Frontline,VA-EB-PL1,2249.0,GW-OTHER,GW-OTHER,GW-OTHER,Refund done and new unit sent as one-time,Y,True,True,1460.0,True
TK-241903,2025-04,2025Q2,A3035,Dev Kulkarni,Billing,VA-HP-ST3,3500.0,PRICE-ADJ,PRICE-ADJ,,,N,,False,0.0,False
TK-241904,2025-05,2025Q2,A3028,Sameer Kapoor,Logistics,VA-SW-NX1,4999.0,DOA-REPL,DOA-REPL,,,N,,False,0.0,False
TK-241920,2025-05,2025Q2,A3036,Ritika D'Souza,Returns Desk,VA-SP-ORB,5999.0,GW-OTHER,RETURN-QC-OK,RETURN-QC-OK,"Replacement declined by cx, refund issued instead",N,False,False,0.0,True
TK-241927,2025-05,2025Q2,A3017,Kabir Singh,Email Frontline,VA-SW-FIT,1699.0,GW-OTHER,DUP-PAYMENT,DUP-PAYMENT,charged twice for one order,N,False,False,0.0,True
TK-241932,2025-05,2025Q2,A3035,Dev Kulkarni,Billing,VA-SW-NX1,1000.0,GW-OTHER,DUP-PAYMENT,DUP-PAYMENT,charged tice for one order,N,False,False,0.0,True
TK-241934,2025-05,2025Q2,A3036,Ritika D'Souza,Returns Desk,VA-HP-ST3,1400.0,GW-OTHER,RETURN-QC-OK,RETURN-QC-OK,chk reverse pickup QC status,N,False,False,0.0,True
TK-241935,2025-05,2025Q2,A3014,Anjali D'Souza,Chat Frontline,VA-HP-ST2,4749.0,CANCEL,CANCEL,,,N,,False,0.0,False
TK-241939,2025-05,2025Q2,A3035,Dev Kulkarni,Billing,VA-EB-PL1,2499.0,DUP-PAYMENT,DUP-PAYMENT,,,N,,False,0.0,False
TK-241942,2025-05,2025Q2,A3017,Kabir Singh,Email Frontline,VA-SW-FIT,1999.0,GW-OTHER,RETURN-QC-OK,RETURN-QC-OK,cx states refund delay,N,False,False,0.0,True
TK-241943,2025-05,2025Q2,A3036,Ritika D'Souza,Returns Desk,VA-EB-AIR,270.0,GW-OTHER,UNCLEAR,UNCLEAR,refund delay,N,False,False,0.0,False
TK-241945,2025-05,2025Q2,A3028,Sameer Kapoor,Logistics,VA-NB-ARC,1299.0,CANCEL,CANCEL,,,N,,False,0.0,False
TK-241951,2025-05,2025Q2,A3037,Manish Iyer,Returns Desk,VA-SW-NX2,5524.0,RETURN-QC-OK,RETURN-QC-OK,,,N,,False,0.0,False
TK-241962,2025-05,2025Q2,A3015,Sameer Jadhav,Chat Frontline,VA-AC-CH65,750.0,GW-OTHER,CANCEL,CANCEL,Issue: cancel order,N,False,False,0.0,True
TK-241993,2025-05,2025Q2,A3033,Vikram Banerjee,Billing,VA-SW-FIT,340.0,GW-OTHER,DUP-PAYMENT,DUP-PAYMENT,amount deducted without order,N,False,False,0.0,False
TK-242001,2025-05,2025Q2,A3037,Manish Iyer,Returns Desk,VA-EB-PL1,1999.0,GW-OTHER,RETURN-QC-OK,RETURN-QC-OK,You picked up the item 5 days ago and my money hasn't come back,N,False,False,0.0,True
TK-242006,2025-05,2025Q2,A3032,Sneha Bansal,Billing,VA-HP-ST3,5599.0,PRICE-ADJ,PRICE-ADJ,,,N,,False,0.0,False
TK-242013,2025-05,2025Q2,A3036,Ritika D'Souza,Returns Desk,VA-SW-NX2,5849.0,RETURN-QC-OK,RETURN-QC-OK,,,N,,False,0.0,False
TK-242020,2025-05,2025Q2,A3027,Priya Agarwal,Logistics,VA-SP-ORB,5399.0,WTY-BUYBACK,WTY-BUYBACK,LOST-TRANSIT,Refunded Rs 5399 and also raised replacement,Y,True,True,2640.0,False
TK-242021,2025-05,2025Q2,A3031,Zaid Desai,Logistics,VA-SW-NX2,780.0,LOST-TRANSIT,LOST-TRANSIT,,,N,,False,0.0,False
TK-242025,2025-05,2025Q2,A3011,Rohit Gill,Chat Frontline,VA-SW-NX2,1170.0,GW-OTHER,CANCEL,CANCEL,Cancelled before dispatch,N,False,False,0.0,True
TK-242030,2025-05,2025Q2,A3026,Aadhya Deshpande,Voice Frontline,VA-SW-FIT,1599.0,WTY-BUYBACK,WTY-BUYBACK,,,Y,,True,1190.0,False
TK-242047,2025-05,2025Q2,A3037,Manish Iyer,Returns Desk,VA-SP-MINI,1999.0,GW-OTHER,DOA-REPL,DOA-REPL,"offered replacement, cx preferred refund. refund processed",N,False,False,0.0,True
TK-242050,2025-05,2025Q2,A3035,Dev Kulkarni,Billing,VA-AC-CH65,150.0,DUP-PAYMENT,DUP-PAYMENT,,,N,,False,0.0,False
TK-242052,2025-05,2025Q2,A3005,Payal Bhatia,Chat Frontline,VA-NB-ARC,1299.0,DOA-REPL,DOA-REPL,GW-OTHER,Refund done & new unit sent as one-time gesture,N,True,True,880.0,False
TK-242055,2025-05,2025Q2,A3035,Dev Kulkarni,Billing,VA-HP-ST3,6999.0,GW-OTHER,GW-OTHER,GW-OTHER,Both rfnd & rplc given as cx threatened social media,N,True,True,2990.0,True
TK-242056,2025-05,2025Q2,A3033,Vikram Banerjee,Billing,VA-EB-PL1,2249.0,PRICE-ADJ,PRICE-ADJ,,,N,,False,0.0,False
TK-242061,2025-05,2025Q2,A3036,Ritika D'Souza,Returns Desk,VA-HP-ST3,3500.0,RETURN-QC-OK,RETURN-QC-OK,,,N,,False,0.0,False
TK-242067,2025-05,2025Q2,A3026,Aadhya Deshpande,Voice Frontline,VA-SW-NX2,585.0,CANCEL,CANCEL,,,N,,False,0.0,False
TK-242080,2025-05,2025Q2,A3035,Dev Kulkarni,Billing,VA-NB-ARC,1104.0,GW-OTHER,DUP-PAYMENT,DUP-PAYMENT,Cx says duplicate payment,N,False,False,0.0,True
TK-242100,2025-05,2025Q2,A3028,Sameer Kapoor,Logistics,VA-SP-ORB,720.0,GW-OTHER,LOST-TRANSIT,LOST-TRANSIT,unit received damaged,N,False,False,0.0,True
TK-242101,2025-05,2025Q2,A3032,Sneha Bansal,Billing,VA-SP-MINI,450.0,GW-OTHER,PRICE-ADJ,PRICE-ADJ,discount not applied,N,False,False,0.0,False
TK-242105,2025-05,2025Q2,A3007,Abhishek Gupta,Chat Frontline,VA-EB-PL1,375.0,CANCEL,CANCEL,,,N,,False,0.0,False
TK-242112,2025-05,2025Q2,A3032,Sneha Bansal,Billing,VA-SW-NX2,975.0,GW-OTHER,CANCEL,CANCEL,cancelled before dispatch,N,False,False,0.0,True
TK-242117,2025-05,2025Q2,A3035,Dev Kulkarni,Billing,VA-SP-MINI,2249.0,GW-OTHER,CANCEL,CANCEL,Cancelled before dispatch,N,False,False,0.0,True
TK-242121,2025-05,2025Q2,A3043,Nikhil Gupta,Escalations & Warranty,VA-SW-NX2,1300.0,GW-OTHER,UNCLEAR,UNCLEAR,resolved on call,N,False,False,0.0,True
TK-242127,2025-05,2025Q2,A3037,Manish Iyer,Returns Desk,VA-HP-ST2,3999.0,RETURN-QC-OK,RETURN-QC-OK,,,N,,False,0.0,False
TK-242130,2025-05,2025Q2,A3030,Aishwarya Trivedi,Logistics,VA-HP-ST2,8998.0,GW-OTHER,GW-OTHER,GW-OTHER,replacement unit also shipped,N,True,True,2440.0,True
TK-242131,2025-05,2025Q2,A3029,Rajat Mukherjee,Logistics,VA-AC-CBL,120.0,GW-OTHER,LOST-TRANSIT,LOST-TRANSIT,"transit damage. photos received, damage confirmed",N,False,False,0.0,False
TK-242134,2025-05,2025Q2,A3008,Meera Malhotra,Chat Frontline,VA-SW-NX2,6174.0,CANCEL,CANCEL,CANCEL,Cancelled before dispatch,N,False,False,0.0,False
TK-242158,2025-05,2025Q2,A3030,Aishwarya Trivedi,Logistics,VA-AC-CH65,2998.0,GW-OTHER,LOST-TRANSIT,LOST-TRANSIT,order not delivered... Processed FR & raised RMA for new set,Y,True,True,950.0,True
TK-242166,2025-05,2025Q2,A3023,Ritika Gaikwad,Voice Frontline,VA-HP-ST3,3324.0,CANCEL,CANCEL,,,N,,False,0.0,False
TK-242168,2025-05,2025Q2,A3037,Manish Iyer,Returns Desk,VA-SW-NX2,617.0,RETURN-QC-OK,RETURN-QC-OK,,,N,,False,0.0,False
TK-242174,2025-05,2025Q2,A3035,Dev Kulkarni,Billing,VA-HP-ST3,3500.0,GW-OTHER,DUP-PAYMENT,DUP-PAYMENT,amount deducted without ord. cnf w/ payment gateway,N,False,False,0.0,True
TK-242180,2025-05,2025Q2,A3037,Manish Iyer,Returns Desk,VA-AC-CH65,240.0,RETURN-QC-OK,RETURN-QC-OK,RETURN-QC-OK,checked reverse pickup qc status,N,False,False,0.0,False
TK-242182,2025-05,2025Q2,A3038,Ankit Dhillon,Returns Desk,VA-EB-PL1,250.0,RETURN-QC-OK,RETURN-QC-OK,,,N,,False,0.0,False
TK-242190,2025-05,2025Q2,A3026,Aadhya Deshpande,Voice Frontline,VA-SW-FIT,285.0,DUP-PAYMENT,DUP-PAYMENT,,,N,,False,0.0,False
TK-242191,2025-05,2025Q2,A3030,Aishwarya Trivedi,Logistics,VA-SP-MINI,2499.0,GW-OTHER,LOST-TRANSIT,LOST-TRANSIT,package not delivered even after 9 days,N,False,False,0.0,True
TK-242210,2025-05,2025Q2,A3026,Aadhya Deshpande,Voice Frontline,VA-EB-PL1,2499.0,CANCEL,CANCEL,,,N,,False,0.0,False
TK-242222,2025-05,2025Q2,A3020,Aadhya Singh,Email Frontline,VA-HP-ST3,630.0,GW-OTHER,PRICE-ADJ,PRICE-ADJ,coupon code not working,N,False,False,0.0,True
TK-242223,2025-05,2025Q2,A3034,Tanvi Rathore,Billing,VA-SW-NX2,6499.0,GW-OTHER,DUP-PAYMENT,DUP-PAYMENT,"amount deducted, no order confirmation",N,False,False,0.0,True
TK-242232,2025-05,2025Q2,A3012,Lakshmi Srivastava,Chat Frontline,VA-SW-FIT,1999.0,WTY-BUYBACK,WTY-BUYBACK,,,N,,False,0.0,False
TK-242243,2025-05,2025Q2,A3038,Ankit Dhillon,Returns Desk,VA-SW-NX2,780.0,RETURN-QC-OK,RETURN-QC-OK,,,N,,False,0.0,False
TK-242249,2025-05,2025Q2,A3034,Tanvi Rathore,Billing,VA-EB-AIR,1529.0,GW-OTHER,UNCLEAR,UNCLEAR,cx ok (sop 5.4),N,False,False,0.0,True
TK-242251,2025-05,2025Q2,A3018,Krishna Bhatt,Email Frontline,VA-SP-ORB,5699.0,GW-OTHER,GW-OTHER,GW-OTHER,reset resolved,N,False,False,0.0,True
TK-242253,2025-05,2025Q2,A3012,Lakshmi Srivastava,Chat Frontline,VA-EB-AIR,1529.0,GW-OTHER,GW-OTHER,GW-OTHER,refunded rs 1529 and also raised replacement,N,True,True,1100.0,True
TK-242254,2025-05,2025Q2,A3035,Dev Kulkarni,Billing,VA-HP-ST2,800.0,DUP-PAYMENT,DUP-PAYMENT,,,N,,False,0.0,False
TK-242266,2025-05,2025Q2,A3014,Anjali D'Souza,Chat Frontline,VA-AC-CBL,160.0,GW-OTHER,CANCEL,CANCEL,cancelled bfore dispatch -> full rfnd processed,N,False,False,0.0,False
TK-242270,2025-05,2025Q2,A3036,Ritika D'Souza,Returns Desk,VA-HP-ST3,6999.0,GW-OTHER,RETURN-QC-OK,RETURN-QC-OK,Cx reported refund delay,N,False,False,0.0,True
TK-242277,2025-05,2025Q2,A3037,Manish Iyer,Returns Desk,VA-SW-NX1,4999.0,GW-OTHER,RETURN-QC-OK,RETURN-QC-OK,chk reverse pkp qc status,N,False,False,0.0,True
TK-242280,2025-05,2025Q2,A3037,Manish Iyer,Returns Desk,VA-HP-ST2,500.0,RETURN-QC-OK,RETURN-QC-OK,,,N,,False,0.0,False
TK-242298,2025-05,2025Q2,A3038,Ankit Dhillon,Returns Desk,VA-AC-CBL,319.0,RETURN-QC-OK,RETURN-QC-OK,,,N,,False,0.0,False
TK-242302,2025-05,2025Q2,A3034,Tanvi Rathore,Billing,VA-AC-CH65,1274.0,GW-OTHER,DUP-PAYMENT,DUP-PAYMENT,double payment deducted,N,False,False,0.0,True
TK-242307,2025-05,2025Q2,A3036,Ritika D'Souza,Returns Desk,VA-EB-AIR,810.0,RETURN-QC-OK,RETURN-QC-OK,,,N,,False,0.0,False
TK-242308,2025-05,2025Q2,A3036,Ritika D'Souza,Returns Desk,VA-SP-ORB,1080.0,RETURN-QC-OK,RETURN-QC-OK,,,N,,False,0.0,False
TK-242310,2025-05,2025Q2,A3036,Ritika D'Souza,Returns Desk,VA-EB-PL1,319.0,GW-OTHER,RETURN-QC-OK,RETURN-QC-OK,Ticket raised for reverse pickup pending,N,False,False,0.0,False
TK-242313,2025-05,2025Q2,A3035,Dev Kulkarni,Billing,VA-HP-ST3,5949.0,PRICE-ADJ,PRICE-ADJ,,,N,,False,0.0,False
TK-242321,2025-05,2025Q2,A3028,Sameer Kapoor,Logistics,VA-SW-NX2,6499.0,WTY-BUYBACK,WTY-BUYBACK,,,Y,,True,2790.0,False
TK-242322,2025-05,2025Q2,A3026,Aadhya Deshpande,Voice Frontline,VA-HP-ST3,560.0,CANCEL,CANCEL,,,N,,False,0.0,False
TK-242332,2025-05,2025Q2,A3006,Varun Bhatt,Chat Frontline,VA-EB-PL1,2499.0,GW-OTHER,GW-OTHER,GW-OTHER,refund done and new unit sent as one-time gesture,Y,True,True,1460.0,True
TK-242356,2025-05,2025Q2,A3033,Vikram Banerjee,Billing,VA-AC-CBL,64.0,GW-OTHER,DUP-PAYMENT,DUP-PAYMENT,amount deducted without order,N,False,False,0.0,False
TK-242358,2025-05,2025Q2,A3037,Manish Iyer,Returns Desk,VA-SW-FIT,800.0,GW-OTHER,UNCLEAR,UNCLEAR,resolved on call,N,False,False,0.0,True
TK-242360,2025-05,2025Q2,A3034,Tanvi Rathore,Billing,VA-SW-NX2,5849.0,DUP-PAYMENT,DUP-PAYMENT,,,N,,False,0.0,False
TK-242362,2025-05,2025Q2,A3026,Aadhya Deshpande,Voice Frontline,VA-SW-NX2,6174.0,CANCEL,CANCEL,,,N,,False,0.0,False
TK-242364,2025-05,2025Q2,A3035,Dev Kulkarni,Billing,VA-SP-MINI,475.0,PRICE-ADJ,PRICE-ADJ,,,N,,False,0.0,False
TK-242380,2025-05,2025Q2,A3030,Aishwarya Trivedi,Logistics,VA-EB-PL1,2499.0,GW-OTHER,GW-OTHER,GW-OTHER,Cx says incorrect product shipped,N,False,False,0.0,True
TK-242382,2025-05,2025Q2,A3030,Aishwarya Trivedi,Logistics,VA-EB-AIR,1799.0,RETURN-QC-OK,RETURN-QC-OK,,,N,,False,0.0,False
TK-242403,2025-05,2025Q2,A3032,Sneha Bansal,Billing,VA-SP-MINI,2374.0,RETURN-QC-OK,RETURN-QC-OK,RETURN-QC-OK,you picked up the item 5 days ago,N,False,False,0.0,False
TK-242405,2025-05,2025Q2,A3030,Aishwarya Trivedi,Logistics,VA-SW-FIT,400.0,DOA-REPL,DOA-REPL,LOST-TRANSIT,cx states transit damage,N,False,False,0.0,False
TK-242411,2025-05,2025Q2,A3032,Sneha Bansal,Billing,VA-SP-MINI,1999.0,PRICE-ADJ,PRICE-ADJ,,,N,,False,0.0,False
TK-242418,2025-05,2025Q2,A3035,Dev Kulkarni,Billing,VA-HP-ST3,5949.0,GW-OTHER,PRICE-ADJ,PRICE-ADJ,cx states discount not applied,N,False,False,0.0,True
TK-242429,2025-05,2025Q2,A3030,Aishwarya Trivedi,Logistics,VA-SW-FIT,1799.0,CANCEL,CANCEL,,,N,,False,0.0,False
TK-242437,2025-05,2025Q2,A3023,Ritika Gaikwad,Voice Frontline,VA-SW-FIT,1999.0,DUP-PAYMENT,DUP-PAYMENT,,,N,,False,0.0,False
TK-242439,2025-06,2025Q2,A3039,Reyansh Mishra,Escalations & Warranty,VA-SW-FIT,1899.0,WTY-BUYBACK,WTY-BUYBACK,GW-OTHER,hard reset resolved. -- refunded rs 1899 and also raised replacement,N,True,True,1190.0,False
TK-242440,2025-05,2025Q2,A3038,Ankit Dhillon,Returns Desk,VA-SW-NX2,5849.0,RETURN-QC-OK,RETURN-QC-OK,,,N,,False,0.0,False
TK-242441,2025-05,2025Q2,A3001,Suresh Kaur,Chat Frontline,VA-EB-AIR,1439.0,WTY-BUYBACK,WTY-BUYBACK,GW-OTHER,replacement raised. | refund + rplc,N,True,True,1100.0,False
TK-242450,2025-05,2025Q2,A3008,Meera Malhotra,Chat Frontline,VA-SW-NX2,5199.0,DUP-PAYMENT,DUP-PAYMENT,,,N,,False,0.0,False
TK-242471,2025-05,2025Q2,A3035,Dev Kulkarni,Billing,VA-HP-ST3,6999.0,PRICE-ADJ,PRICE-ADJ,,,N,,False,0.0,False
TK-242500,2025-05,2025Q2,A3022,Daniel Arora,Email Frontline,VA-SW-NX2,3087.0,RETURN-QC-OK,RETURN-QC-OK,,,N,,False,0.0,False
TK-242509,2025-06,2025Q2,A3023,Ritika Gaikwad,Voice Frontline,VA-SW-NX2,1300.0,CANCEL,CANCEL,,,N,,False,0.0,False
TK-242510,2025-06,2025Q2,A3028,Sameer Kapoor,Logistics,VA-SW-NX2,5849.0,GW-OTHER,LOST-TRANSIT,LOST-TRANSIT,"order not delivered, tracking not updating",N,False,False,0.0,True
TK-242512,2025-06,2025Q2,A3030,Aishwarya Trivedi,Logistics,VA-SW-NX2,10398.0,WTY-BUYBACK,WTY-BUYBACK,GW-OTHER,Refund done and new unit sent as one-time gesture,N,True,True,2790.0,False
TK-242519,2025-06,2025Q2,A3037,Manish Iyer,Returns Desk,VA-SW-FIT,1999.0,GW-OTHER,RETURN-QC-OK,RETURN-QC-OK,app said pickup today,N,False,False,0.0,True
TK-242520,2025-06,2025Q2,A3038,Ankit Dhillon,Returns Desk,VA-SP-MINI,375.0,GW-OTHER,RETURN-QC-OK,RETURN-QC-OK,You picked up the item 18 days ago,N,False,False,0.0,False
TK-242521,2025-06,2025Q2,A3037,Manish Iyer,Returns Desk,VA-AC-CH65,1424.0,RETURN-QC-OK,RETURN-QC-OK,,,N,,False,0.0,False
TK-242522,2025-06,2025Q2,A3038,Ankit Dhillon,Returns Desk,VA-EB-PL1,2499.0,RETURN-QC-OK,RETURN-QC-OK,,,N,,False,0.0,False
TK-242528,2025-06,2025Q2,A3036,Ritika D'Souza,Returns Desk,VA-AC-CBL,319.0,RETURN-QC-OK,RETURN-QC-OK,,,N,,False,0.0,False
TK-242534,2025-06,2025Q2,A3003,Komal Singh,Chat Frontline,VA-NB-ARC,1104.0,WTY-BUYBACK,WTY-BUYBACK,GW-OTHER,Reset rslvd (SOP 3.1) Refunded Rs 1104 and also raised rplc,Y,True,True,880.0,False
TK-242535,2025-06,2025Q2,A3032,Sneha Bansal,Billing,VA-SW-FIT,1799.0,DUP-PAYMENT,DUP-PAYMENT,,,N,,False,0.0,False
TK-242538,2025-06,2025Q2,A3036,Ritika D'Souza,Returns Desk,VA-EB-PL1,4248.0,RETURN-QC-OK,RETURN-QC-OK,,,N,,False,0.0,False
TK-242544,2025-06,2025Q2,A3036,Ritika D'Souza,Returns Desk,VA-SW-NX2,5849.0,GW-OTHER,UNCLEAR,UNCLEAR,rfnd not credited,N,False,False,0.0,True
TK-242555,2025-06,2025Q2,A3010,Tenzin Mathew,Chat Frontline,VA-EB-PL1,2499.0,CANCEL,CANCEL,,,N,,False,0.0,False
TK-242558,2025-06,2025Q2,A3032,Sneha Bansal,Billing,VA-SP-ORB,5999.0,DUP-PAYMENT,DUP-PAYMENT,,,N,,False,0.0,False
TK-242568,2025-06,2025Q2,A3014,Anjali D'Souza,Chat Frontline,VA-HP-ST3,2974.0,DUP-PAYMENT,DUP-PAYMENT,,,N,,False,0.0,False
TK-242590,2025-06,2025Q2,A3018,Krishna Bhatt,Email Frontline,VA-EB-PL1,1999.0,GW-OTHER,DUP-PAYMENT,DUP-PAYMENT,duplicate payment | confirmed utrs -> full refund processed,N,False,False,0.0,True
TK-242592,2025-06,2025Q2,A3044,Arjun Kumar,Escalations & Warranty,VA-SW-NX1,4499.0,WTY-BUYBACK,WTY-BUYBACK,GW-OTHER,Refund done and new unit sent as one-time gesture.,N,True,True,2240.0,False
TK-242594,2025-06,2025Q2,A3038,Ankit Dhillon,Returns Desk,VA-SW-NX2,6499.0,DUP-PAYMENT,DUP-PAYMENT,,,N,,False,0.0,False
TK-242598,2025-06,2025Q2,A3028,Sameer Kapoor,Logistics,VA-HP-ST3,5599.0,WTY-BUYBACK,WTY-BUYBACK,LOST-TRANSIT,"dlvry delayed... credited full amount, new unit also going out",N,True,True,2990.0,False
TK-242614,2025-06,2025Q2,A3018,Krishna Bhatt,Email Frontline,VA-SP-MINI,2499.0,DOA-REPL,DOA-REPL,GW-OTHER,"checked fw -> fw update... Cx got the amount back, also sending a new set",N,True,True,1320.0,False
TK-242615,2025-06,2025Q2,A3030,Aishwarya Trivedi,Logistics,VA-EB-AIR,1799.0,DOA-REPL,DOA-REPL,,,N,,False,0.0,False
TK-242621,2025-06,2025Q2,A3028,Sameer Kapoor,Logistics,VA-EB-PL1,337.0,GW-OTHER,LOST-TRANSIT,LOST-TRANSIT,package not delivered even after 11 days,N,False,False,0.0,False
TK-242623,2025-06,2025Q2,A3012,Lakshmi Srivastava,Chat Frontline,VA-SW-FIT,1799.0,RETURN-QC-OK,RETURN-QC-OK,,,N,,False,0.0,False
TK-242639,2025-06,2025Q2,A3038,Ankit Dhillon,Returns Desk,VA-HP-ST2,4999.0,RETURN-QC-OK,RETURN-QC-OK,,,N,,False,0.0,False
TK-242643,2025-06,2025Q2,A3028,Sameer Kapoor,Logistics,VA-SW-FIT,1999.0,RETURN-QC-OK,RETURN-QC-OK,,,N,,False,0.0,False
TK-242646,2025-06,2025Q2,A3027,Priya Agarwal,Logistics,VA-EB-PL1,2499.0,WTY-BUYBACK,WTY-BUYBACK,LOST-TRANSIT,Shipment not received... Both refund & replacement given,N,True,True,1460.0,False
TK-242647,2025-06,2025Q2,A3035,Dev Kulkarni,Billing,VA-EB-AIR,171.0,DUP-PAYMENT,DUP-PAYMENT,,,N,,False,0.0,False
TK-242648,2025-06,2025Q2,A3005,Payal Bhatia,Chat Frontline,VA-EB-AIR,3238.0,GW-OTHER,CANCEL,CANCEL,Cancelled before dispatch.,N,False,False,0.0,True
TK-242658,2025-06,2025Q2,A3031,Zaid Desai,Logistics,VA-SP-MINI,2374.0,RETURN-QC-OK,RETURN-QC-OK,GW-OTHER,Replacement dispatched. Issue: wrong variant received.,N,True,True,1320.0,False
TK-242662,2025-06,2025Q2,A3027,Priya Agarwal,Logistics,VA-HP-ST3,6999.0,DOA-REPL,DOA-REPL,LOST-TRANSIT,Damaged in transit,N,False,False,0.0,False
TK-242665,2025-06,2025Q2,A3034,Tanvi Rathore,Billing,VA-SW-FIT,1999.0,DUP-PAYMENT,DUP-PAYMENT,,,N,,False,0.0,False
TK-242666,2025-06,2025Q2,A3012,Lakshmi Srivastava,Chat Frontline,VA-SP-MINI,2499.0,GW-OTHER,LOST-TRANSIT,LOST-TRANSIT,order not delivered... processed fr and raised rma for new set.,N,True,True,1320.0,True
TK-242670,2025-06,2025Q2,A3012,Lakshmi Srivastava,Chat Frontline,VA-NB-ARC,1299.0,GW-OTHER,GW-OTHER,GW-OTHER,re-pair successful... refund processed to source; rplc unit also shipped.,N,True,True,880.0,True
TK-242674,2025-06,2025Q2,A3036,Ritika D'Souza,Returns Desk,VA-HP-ST2,2374.0,RETURN-QC-OK,RETURN-QC-OK,UNCLEAR,Ticket raised for refund delay.,N,False,False,0.0,False
TK-242680,2025-06,2025Q2,A3020,Aadhya Singh,Email Frontline,VA-HP-ST2,3999.0,GW-OTHER,DUP-PAYMENT,DUP-PAYMENT,reported: double charge.,N,False,False,0.0,True
TK-242686,2025-06,2025Q2,A3035,Dev Kulkarni,Billing,VA-SW-NX1,4999.0,GW-OTHER,DUP-PAYMENT,DUP-PAYMENT,duplicate payment. Confirmed UTRs. rfnd of Rs 4999 initiated,N,False,False,0.0,True
TK-242693,2025-06,2025Q2,A3044,Arjun Kumar,Escalations & Warranty,VA-SW-FIT,1599.0,DOA-REPL,DOA-REPL,GW-OTHER,Replacement sttrap dispatched. | refund + rplc,N,True,True,1190.0,False
TK-242698,2025-06,2025Q2,A3033,Vikram Banerjee,Billing,VA-SP-MINI,2499.0,PRICE-ADJ,PRICE-ADJ,,,N,,False,0.0,False
TK-242715,2025-06,2025Q2,A3038,Ankit Dhillon,Returns Desk,VA-SW-FIT,900.0,GW-OTHER,RETURN-QC-OK,RETURN-QC-OK,pkp not done... Full refund processed,N,False,False,0.0,True
TK-242730,2025-06,2025Q2,A3038,Ankit Dhillon,Returns Desk,VA-SW-FIT,3398.0,GW-OTHER,RETURN-QC-OK,RETURN-QC-OK,Checked reverse pickup QC status,N,False,False,0.0,True
TK-242736,2025-06,2025Q2,A3035,Dev Kulkarni,Billing,VA-EB-AIR,1799.0,GW-OTHER,DUP-PAYMENT,DUP-PAYMENT,Cust contacted re duplicate payment.,N,False,False,0.0,True
TK-242747,2025-06,2025Q2,A3035,Dev Kulkarni,Billing,VA-SP-MINI,2499.0,DUP-PAYMENT,DUP-PAYMENT,DUP-PAYMENT,amount deducted without ord,N,False,False,0.0,False
TK-242752,2025-06,2025Q2,A3038,Ankit Dhillon,Returns Desk,VA-SW-NX2,6499.0,GW-OTHER,RETURN-QC-OK,RETURN-QC-OK,return was accepted but the amount is nowhere,N,False,False,0.0,True
TK-242771,2025-06,2025Q2,A3036,Ritika D'Souza,Returns Desk,VA-EB-AIR,1529.0,GW-OTHER,GW-OTHER,GW-OTHER,Asked cx to try different cable... Amount returned... fresh unit shipped,Y,True,True,1100.0,True
TK-242778,2025-06,2025Q2,A3037,Manish Iyer,Returns Desk,VA-SP-MINI,356.0,GW-OTHER,RETURN-QC-OK,RETURN-QC-OK,the return was accepted,N,False,False,0.0,False
TK-242786,2025-06,2025Q2,A3036,Ritika D'Souza,Returns Desk,VA-SW-NX2,6499.0,GW-OTHER,DOA-REPL,DOA-REPL,"rplc declined by cx, refund issued instead.",N,False,False,0.0,True
TK-242790,2025-06,2025Q2,A3036,Ritika D'Souza,Returns Desk,VA-EB-PL1,4998.0,RETURN-QC-OK,RETURN-QC-OK,RETURN-QC-OK,where is the money for the return,N,False,False,0.0,False
TK-242794,2025-06,2025Q2,A3035,Dev Kulkarni,Billing,VA-EB-AIR,1799.0,RETURN-QC-OK,RETURN-QC-OK,,,N,,False,0.0,False
TK-242795,2025-06,2025Q2,A3001,Suresh Kaur,Chat Frontline,VA-SW-NX2,6499.0,CANCEL,CANCEL,,,N,,False,0.0,False
TK-242799,2025-06,2025Q2,A3038,Ankit Dhillon,Returns Desk,VA-SW-FIT,1999.0,GW-OTHER,RETURN-QC-OK,RETURN-QC-OK,Checked reverse pickup QC status,N,False,False,0.0,True
TK-242826,2025-06,2025Q2,A3034,Tanvi Rathore,Billing,VA-EB-PL1,2499.0,DUP-PAYMENT,DUP-PAYMENT,,,N,,False,0.0,False
TK-242828,2025-06,2025Q2,A3033,Vikram Banerjee,Billing,VA-HP-ST3,6999.0,DUP-PAYMENT,DUP-PAYMENT,,,N,,False,0.0,False
TK-242830,2025-06,2025Q2,A3029,Rajat Mukherjee,Logistics,VA-EB-PL1,2124.0,DOA-REPL,DOA-REPL,LOST-TRANSIT,refund initiated as lost in transit,N,True,True,1460.0,False
TK-242835,2025-06,2025Q2,A3011,Rohit Gill,Chat Frontline,VA-SW-FIT,1999.0,PRICE-ADJ,PRICE-ADJ,,,N,,False,0.0,False
TK-242841,2025-06,2025Q2,A3009,Sukhwinder Singh,Chat Frontline,VA-AC-CH65,1499.0,LOST-TRANSIT,LOST-TRANSIT,,,N,,False,0.0,False
TK-242842,2025-06,2025Q2,A3035,Dev Kulkarni,Billing,VA-SW-FIT,1799.0,RETURN-QC-OK,RETURN-QC-OK,,,N,,False,0.0,False
TK-242848,2025-06,2025Q2,A3001,Suresh Kaur,Chat Frontline,VA-HP-ST3,6649.0,DOA-REPL,DOA-REPL,GW-OTHER,refunded rs 6649 and also raised replacement,N,True,True,2990.0,False
TK-242870,2025-06,2025Q2,A3036,Ritika D'Souza,Returns Desk,VA-SW-NX2,5849.0,RETURN-QC-OK,RETURN-QC-OK,,,N,,False,0.0,False
TK-242872,2025-06,2025Q2,A3037,Manish Iyer,Returns Desk,VA-AC-CH65,1349.0,PRICE-ADJ,PRICE-ADJ,,,N,,False,0.0,False
TK-242876,2025-06,2025Q2,A3035,Dev Kulkarni,Billing,VA-EB-PL1,2499.0,DUP-PAYMENT,DUP-PAYMENT,,,N,,False,0.0,False
TK-242877,2025-06,2025Q2,A3033,Vikram Banerjee,Billing,VA-NB-ARC,1169.0,GW-OTHER,DUP-PAYMENT,DUP-PAYMENT,failed order after payment,N,False,False,0.0,True
TK-242878,2025-06,2025Q2,A3002,Steven Ansari,Chat Frontline,VA-SW-NX2,6174.0,DUP-PAYMENT,DUP-PAYMENT,,,N,,False,0.0,False
TK-242887,2025-06,2025Q2,A3026,Aadhya Deshpande,Voice Frontline,VA-SW-FIT,200.0,CANCEL,CANCEL,,,N,,False,0.0,False
TK-242897,2025-06,2025Q2,A3033,Vikram Banerjee,Billing,VA-EB-AIR,810.0,DUP-PAYMENT,DUP-PAYMENT,,,N,,False,0.0,False
TK-242906,2025-06,2025Q2,A3018,Krishna Bhatt,Email Frontline,VA-SP-MINI,2499.0,GW-OTHER,GW-OTHER,GW-OTHER,issue: connection dropping,N,False,False,0.0,True
TK-242928,2025-06,2025Q2,A3033,Vikram Banerjee,Billing,VA-SW-NX2,6499.0,DUP-PAYMENT,DUP-PAYMENT,,,N,,False,0.0,False
TK-242930,2025-06,2025Q2,A3036,Ritika D'Souza,Returns Desk,VA-EB-AIR,306.0,RETURN-QC-OK,RETURN-QC-OK,,,N,,False,0.0,False
TK-242935,2025-06,2025Q2,A3020,Aadhya Singh,Email Frontline,VA-EB-AIR,612.0,CANCEL,CANCEL,,,N,,False,0.0,False
TK-242937,2025-06,2025Q2,A3027,Priya Agarwal,Logistics,VA-EB-PL1,200.0,RETURN-QC-OK,RETURN-QC-OK,,,N,,False,0.0,False
TK-242944,2025-06,2025Q2,A3020,Aadhya Singh,Email Frontline,VA-SW-NX2,5199.0,DUP-PAYMENT,DUP-PAYMENT,,,N,,False,0.0,False
TK-242950,2025-06,2025Q2,A3004,Geeta Dutta,Chat Frontline,VA-SW-NX2,5524.0,CANCEL,CANCEL,,,N,,False,0.0,False
TK-242957,2025-07,2025Q3,A3040,Thomas Jadhav,Escalations & Warranty,VA-SW-FIT,1699.0,GW-OTHER,WTY-BUYBACK,WTY-BUYBACK,chk rma status -> refund of rs 1699,N,False,False,0.0,True
TK-242963,2025-06,2025Q2,A3002,Steven Ansari,Chat Frontline,VA-SW-NX2,617.0,GW-OTHER,CANCEL,CANCEL,cancelled before dispatch -> refunded rs 617,N,False,False,0.0,True
TK-242965,2025-06,2025Q2,A3031,Zaid Desai,Logistics,VA-NB-ARC,1299.0,GW-OTHER,LOST-TRANSIT,LOST-TRANSIT,1. Delivery delayed,N,False,False,0.0,True
TK-242973,2025-06,2025Q2,A3037,Manish Iyer,Returns Desk,VA-SP-MINI,2374.0,GW-OTHER,DOA-REPL,DOA-REPL,"replacement declined by cx, refund issued instead.",N,False,False,0.0,True
TK-242985,2025-06,2025Q2,A3017,Kabir Singh,Email Frontline,VA-HP-ST3,6999.0,GW-OTHER,GW-OTHER,GW-OTHER,rfnd done & new unit sent as one-time gesture.,Y,True,True,2990.0,True
TK-242987,2025-06,2025Q2,A3022,Daniel Arora,Email Frontline,VA-EB-AIR,1799.0,GW-OTHER,CANCEL,CANCEL,Cx says cancellation request.,N,False,False,0.0,True
TK-242991,2025-06,2025Q2,A3037,Manish Iyer,Returns Desk,VA-SW-FIT,1999.0,GW-OTHER,GW-OTHER,GW-OTHER,reverse pickup + correct item shipped.,N,True,True,1190.0,True
TK-242993,2025-06,2025Q2,A3032,Sneha Bansal,Billing,VA-SP-MINI,2499.0,DUP-PAYMENT,DUP-PAYMENT,,,N,,False,0.0,False
TK-242996,2025-06,2025Q2,A3032,Sneha Bansal,Billing,VA-SP-MINI,2374.0,RETURN-QC-OK,RETURN-QC-OK,RETURN-QC-OK,checked reverse pickup qc status,N,False,False,0.0,False
TK-243009,2025-06,2025Q2,A3011,Rohit Gill,Chat Frontline,VA-SW-FIT,1999.0,CANCEL,CANCEL,,,N,,False,0.0,False
TK-243010,2025-06,2025Q2,A3006,Varun Bhatt,Chat Frontline,VA-AC-CH65,1274.0,CANCEL,CANCEL,,,N,,False,0.0,False
TK-243019,2025-07,2025Q3,A3036,Ritika D'Souza,Returns Desk,VA-SW-NX2,6174.0,RETURN-QC-OK,RETURN-QC-OK,,,N,,False,0.0,False
TK-243037,2025-06,2025Q2,A3035,Dev Kulkarni,Billing,VA-EB-AIR,1799.0,GW-OTHER,DUP-PAYMENT,DUP-PAYMENT,"Cx says payment debited, no ord.",N,False,False,0.0,True
TK-243045,2025-06,2025Q2,A3032,Sneha Bansal,Billing,VA-SW-NX2,5199.0,DUP-PAYMENT,DUP-PAYMENT,,,N,,False,0.0,False
TK-243051,2025-06,2025Q2,A3034,Tanvi Rathore,Billing,VA-NB-ARC,1299.0,PRICE-ADJ,PRICE-ADJ,,,N,,False,0.0,False
TK-243054,2025-07,2025Q3,A3027,Priya Agarwal,Logistics,VA-SP-MINI,225.0,DOA-REPL,DOA-REPL,,,N,,False,0.0,False
TK-243064,2025-07,2025Q3,A3036,Ritika D'Souza,Returns Desk,VA-SW-FIT,1799.0,RETURN-QC-OK,RETURN-QC-OK,,,N,,False,0.0,False
TK-243070,2025-07,2025Q3,A3034,Tanvi Rathore,Billing,VA-HP-ST3,6299.0,DUP-PAYMENT,DUP-PAYMENT,,,N,,False,0.0,False
TK-243071,2025-07,2025Q3,A3037,Manish Iyer,Returns Desk,VA-SP-MINI,2499.0,GW-OTHER,RETURN-QC-OK,RETURN-QC-OK,chk reverse pickup qc status.,N,False,False,0.0,True
TK-243075,2025-07,2025Q3,A3001,Suresh Kaur,Chat Frontline,VA-NB-ARC,195.0,WTY-BUYBACK,WTY-BUYBACK,,,N,,False,0.0,False
TK-243079,2025-07,2025Q3,A3031,Zaid Desai,Logistics,VA-EB-PL1,2499.0,LOST-TRANSIT,LOST-TRANSIT,,,N,,False,0.0,False
TK-243080,2025-07,2025Q3,A3013,Rohit Nair,Chat Frontline,VA-NB-ARC,1104.0,CANCEL,CANCEL,,,N,,False,0.0,False
TK-243085,2025-07,2025Q3,A3030,Aishwarya Trivedi,Logistics,VA-NB-ARC,1104.0,WTY-BUYBACK,WTY-BUYBACK,GW-OTHER,new unit also going out tomorrow,Y,True,True,880.0,False
TK-243086,2025-07,2025Q3,A3026,Aadhya Deshpande,Voice Frontline,VA-SP-MINI,2374.0,GW-OTHER,CANCEL,CANCEL,cancelled before dispatch -> refund of rs 2374,N,False,False,0.0,True
TK-243096,2025-07,2025Q3,A3001,Suresh Kaur,Chat Frontline,VA-SW-NX1,4999.0,CANCEL,CANCEL,,,N,,False,0.0,False
TK-243097,2025-07,2025Q3,A3016,Thomas Kumar,Email Frontline,VA-HP-ST3,5599.0,GW-OTHER,DUP-PAYMENT,DUP-PAYMENT,Ticket raised for amount deducted without ord.,N,False,False,0.0,True
TK-243098,2025-07,2025Q3,A3039,Reyansh Mishra,Escalations & Warranty,VA-EB-PL1,2499.0,GW-OTHER,DOA-REPL,DOA-REPL,new unit shipped under doa... refund + rplc,Y,True,True,1460.0,True
TK-243119,2025-07,2025Q3,A3035,Dev Kulkarni,Billing,VA-EB-AIR,1529.0,DUP-PAYMENT,DUP-PAYMENT,,,N,,False,0.0,False
TK-243130,2025-07,2025Q3,A3010,Tenzin Mathew,Chat Frontline,VA-SW-NX2,780.0,RETURN-QC-OK,RETURN-QC-OK,,,N,,False,0.0,False
TK-243141,2025-07,2025Q3,A3036,Ritika D'Souza,Returns Desk,VA-SP-MINI,2374.0,GW-OTHER,RETURN-QC-OK,RETURN-QC-OK,chk reverse pickup QC status.,N,False,False,0.0,True
TK-243154,2025-07,2025Q3,A3028,Sameer Kapoor,Logistics,VA-SW-NX2,6499.0,GW-OTHER,LOST-TRANSIT,LOST-TRANSIT,processed fr and raised rma for new set,N,True,True,2790.0,True
TK-243157,2025-07,2025Q3,A3029,Rajat Mukherjee,Logistics,VA-SW-NX2,12998.0,GW-OTHER,LOST-TRANSIT,LOST-TRANSIT,delivery delayed | confirmed address with cx -> refund,N,False,False,0.0,True
TK-243163,2025-07,2025Q3,A3030,Aishwarya Trivedi,Logistics,VA-HP-ST3,6999.0,LOST-TRANSIT,LOST-TRANSIT,LOST-TRANSIT,Customer states delivery delayed. Re-shipped from warehouse.,N,True,True,2990.0,False
TK-243166,2025-07,2025Q3,A3035,Dev Kulkarni,Billing,VA-SW-FIT,1899.0,DUP-PAYMENT,DUP-PAYMENT,,,N,,False,0.0,False
TK-243169,2025-07,2025Q3,A3027,Priya Agarwal,Logistics,VA-SP-MINI,2499.0,CANCEL,CANCEL,,,N,,False,0.0,False
TK-243185,2025-07,2025Q3,A3035,Dev Kulkarni,Billing,VA-EB-PL1,2499.0,GW-OTHER,DUP-PAYMENT,DUP-PAYMENT,"payment debited, no ord. chk PG dashboard",N,False,False,0.0,True
TK-243188,2025-07,2025Q3,A3037,Manish Iyer,Returns Desk,VA-SW-NX2,5524.0,RETURN-QC-OK,RETURN-QC-OK,RETURN-QC-OK,chk reverse pickup qc status -> refund reprocessed,N,False,False,0.0,False
TK-243207,2025-07,2025Q3,A3026,Aadhya Deshpande,Voice Frontline,VA-EB-PL1,1999.0,GW-OTHER,GW-OTHER,GW-OTHER,issue: app crashing | asked for phone model,N,False,False,0.0,True
TK-243210,2025-07,2025Q3,A3030,Aishwarya Trivedi,Logistics,VA-EB-PL1,2499.0,GW-OTHER,LOST-TRANSIT,LOST-TRANSIT,rfnd initiated as lost in transit. Issued refund + replacement,Y,True,True,1460.0,True
TK-243212,2025-07,2025Q3,A3020,Aadhya Singh,Email Frontline,VA-HP-ST2,4499.0,GW-OTHER,GW-OTHER,GW-OTHER,"cx got the amount back, also sending a new set",N,True,True,2440.0,True
TK-243215,2025-07,2025Q3,A3027,Priya Agarwal,Logistics,VA-SW-NX2,12998.0,GW-OTHER,CANCEL,CANCEL,1. Cancellation request | 2. Cancelled befroe dispatch,N,False,False,0.0,True
TK-243220,2025-07,2025Q3,A3038,Ankit Dhillon,Returns Desk,VA-SW-NX2,585.0,RETURN-QC-OK,RETURN-QC-OK,UNCLEAR,rfnd not credited,N,False,False,0.0,False
TK-243224,2025-07,2025Q3,A3032,Sneha Bansal,Billing,VA-EB-PL1,2249.0,GW-OTHER,DUP-PAYMENT,DUP-PAYMENT,1. duplicate payment | 2. checked pg for duplicate txn,N,False,False,0.0,True
TK-243234,2025-07,2025Q3,A3035,Dev Kulkarni,Billing,VA-SP-MINI,225.0,DUP-PAYMENT,DUP-PAYMENT,,,N,,False,0.0,False
TK-243238,2025-07,2025Q3,A3009,Sukhwinder Singh,Chat Frontline,VA-SW-FIT,1899.0,DUP-PAYMENT,DUP-PAYMENT,,,N,,False,0.0,False
TK-243247,2025-07,2025Q3,A3032,Sneha Bansal,Billing,VA-HP-ST3,1120.0,DUP-PAYMENT,DUP-PAYMENT,,,N,,False,0.0,False
TK-243253,2025-07,2025Q3,A3018,Krishna Bhatt,Email Frontline,VA-SW-FIT,1899.0,CANCEL,CANCEL,,,N,,False,0.0,False
TK-243262,2025-07,2025Q3,A3032,Sneha Bansal,Billing,VA-AC-CH65,285.0,CANCEL,CANCEL,,,N,,False,0.0,False
TK-243268,2025-07,2025Q3,A3035,Dev Kulkarni,Billing,VA-EB-PL1,2249.0,RETURN-QC-OK,RETURN-QC-OK,,,N,,False,0.0,False
TK-243270,2025-07,2025Q3,A3009,Sukhwinder Singh,Chat Frontline,VA-EB-AIR,1799.0,CANCEL,CANCEL,,,N,,False,0.0,False
TK-243273,2025-07,2025Q3,A3035,Dev Kulkarni,Billing,VA-EB-AIR,1799.0,GW-OTHER,DUP-PAYMENT,DUP-PAYMENT,Issue: charged twice. Chceked PG for duplicate txn.,N,False,False,0.0,True
TK-243279,2025-07,2025Q3,A3038,Ankit Dhillon,Returns Desk,VA-EB-PL1,1000.0,RETURN-QC-OK,RETURN-QC-OK,,,N,,False,0.0,False
TK-243284,2025-07,2025Q3,A3036,Ritika D'Souza,Returns Desk,VA-SP-MINI,2374.0,RETURN-QC-OK,RETURN-QC-OK,,,N,,False,0.0,False
TK-243286,2025-07,2025Q3,A3035,Dev Kulkarni,Billing,VA-AC-CBL,379.0,GW-OTHER,DUP-PAYMENT,DUP-PAYMENT,Cx reported charged twice. cnf UTRs. rfnd processed.,N,False,False,0.0,False
TK-243292,2025-07,2025Q3,A3036,Ritika D'Souza,Returns Desk,VA-SW-FIT,300.0,RETURN-QC-OK,RETURN-QC-OK,,,N,,False,0.0,False
TK-243305,2025-07,2025Q3,A3028,Sameer Kapoor,Logistics,VA-EB-PL1,2499.0,GW-OTHER,LOST-TRANSIT,LOST-TRANSIT,shipment not rcvd. chk awb w/ crr. re-shipped,N,True,True,1460.0,True
TK-243324,2025-07,2025Q3,A3035,Dev Kulkarni,Billing,VA-SW-NX2,5524.0,DUP-PAYMENT,DUP-PAYMENT,,,N,,False,0.0,False
TK-243329,2025-07,2025Q3,A3038,Ankit Dhillon,Returns Desk,VA-EB-PL2,315.0,GW-OTHER,GW-OTHER,GW-OTHER,1. Incorrect product shipped | Replacement dispatched.,N,True,True,315.0,False
TK-243337,2025-07,2025Q3,A3033,Vikram Banerjee,Billing,VA-EB-AIR,1709.0,GW-OTHER,DUP-PAYMENT,DUP-PAYMENT,cx says duplicate payment. chk pg for duplicate txn,N,False,False,0.0,True
TK-243338,2025-07,2025Q3,A3036,Ritika D'Souza,Returns Desk,VA-NB-ARC,1169.0,RETURN-QC-OK,RETURN-QC-OK,RETURN-QC-OK,Contact re rfnd delay. chk rfnd status on PG,N,False,False,0.0,False
TK-243341,2025-07,2025Q3,A3026,Aadhya Deshpande,Voice Frontline,VA-EB-AIR,1799.0,GW-OTHER,GW-OTHER,GW-OTHER,Full refund issued & rplc dispatched as goodwill,N,True,True,1100.0,True
TK-243343,2025-07,2025Q3,A3015,Sameer Jadhav,Chat Frontline,VA-EB-AIR,1799.0,DUP-PAYMENT,DUP-PAYMENT,,,N,,False,0.0,False
TK-243357,2025-07,2025Q3,A3030,Aishwarya Trivedi,Logistics,VA-SW-NX1,4999.0,GW-OTHER,CANCEL,CANCEL,Issue: order cancellation. Cancelled before dispatch.,N,False,False,0.0,True
TK-243366,2025-07,2025Q3,A3017,Kabir Singh,Email Frontline,VA-EB-PL1,2374.0,WTY-BUYBACK,WTY-BUYBACK,GW-OTHER,reversed the payment & dispatched a new one under rma,Y,True,True,1460.0,False
TK-243374,2025-07,2025Q3,A3021,Meera Mathew,Email Frontline,VA-EB-PL1,2124.0,CANCEL,CANCEL,,,N,,False,0.0,False
TK-243380,2025-07,2025Q3,A3015,Sameer Jadhav,Chat Frontline,VA-HP-ST3,3500.0,DUP-PAYMENT,DUP-PAYMENT,,,N,,False,0.0,False
TK-243385,2025-07,2025Q3,A3004,Geeta Dutta,Chat Frontline,VA-HP-ST3,5599.0,CANCEL,CANCEL,,,N,,False,0.0,False
TK-243391,2025-07,2025Q3,A3035,Dev Kulkarni,Billing,VA-SW-NX2,5199.0,RETURN-QC-OK,RETURN-QC-OK,,,N,,False,0.0,False
TK-243392,2025-07,2025Q3,A3010,Tenzin Mathew,Chat Frontline,VA-SW-NX2,6174.0,GW-OTHER,CANCEL,CANCEL,cx: ord cancellation | chk shipment sattus -> refunded,N,False,False,0.0,True
TK-243394,2025-07,2025Q3,A3004,Geeta Dutta,Chat Frontline,VA-EB-AIR,1619.0,CANCEL,CANCEL,,,N,,False,0.0,False
TK-243395,2025-07,2025Q3,A3044,Arjun Kumar,Escalations & Warranty,VA-SW-NX2,6174.0,GW-OTHER,GW-OTHER,GW-OTHER,Replacement strap dispatched,N,True,True,2790.0,True
TK-243401,2025-07,2025Q3,A3032,Sneha Bansal,Billing,VA-EB-PL2,3324.0,GW-OTHER,DUP-PAYMENT,DUP-PAYMENT,double charge,N,False,False,0.0,True
TK-243402,2025-07,2025Q3,A3027,Priya Agarwal,Logistics,VA-EB-AIR,1709.0,GW-OTHER,LOST-TRANSIT,LOST-TRANSIT,ord not delivered,Y,True,True,1100.0,True
TK-243408,2025-07,2025Q3,A3013,Rohit Nair,Chat Frontline,VA-EB-AIR,1709.0,GW-OTHER,GW-OTHER,GW-OTHER,"re-pair successful, resovled on chat",N,True,True,1100.0,True
TK-243414,2025-07,2025Q3,A3030,Aishwarya Trivedi,Logistics,VA-NB-ARC,1169.0,DOA-REPL,DOA-REPL,,,N,,False,0.0,False
TK-243417,2025-07,2025Q3,A3026,Aadhya Deshpande,Voice Frontline,VA-SW-FIT,300.0,CANCEL,CANCEL,,,N,,False,0.0,False
TK-243419,2025-07,2025Q3,A3044,Arjun Kumar,Escalations & Warranty,VA-HP-ST3,6999.0,DOA-REPL,DOA-REPL,,,N,,False,0.0,False
TK-243424,2025-07,2025Q3,A3016,Thomas Kumar,Email Frontline,VA-SW-NX2,1105.0,CANCEL,CANCEL,,,N,,False,0.0,False
TK-243425,2025-07,2025Q3,A3002,Steven Ansari,Chat Frontline,VA-EB-PL1,1187.0,PRICE-ADJ,PRICE-ADJ,,,N,,False,0.0,False
TK-243434,2025-07,2025Q3,A3009,Sukhwinder Singh,Chat Frontline,VA-SW-NX2,2600.0,DUP-PAYMENT,DUP-PAYMENT,,,N,,False,0.0,False
TK-243441,2025-07,2025Q3,A3034,Tanvi Rathore,Billing,VA-HP-ST3,6999.0,DUP-PAYMENT,DUP-PAYMENT,,,N,,False,0.0,False
TK-243449,2025-07,2025Q3,A3037,Manish Iyer,Returns Desk,VA-HP-ST3,6999.0,RETURN-QC-OK,RETURN-QC-OK,,,N,,False,0.0,False
TK-243451,2025-07,2025Q3,A3013,Rohit Nair,Chat Frontline,VA-SP-ORB,11998.0,CANCEL,CANCEL,,,N,,False,0.0,False
TK-243461,2025-07,2025Q3,A3031,Zaid Desai,Logistics,VA-SW-FIT,1999.0,GW-OTHER,LOST-TRANSIT,LOST-TRANSIT,order not delivered,N,True,True,1190.0,True
TK-243465,2025-07,2025Q3,A3033,Vikram Banerjee,Billing,VA-EB-PL2,2974.0,DUP-PAYMENT,DUP-PAYMENT,,,N,,False,0.0,False
TK-243479,2025-07,2025Q3,A3035,Dev Kulkarni,Billing,VA-EB-PL2,1190.0,CANCEL,CANCEL,,,N,,False,0.0,False
TK-243482,2025-07,2025Q3,A3036,Ritika D'Souza,Returns Desk,VA-HP-ST3,6299.0,RETURN-QC-OK,RETURN-QC-OK,DOA-REPL,"Replacement declined by cx, refund issued instead",N,False,False,0.0,False
TK-243486,2025-07,2025Q3,A3018,Krishna Bhatt,Email Frontline,VA-HP-ST2,2250.0,GW-OTHER,DUP-PAYMENT,DUP-PAYMENT,duplicate payment,N,False,False,0.0,True
TK-243490,2025-07,2025Q3,A3024,Amit Deshpande,Voice Frontline,VA-EB-PL2,2799.0,GW-OTHER,GW-OTHER,GW-OTHER,Walked through factory reset,N,False,False,0.0,True
TK-243492,2025-07,2025Q3,A3028,Sameer Kapoor,Logistics,VA-SW-NX1,4749.0,GW-OTHER,LOST-TRANSIT,LOST-TRANSIT,rfnd initiated as lost in transit,N,True,True,2240.0,True
TK-243496,2025-07,2025Q3,A3030,Aishwarya Trivedi,Logistics,VA-EB-PL1,2249.0,GW-OTHER,LOST-TRANSIT,LOST-TRANSIT,Refund initiated as lost in transit,N,False,False,0.0,True
TK-243501,2025-07,2025Q3,A3036,Ritika D'Souza,Returns Desk,VA-AC-CH65,2548.0,GW-OTHER,RETURN-QC-OK,RETURN-QC-OK,"Pickup done, refund initiated",N,True,True,950.0,True
TK-243514,2025-07,2025Q3,A3033,Vikram Banerjee,Billing,VA-SP-MINI,2124.0,GW-OTHER,PRICE-ADJ,PRICE-ADJ,coupon not applied,N,False,False,0.0,True
TK-243522,2025-08,2025Q3,A3041,Mohammed Mehta,Escalations & Warranty,VA-SW-NX2,5849.0,WTY-BUYBACK,WTY-BUYBACK,GW-OTHER,sending a new set to keep him happy,N,True,True,2790.0,False
TK-243531,2025-07,2025Q3,A3037,Manish Iyer,Returns Desk,VA-SP-MINI,2499.0,RETURN-QC-OK,RETURN-QC-OK,,,N,,False,0.0,False
TK-243538,2025-07,2025Q3,A3034,Tanvi Rathore,Billing,VA-EB-PL2,595.0,DUP-PAYMENT,DUP-PAYMENT,,,N,,False,0.0,False
TK-243542,2025-07,2025Q3,A3032,Sneha Bansal,Billing,VA-SP-ORB,720.0,GW-OTHER,PRICE-ADJ,PRICE-ADJ,coupon not applied,N,False,False,0.0,True
TK-243544,2025-07,2025Q3,A3030,Aishwarya Trivedi,Logistics,VA-SW-NX2,6499.0,RETURN-QC-OK,RETURN-QC-OK,,,N,,False,0.0,False
TK-243549,2025-07,2025Q3,A3035,Dev Kulkarni,Billing,VA-EB-PL1,2249.0,PRICE-ADJ,PRICE-ADJ,,,N,,False,0.0,False
TK-243552,2025-07,2025Q3,A3036,Ritika D'Souza,Returns Desk,VA-EB-AIR,1529.0,RETURN-QC-OK,RETURN-QC-OK,,,N,,False,0.0,False
TK-243553,2025-07,2025Q3,A3014,Anjali D'Souza,Chat Frontline,VA-HP-ST3,945.0,DOA-REPL,DOA-REPL,,,N,,False,0.0,False
TK-243554,2025-07,2025Q3,A3036,Ritika D'Souza,Returns Desk,VA-SP-MINI,2499.0,GW-OTHER,RETURN-QC-OK,RETURN-QC-OK,rplc was offered earlier by chat team,N,False,False,0.0,True
TK-243565,2025-07,2025Q3,A3022,Daniel Arora,Email Frontline,VA-EB-PL2,3499.0,GW-OTHER,DUP-PAYMENT,DUP-PAYMENT,payment was deducted but no order was created,N,False,False,0.0,True
TK-243574,2025-07,2025Q3,A3035,Dev Kulkarni,Billing,VA-HP-ST2,4749.0,PRICE-ADJ,PRICE-ADJ,,,N,,False,0.0,False
TK-243578,2025-07,2025Q3,A3030,Aishwarya Trivedi,Logistics,VA-EB-PL2,350.0,LOST-TRANSIT,LOST-TRANSIT,,,N,,False,0.0,False
TK-243586,2025-07,2025Q3,A3032,Sneha Bansal,Billing,VA-EB-AIR,1799.0,GW-OTHER,DUP-PAYMENT,DUP-PAYMENT,duplicate payment,N,False,False,0.0,True
TK-243592,2025-07,2025Q3,A3010,Tenzin Mathew,Chat Frontline,VA-SW-FIT,1999.0,GW-OTHER,CANCEL,CANCEL,cancelled before dispatch,N,False,False,0.0,True
TK-243594,2025-07,2025Q3,A3033,Vikram Banerjee,Billing,VA-EB-PL2,3499.0,PRICE-ADJ,PRICE-ADJ,,,N,,False,0.0,False
TK-243600,2025-07,2025Q3,A3035,Dev Kulkarni,Billing,VA-EB-PL2,446.0,GW-OTHER,DUP-PAYMENT,DUP-PAYMENT,"payment debited, no order",N,False,False,0.0,False
TK-243601,2025-07,2025Q3,A3013,Rohit Nair,Chat Frontline,VA-AC-CBL,339.0,GW-OTHER,CANCEL,CANCEL,cancelled before dispatch,N,False,False,0.0,False
TK-243603,2025-07,2025Q3,A3030,Aishwarya Trivedi,Logistics,VA-EB-AIR,1709.0,GW-OTHER,DOA-REPL,DOA-REPL,Cx reported unit rcvd damaged,N,False,False,0.0,True
TK-243615,2025-07,2025Q3,A3012,Lakshmi Srivastava,Chat Frontline,VA-SW-FIT,1999.0,DUP-PAYMENT,DUP-PAYMENT,,,N,,False,0.0,False
TK-243619,2025-07,2025Q3,A3038,Ankit Dhillon,Returns Desk,VA-AC-CBL,57.0,RETURN-QC-OK,RETURN-QC-OK,,,N,,False,0.0,False
TK-243620,2025-07,2025Q3,A3032,Sneha Bansal,Billing,VA-SW-NX2,5199.0,DUP-PAYMENT,DUP-PAYMENT,,,N,,False,0.0,False
TK-243626,2025-07,2025Q3,A3027,Priya Agarwal,Logistics,VA-EB-PL1,450.0,LOST-TRANSIT,LOST-TRANSIT,,,N,,False,0.0,False
TK-243634,2025-07,2025Q3,A3005,Payal Bhatia,Chat Frontline,VA-EB-PL1,2124.0,DUP-PAYMENT,DUP-PAYMENT,,,N,,False,0.0,False
TK-243635,2025-07,2025Q3,A3035,Dev Kulkarni,Billing,VA-SP-ORB,5999.0,DUP-PAYMENT,DUP-PAYMENT,,,N,,False,0.0,False
TK-243645,2025-07,2025Q3,A3029,Rajat Mukherjee,Logistics,VA-EB-PL2,6648.0,CANCEL,CANCEL,,,N,,False,0.0,False
TK-243653,2025-08,2025Q3,A3029,Rajat Mukherjee,Logistics,VA-EB-PL2,3499.0,DOA-REPL,DOA-REPL,DOA-REPL,cx opted for refund,N,False,False,0.0,False
TK-243657,2025-07,2025Q3,A3033,Vikram Banerjee,Billing,VA-SW-NX1,750.0,GW-OTHER,DUP-PAYMENT,DUP-PAYMENT,charged twice,N,False,False,0.0,True
TK-243659,2025-07,2025Q3,A3034,Tanvi Rathore,Billing,VA-SW-NX2,6499.0,GW-OTHER,UNCLEAR,UNCLEAR,cx ok (sop 5.4),N,False,False,0.0,True
TK-243661,2025-07,2025Q3,A3038,Ankit Dhillon,Returns Desk,VA-EB-PL2,2974.0,GW-OTHER,RETURN-QC-OK,RETURN-QC-OK,Full rfnd processed,N,False,False,0.0,True
TK-243662,2025-07,2025Q3,A3029,Rajat Mukherjee,Logistics,VA-EB-PL1,475.0,CANCEL,CANCEL,,,N,,False,0.0,False
TK-243667,2025-07,2025Q3,A3037,Manish Iyer,Returns Desk,VA-SW-NX2,650.0,CANCEL,CANCEL,,,N,,False,0.0,False
TK-243676,2025-08,2025Q3,A3030,Aishwarya Trivedi,Logistics,VA-SP-ORB,4799.0,GW-OTHER,LOST-TRANSIT,LOST-TRANSIT,Both refund & replacement given,N,True,True,2640.0,True
TK-243681,2025-07,2025Q3,A3014,Anjali D'Souza,Chat Frontline,VA-SP-MINI,2499.0,GW-OTHER,GW-OTHER,GW-OTHER,"Reset done, paired ok",N,False,False,0.0,True
TK-243697,2025-08,2025Q3,A3030,Aishwarya Trivedi,Logistics,VA-AC-CBL,798.0,DOA-REPL,DOA-REPL,,,N,,False,0.0,False
TK-243704,2025-07,2025Q3,A3032,Sneha Bansal,Billing,VA-EB-PL2,3324.0,DUP-PAYMENT,DUP-PAYMENT,,,N,,False,0.0,False
TK-243707,2025-07,2025Q3,A3034,Tanvi Rathore,Billing,VA-EB-AIR,1619.0,DUP-PAYMENT,DUP-PAYMENT,,,N,,False,0.0,False
TK-243710,2025-07,2025Q3,A3010,Tenzin Mathew,Chat Frontline,VA-HP-ST2,4499.0,DOA-REPL,DOA-REPL,WTY-BUYBACK,new unit also going out,Y,True,True,2440.0,False
TK-243715,2025-08,2025Q3,A3036,Ritika D'Souza,Returns Desk,VA-SW-NX2,6499.0,RETURN-QC-OK,RETURN-QC-OK,,,N,,False,0.0,False
TK-243716,2025-08,2025Q3,A3038,Ankit Dhillon,Returns Desk,VA-EB-PL1,2374.0,RETURN-QC-OK,RETURN-QC-OK,UNCLEAR,rfnd not credited,N,False,False,0.0,False
TK-243718,2025-08,2025Q3,A3031,Zaid Desai,Logistics,VA-SW-FIT,1999.0,GW-OTHER,UNCLEAR,UNCLEAR,-,N,False,False,0.0,True
TK-243723,2025-07,2025Q3,A3002,Steven Ansari,Chat Frontline,VA-NB-ARC,1299.0,CANCEL,CANCEL,,,N,,False,0.0,False
TK-243724,2025-07,2025Q3,A3014,Anjali D'Souza,Chat Frontline,VA-SW-FIT,1999.0,LOST-TRANSIT,LOST-TRANSIT,,,N,,False,0.0,False
TK-243730,2025-07,2025Q3,A3030,Aishwarya Trivedi,Logistics,VA-SP-ORB,5399.0,CANCEL,CANCEL,,,N,,False,0.0,False
TK-243738,2025-08,2025Q3,A3036,Ritika D'Souza,Returns Desk,VA-SW-NX1,4999.0,GW-OTHER,LOST-TRANSIT,LOST-TRANSIT,Transit damage,N,False,False,0.0,True
TK-243765,2025-08,2025Q3,A3028,Sameer Kapoor,Logistics,VA-EB-PL2,2799.0,RETURN-QC-OK,RETURN-QC-OK,,,N,,False,0.0,False
TK-243771,2025-08,2025Q3,A3029,Rajat Mukherjee,Logistics,VA-SW-NX2,6499.0,LOST-TRANSIT,LOST-TRANSIT,,,N,,False,0.0,False
TK-243778,2025-08,2025Q3,A3036,Ritika D'Souza,Returns Desk,VA-EB-PL2,2974.0,GW-OTHER,RETURN-QC-OK,RETURN-QC-OK,Checked reverse pkp QC status,N,False,False,0.0,True
TK-243781,2025-08,2025Q3,A3017,Kabir Singh,Email Frontline,VA-SW-NX2,6499.0,CANCEL,CANCEL,,,N,,False,0.0,False
TK-243784,2025-08,2025Q3,A3017,Kabir Singh,Email Frontline,VA-EB-PL2,3499.0,GW-OTHER,DUP-PAYMENT,DUP-PAYMENT,ticket raised for duplicate payment,N,False,False,0.0,True
TK-243789,2025-08,2025Q3,A3039,Reyansh Mishra,Escalations & Warranty,VA-SW-NX2,6499.0,GW-OTHER,WTY-BUYBACK,WTY-BUYBACK,checked warranty eligibility,N,False,False,0.0,True
TK-243792,2025-08,2025Q3,A3039,Reyansh Mishra,Escalations & Warranty,VA-SW-NX2,5199.0,GW-OTHER,GW-OTHER,GW-OTHER,walked through hard reset... refund + rplc,Y,True,True,2790.0,True
TK-243794,2025-08,2025Q3,A3018,Krishna Bhatt,Email Frontline,VA-SP-ORB,5399.0,CANCEL,CANCEL,,,N,,False,0.0,False
TK-243796,2025-08,2025Q3,A3030,Aishwarya Trivedi,Logistics,VA-EB-PL2,3149.0,GW-OTHER,LOST-TRANSIT,LOST-TRANSIT,"RTO confirmed, reshipped",N,True,True,1820.0,True
TK-243800,2025-08,2025Q3,A3030,Aishwarya Trivedi,Logistics,VA-EB-PL2,3324.0,WTY-BUYBACK,WTY-BUYBACK,LOST-TRANSIT,Refund processed to source; replacement unit also shipped,Y,True,True,1820.0,False
TK-243806,2025-08,2025Q3,A3037,Manish Iyer,Returns Desk,VA-EB-PL2,1750.0,RETURN-QC-OK,RETURN-QC-OK,,,N,,False,0.0,False
TK-243814,2025-08,2025Q3,A3007,Abhishek Gupta,Chat Frontline,VA-SW-NX2,6499.0,GW-OTHER,GW-OTHER,GW-OTHER,adv fw update... reversed payment & dispatched a new one,Y,True,True,2790.0,True
TK-243820,2025-08,2025Q3,A3033,Vikram Banerjee,Billing,VA-SP-ORB,5999.0,DUP-PAYMENT,DUP-PAYMENT,,,N,,False,0.0,False
TK-243823,2025-08,2025Q3,A3030,Aishwarya Trivedi,Logistics,VA-EB-AIR,1439.0,GW-OTHER,LOST-TRANSIT,LOST-TRANSIT,damaged in transit,N,False,False,0.0,True
TK-243824,2025-08,2025Q3,A3030,Aishwarya Trivedi,Logistics,VA-EB-PL2,3149.0,LOST-TRANSIT,LOST-TRANSIT,,,N,,False,0.0,False
TK-243828,2025-08,2025Q3,A3035,Dev Kulkarni,Billing,VA-EB-PL1,1000.0,DUP-PAYMENT,DUP-PAYMENT,,,N,,False,0.0,False
TK-243829,2025-08,2025Q3,A3030,Aishwarya Trivedi,Logistics,VA-SP-ORB,5699.0,LOST-TRANSIT,LOST-TRANSIT,,,N,,False,0.0,False
TK-243834,2025-08,2025Q3,A3035,Dev Kulkarni,Billing,VA-AC-CASE,1299.0,GW-OTHER,DUP-PAYMENT,DUP-PAYMENT,doulbe charge,N,False,False,0.0,True
TK-243843,2025-08,2025Q3,A3038,Ankit Dhillon,Returns Desk,VA-HP-ST3,5599.0,GW-OTHER,RETURN-QC-OK,RETURN-QC-OK,chk reverse pkp QC status,N,False,False,0.0,True
TK-243880,2025-08,2025Q3,A3029,Rajat Mukherjee,Logistics,VA-EB-PL2,2799.0,GW-OTHER,LOST-TRANSIT,LOST-TRANSIT,refund initiated as lost in transit,N,True,True,1820.0,True
TK-243881,2025-08,2025Q3,A3035,Dev Kulkarni,Billing,VA-EB-PL1,2499.0,CANCEL,CANCEL,,,N,,False,0.0,False
TK-243889,2025-08,2025Q3,A3030,Aishwarya Trivedi,Logistics,VA-SW-NX2,6499.0,CANCEL,CANCEL,,,N,,False,0.0,False
TK-243895,2025-08,2025Q3,A3037,Manish Iyer,Returns Desk,VA-EB-PL1,337.0,GW-OTHER,RETURN-QC-OK,RETURN-QC-OK,reverse pickup pending,N,False,False,0.0,False
TK-243900,2025-08,2025Q3,A3008,Meera Malhotra,Chat Frontline,VA-EB-AIR,1799.0,WTY-BUYBACK,WTY-BUYBACK,,,N,,False,0.0,False
TK-243902,2025-08,2025Q3,A3004,Geeta Dutta,Chat Frontline,VA-EB-AIR,2878.0,PRICE-ADJ,PRICE-ADJ,,,N,,False,0.0,False
TK-243905,2025-08,2025Q3,A3036,Ritika D'Souza,Returns Desk,VA-SW-FIT,1999.0,GW-OTHER,RETURN-QC-OK,RETURN-QC-OK,rfnd delay,N,False,False,0.0,True
TK-243908,2025-08,2025Q3,A3022,Daniel Arora,Email Frontline,VA-EB-PL2,3324.0,DUP-PAYMENT,DUP-PAYMENT,,,N,,False,0.0,False
TK-243913,2025-08,2025Q3,A3038,Ankit Dhillon,Returns Desk,VA-NB-ARC,234.0,RETURN-QC-OK,RETURN-QC-OK,,,N,,False,0.0,False
TK-243914,2025-08,2025Q3,A3034,Tanvi Rathore,Billing,VA-EB-PL2,1750.0,CANCEL,CANCEL,,,N,,False,0.0,False
TK-243917,2025-08,2025Q3,A3038,Ankit Dhillon,Returns Desk,VA-SP-ORB,2700.0,RETURN-QC-OK,RETURN-QC-OK,,,N,,False,0.0,False
TK-243931,2025-08,2025Q3,A3001,Suresh Kaur,Chat Frontline,VA-HP-ST3,6299.0,CANCEL,CANCEL,,,N,,False,0.0,False
TK-243932,2025-08,2025Q3,A3033,Vikram Banerjee,Billing,VA-EB-PL2,3324.0,DUP-PAYMENT,DUP-PAYMENT,,,N,,False,0.0,False
TK-243933,2025-08,2025Q3,A3034,Tanvi Rathore,Billing,VA-SW-NX1,4749.0,GW-OTHER,DUP-PAYMENT,DUP-PAYMENT,"amount deducted, no order confirmation",N,False,False,0.0,True
TK-243944,2025-08,2025Q3,A3036,Ritika D'Souza,Returns Desk,VA-EB-PL2,3149.0,RETURN-QC-OK,RETURN-QC-OK,,,N,,False,0.0,False
TK-243946,2025-08,2025Q3,A3044,Arjun Kumar,Escalations & Warranty,VA-EB-PL2,3499.0,DOA-REPL,DOA-REPL,DOA-REPL,Unit received damaged... cx opted for refund,N,False,False,0.0,False
TK-243961,2025-08,2025Q3,A3017,Kabir Singh,Email Frontline,VA-EB-AIR,1619.0,GW-OTHER,GW-OTHER,GW-OTHER,replacement dispatched as goodwill,Y,True,True,1100.0,True
TK-243965,2025-08,2025Q3,A3038,Ankit Dhillon,Returns Desk,VA-SP-MINI,2499.0,GW-OTHER,RETURN-QC-OK,RETURN-QC-OK,reverse pickup QC status,N,False,False,0.0,True
TK-243973,2025-08,2025Q3,A3032,Sneha Bansal,Billing,VA-EB-PL2,350.0,DUP-PAYMENT,DUP-PAYMENT,,,N,,False,0.0,False
TK-243984,2025-08,2025Q3,A3018,Krishna Bhatt,Email Frontline,VA-NB-ARC,221.0,DUP-PAYMENT,DUP-PAYMENT,,,N,,False,0.0,False
TK-243991,2025-08,2025Q3,A3036,Ritika D'Souza,Returns Desk,VA-EB-AIR,1619.0,GW-OTHER,RETURN-QC-OK,RETURN-QC-OK,where is the money for the return,N,False,False,0.0,True
TK-243993,2025-08,2025Q3,A3007,Abhishek Gupta,Chat Frontline,VA-EB-AIR,1439.0,DOA-REPL,DOA-REPL,GW-OTHER,issued rfnd + rplc both,Y,True,True,1100.0,False
TK-243994,2025-08,2025Q3,A3037,Manish Iyer,Returns Desk,VA-EB-AIR,1799.0,RETURN-QC-OK,RETURN-QC-OK,,,N,,False,0.0,False
TK-244000,2025-08,2025Q3,A3038,Ankit Dhillon,Returns Desk,VA-EB-AIR,1619.0,GW-OTHER,GW-OTHER,GW-OTHER,new unit sent as one-time gesture,N,True,True,1100.0,True
TK-244007,2025-08,2025Q3,A3030,Aishwarya Trivedi,Logistics,VA-EB-PL2,2974.0,DOA-REPL,DOA-REPL,,,N,,False,0.0,False
TK-244010,2025-08,2025Q3,A3006,Varun Bhatt,Chat Frontline,VA-SP-MINI,2374.0,GW-OTHER,RETURN-QC-OK,RETURN-QC-OK,checked reverse pickup qc status,N,False,False,0.0,True
TK-244018,2025-08,2025Q3,A3037,Manish Iyer,Returns Desk,VA-EB-PL2,5948.0,GW-OTHER,RETURN-QC-OK,RETURN-QC-OK,issue: reverse pickup pending,N,False,False,0.0,True
TK-244024,2025-08,2025Q3,A3037,Manish Iyer,Returns Desk,VA-SP-ORB,5999.0,RETURN-QC-OK,RETURN-QC-OK,,,N,,False,0.0,False
TK-244026,2025-08,2025Q3,A3032,Sneha Bansal,Billing,VA-EB-PL2,3499.0,CANCEL,CANCEL,,,N,,False,0.0,False
TK-244029,2025-08,2025Q3,A3036,Ritika D'Souza,Returns Desk,VA-EB-PL2,3324.0,GW-OTHER,UNCLEAR,UNCLEAR,cx states rfnd delay,N,False,False,0.0,True
TK-244031,2025-08,2025Q3,A3036,Ritika D'Souza,Returns Desk,VA-HP-ST2,4999.0,GW-OTHER,RETURN-QC-OK,RETURN-QC-OK,Checked reverse pickup QC status,N,False,False,0.0,True
TK-244034,2025-08,2025Q3,A3036,Ritika D'Souza,Returns Desk,VA-EB-PL2,3499.0,RETURN-QC-OK,RETURN-QC-OK,,,N,,False,0.0,False
TK-244040,2025-08,2025Q3,A3037,Manish Iyer,Returns Desk,VA-SW-NX2,6174.0,GW-OTHER,LOST-TRANSIT,LOST-TRANSIT,damaged in transit... fresh pair shipped,Y,True,True,2790.0,True
TK-244042,2025-08,2025Q3,A3038,Ankit Dhillon,Returns Desk,VA-EB-PL2,350.0,RETURN-QC-OK,RETURN-QC-OK,,,N,,False,0.0,False
TK-244054,2025-08,2025Q3,A3030,Aishwarya Trivedi,Logistics,VA-HP-ST3,5949.0,GW-OTHER,LOST-TRANSIT,LOST-TRANSIT,Reported: ord not delivered,N,False,False,0.0,True
TK-244074,2025-08,2025Q3,A3035,Dev Kulkarni,Billing,VA-EB-PL2,3149.0,DUP-PAYMENT,DUP-PAYMENT,,,N,,False,0.0,False
TK-244078,2025-08,2025Q3,A3036,Ritika D'Souza,Returns Desk,VA-EB-PL2,472.0,GW-OTHER,RETURN-QC-OK,RETURN-QC-OK,Checked reverse pkp QC status,N,False,False,0.0,False
TK-244084,2025-08,2025Q3,A3032,Sneha Bansal,Billing,VA-SP-MINI,500.0,RETURN-QC-OK,RETURN-QC-OK,RETURN-QC-OK,reverse pkp pending,N,False,False,0.0,False
TK-244086,2025-08,2025Q3,A3035,Dev Kulkarni,Billing,VA-SP-ORB,5999.0,DUP-PAYMENT,DUP-PAYMENT,,,N,,False,0.0,False
TK-244095,2025-08,2025Q3,A3014,Anjali D'Souza,Chat Frontline,VA-HP-ST3,5599.0,GW-OTHER,GW-OTHER,GW-OTHER,"Credited full amount, new unit also going out",N,True,True,2990.0,True
TK-244097,2025-08,2025Q3,A3036,Ritika D'Souza,Returns Desk,VA-EB-PL1,2499.0,RETURN-QC-OK,RETURN-QC-OK,,,N,,False,0.0,False
TK-244111,2025-08,2025Q3,A3011,Rohit Gill,Chat Frontline,VA-SW-NX2,6499.0,CANCEL,CANCEL,,,N,,False,0.0,False
TK-244116,2025-08,2025Q3,A3036,Ritika D'Souza,Returns Desk,VA-AC-CBL,120.0,RETURN-QC-OK,RETURN-QC-OK,,,N,,False,0.0,False
TK-244125,2025-08,2025Q3,A3035,Dev Kulkarni,Billing,VA-EB-PL2,3499.0,DUP-PAYMENT,DUP-PAYMENT,,,N,,False,0.0,False
TK-244134,2025-08,2025Q3,A3033,Vikram Banerjee,Billing,VA-SW-NX2,6499.0,DUP-PAYMENT,DUP-PAYMENT,,,N,,False,0.0,False
TK-244146,2025-08,2025Q3,A3036,Ritika D'Souza,Returns Desk,VA-EB-PL2,3324.0,RETURN-QC-OK,RETURN-QC-OK,,,N,,False,0.0,False
TK-244151,2025-08,2025Q3,A3007,Abhishek Gupta,Chat Frontline,VA-EB-PL2,3499.0,GW-OTHER,DOA-REPL,DOA-REPL,"offered rplc, cx preferred rfnd",N,False,False,0.0,True
TK-244152,2025-08,2025Q3,A3035,Dev Kulkarni,Billing,VA-EB-PL2,2799.0,GW-OTHER,UNCLEAR,UNCLEAR,-,N,False,False,0.0,True
TK-244153,2025-08,2025Q3,A3031,Zaid Desai,Logistics,VA-SW-NX2,617.0,LOST-TRANSIT,LOST-TRANSIT,,,N,,False,0.0,False
TK-244162,2025-08,2025Q3,A3014,Anjali D'Souza,Chat Frontline,VA-SP-MINI,2249.0,GW-OTHER,WTY-BUYBACK,WTY-BUYBACK,rplc appoved & dispatched,N,True,True,1320.0,True
TK-244164,2025-08,2025Q3,A3035,Dev Kulkarni,Billing,VA-EB-PL2,525.0,GW-OTHER,DUP-PAYMENT,DUP-PAYMENT,Failed order after payment,N,False,False,0.0,True
TK-244165,2025-08,2025Q3,A3005,Payal Bhatia,Chat Frontline,VA-EB-PL2,3499.0,GW-OTHER,CANCEL,CANCEL,"Cancelled, refund initiated.",N,False,False,0.0,True
TK-244167,2025-08,2025Q3,A3042,Swati Bhatia,Escalations & Warranty,VA-SP-ORB,5999.0,DOA-REPL,DOA-REPL,,,N,,False,0.0,False
TK-244172,2025-08,2025Q3,A3022,Daniel Arora,Email Frontline,VA-SP-MINI,1999.0,GW-OTHER,DOA-REPL,DOA-REPL,"Replacement was offered earlier by chat team, cx opted for rfnd.",N,False,False,0.0,True
TK-244176,2025-08,2025Q3,A3037,Manish Iyer,Returns Desk,VA-SP-ORB,1080.0,RETURN-QC-OK,RETURN-QC-OK,,,Y,,True,1080.0,False
TK-244185,2025-08,2025Q3,A3036,Ritika D'Souza,Returns Desk,VA-EB-PL2,3499.0,WTY-BUYBACK,WTY-BUYBACK,GW-OTHER,"Issued rfnd + replacement both, TL aware.",Y,True,True,1820.0,False
TK-244187,2025-08,2025Q3,A3035,Dev Kulkarni,Billing,VA-EB-PL2,700.0,RETURN-QC-OK,RETURN-QC-OK,,,N,,False,0.0,False
TK-244190,2025-08,2025Q3,A3030,Aishwarya Trivedi,Logistics,VA-SW-NX2,6499.0,DOA-REPL,DOA-REPL,LOST-TRANSIT,Processed FR & raised RMA for new set,Y,True,True,2790.0,False
TK-244194,2025-08,2025Q3,A3034,Tanvi Rathore,Billing,VA-SW-NX2,1235.0,RETURN-QC-OK,RETURN-QC-OK,,,N,,False,0.0,False
TK-244209,2025-08,2025Q3,A3026,Aadhya Deshpande,Voice Frontline,VA-SP-MINI,2499.0,CANCEL,CANCEL,,,N,,False,0.0,False
TK-244210,2025-08,2025Q3,A3035,Dev Kulkarni,Billing,VA-SW-FIT,1599.0,DUP-PAYMENT,DUP-PAYMENT,,,N,,False,0.0,False
TK-244212,2025-08,2025Q3,A3026,Aadhya Deshpande,Voice Frontline,VA-EB-PL2,3499.0,CANCEL,CANCEL,,,N,,False,0.0,False
TK-244216,2025-08,2025Q3,A3033,Vikram Banerjee,Billing,VA-EB-PL1,2374.0,DUP-PAYMENT,DUP-PAYMENT,,,N,,False,0.0,False
TK-244218,2025-08,2025Q3,A3027,Priya Agarwal,Logistics,VA-EB-PL2,3499.0,LOST-TRANSIT,LOST-TRANSIT,LOST-TRANSIT,Order not delivered,N,False,False,0.0,False
TK-244220,2025-08,2025Q3,A3037,Manish Iyer,Returns Desk,VA-EB-PL2,3499.0,GW-OTHER,RETURN-QC-OK,RETURN-QC-OK,You picked up the item 20 days ago,N,False,False,0.0,True
TK-244224,2025-08,2025Q3,A3038,Ankit Dhillon,Returns Desk,VA-EB-PL2,2799.0,RETURN-QC-OK,RETURN-QC-OK,,,N,,False,0.0,False
TK-244228,2025-09,2025Q3,A3039,Reyansh Mishra,Escalations & Warranty,VA-EB-PL2,3499.0,GW-OTHER,GW-OTHER,GW-OTHER,replacement approved and dispatched. Amount returned to card; fresh unit shipped,N,True,True,1820.0,True
TK-244231,2025-08,2025Q3,A3012,Lakshmi Srivastava,Chat Frontline,VA-EB-PL2,1400.0,GW-OTHER,CANCEL,CANCEL,contact re cancel order,N,False,False,0.0,True
TK-244241,2025-08,2025Q3,A3035,Dev Kulkarni,Billing,VA-EB-PL1,2499.0,PRICE-ADJ,PRICE-ADJ,,,N,,False,0.0,False
TK-244243,2025-08,2025Q3,A3041,Mohammed Mehta,Escalations & Warranty,VA-EB-PL1,2499.0,WTY-BUYBACK,WTY-BUYBACK,GW-OTHER,Money back to source & a fresh pair shipped.,N,True,True,1460.0,False
TK-244273,2025-08,2025Q3,A3029,Rajat Mukherjee,Logistics,VA-EB-PL2,2799.0,GW-OTHER,LOST-TRANSIT,LOST-TRANSIT,issued refund + replacement both,N,True,True,1820.0,True
TK-244276,2025-08,2025Q3,A3033,Vikram Banerjee,Billing,VA-EB-PL2,2799.0,DUP-PAYMENT,DUP-PAYMENT,,,N,,False,0.0,False
TK-244281,2025-08,2025Q3,A3018,Krishna Bhatt,Email Frontline,VA-NB-ARC,1169.0,DOA-REPL,DOA-REPL,WTY-BUYBACK,"Replacement was offered earlier by chat team, cx opted for refund.",N,False,False,0.0,False
TK-244293,2025-08,2025Q3,A3037,Manish Iyer,Returns Desk,VA-EB-PL1,2499.0,RETURN-QC-OK,RETURN-QC-OK,,,N,,False,0.0,False
TK-244294,2025-08,2025Q3,A3038,Ankit Dhillon,Returns Desk,VA-EB-PL2,3499.0,RETURN-QC-OK,RETURN-QC-OK,,,N,,False,0.0,False
TK-244296,2025-08,2025Q3,A3034,Tanvi Rathore,Billing,VA-EB-PL2,1574.0,RETURN-QC-OK,RETURN-QC-OK,,,N,,False,0.0,False
TK-244300,2025-08,2025Q3,A3038,Ankit Dhillon,Returns Desk,VA-HP-ST2,3999.0,RETURN-QC-OK,RETURN-QC-OK,,,N,,False,0.0,False
TK-244310,2025-08,2025Q3,A3034,Tanvi Rathore,Billing,VA-SW-NX1,475.0,GW-OTHER,DUP-PAYMENT,DUP-PAYMENT,my bank says rs 2499 went to you but your site says i have no orders,N,False,False,0.0,False
TK-244317,2025-08,2025Q3,A3007,Abhishek Gupta,Chat Frontline,VA-EB-PL1,2499.0,GW-OTHER,CANCEL,CANCEL,"please cancel, ordered by mistake",N,False,False,0.0,True
TK-244323,2025-08,2025Q3,A3032,Sneha Bansal,Billing,VA-SP-ORB,810.0,GW-OTHER,DUP-PAYMENT,DUP-PAYMENT,charged twice,N,False,False,0.0,True
TK-244330,2025-08,2025Q3,A3037,Manish Iyer,Returns Desk,VA-EB-PL2,1487.0,GW-OTHER,RETURN-QC-OK,RETURN-QC-OK,u picked up the item 11 days ago,N,False,False,0.0,True
TK-244333,2025-08,2025Q3,A3036,Ritika D'Souza,Returns Desk,VA-EB-PL2,3499.0,GW-OTHER,RETURN-QC-OK,RETURN-QC-OK,chk reverse pickup QC status,N,False,False,0.0,True
TK-244345,2025-08,2025Q3,A3038,Ankit Dhillon,Returns Desk,VA-SW-NX2,6499.0,RETURN-QC-OK,RETURN-QC-OK,UNCLEAR,Refund issued; rplc not applicable (out of stock).,N,False,False,0.0,False
TK-244347,2025-08,2025Q3,A3034,Tanvi Rathore,Billing,VA-EB-PL2,420.0,RETURN-QC-OK,RETURN-QC-OK,RETURN-QC-OK,you picked up the item 4 days ago,N,False,False,0.0,False
TK-244349,2025-08,2025Q3,A3025,Komal Malhotra,Voice Frontline,VA-EB-PL2,2974.0,GW-OTHER,LOST-TRANSIT,LOST-TRANSIT,shipment not rcvd. raised ticket with crr partner,N,False,False,0.0,True
TK-244354,2025-08,2025Q3,A3033,Vikram Banerjee,Billing,VA-SW-FIT,1999.0,GW-OTHER,DUP-PAYMENT,DUP-PAYMENT,"payment debited, no ord",N,False,False,0.0,True
TK-244355,2025-08,2025Q3,A3006,Varun Bhatt,Chat Frontline,VA-EB-AIR,1799.0,GW-OTHER,DOA-REPL,DOA-REPL,case no led / no charge. confirmed case led dead,N,False,False,0.0,True
TK-244356,2025-08,2025Q3,A3031,Zaid Desai,Logistics,VA-SW-NX1,4999.0,DOA-REPL,DOA-REPL,,,N,,False,0.0,False
TK-244364,2025-08,2025Q3,A3036,Ritika D'Souza,Returns Desk,VA-EB-PL2,525.0,RETURN-QC-OK,RETURN-QC-OK,,,N,,False,0.0,False
TK-244366,2025-08,2025Q3,A3036,Ritika D'Souza,Returns Desk,VA-EB-PL2,2799.0,RETURN-QC-OK,RETURN-QC-OK,,,N,,False,0.0,False
TK-244373,2025-08,2025Q3,A3028,Sameer Kapoor,Logistics,VA-EB-PL1,2499.0,RETURN-QC-OK,RETURN-QC-OK,,,N,,False,0.0,False
TK-244379,2025-08,2025Q3,A3040,Thomas Jadhav,Escalations & Warranty,VA-SW-FIT,1999.0,DOA-REPL,DOA-REPL,GW-OTHER,Issued refund + replacement both,N,True,True,1190.0,False
TK-244383,2025-08,2025Q3,A3038,Ankit Dhillon,Returns Desk,VA-SW-NX2,6499.0,RETURN-QC-OK,RETURN-QC-OK,DOA-REPL,"Offered replacement, cx preferred refund",N,False,False,0.0,False
TK-244386,2025-08,2025Q3,A3032,Sneha Bansal,Billing,VA-SP-ORB,1020.0,DUP-PAYMENT,DUP-PAYMENT,,,N,,False,0.0,False
TK-244392,2025-08,2025Q3,A3010,Tenzin Mathew,Chat Frontline,VA-EB-PL2,3149.0,GW-OTHER,GW-OTHER,GW-OTHER,Full refund issued and replacement dispatched as goodwill,Y,True,True,1820.0,True
TK-244396,2025-08,2025Q3,A3038,Ankit Dhillon,Returns Desk,VA-SP-MINI,450.0,RETURN-QC-OK,RETURN-QC-OK,,,N,,False,0.0,False
TK-244422,2025-08,2025Q3,A3033,Vikram Banerjee,Billing,VA-EB-PL2,525.0,DUP-PAYMENT,DUP-PAYMENT,,,N,,False,0.0,False
TK-244423,2025-08,2025Q3,A3025,Komal Malhotra,Voice Frontline,VA-EB-PL1,2499.0,GW-OTHER,CANCEL,CANCEL,issue: cancel ord,N,False,False,0.0,True
TK-244425,2025-08,2025Q3,A3035,Dev Kulkarni,Billing,VA-SP-MINI,1250.0,DUP-PAYMENT,DUP-PAYMENT,,,N,,False,0.0,False
TK-244430,2025-08,2025Q3,A3018,Krishna Bhatt,Email Frontline,VA-EB-PL2,315.0,CANCEL,CANCEL,,,N,,False,0.0,False
TK-244433,2025-08,2025Q3,A3005,Payal Bhatia,Chat Frontline,VA-EB-AIR,810.0,GW-OTHER,CANCEL,CANCEL,"Cancelled before dispatch. Cancelled, refund initiated",N,False,False,0.0,True
TK-244436,2025-08,2025Q3,A3014,Anjali D'Souza,Chat Frontline,VA-EB-PL1,2249.0,CANCEL,CANCEL,,,N,,False,0.0,False
TK-244445,2025-09,2025Q3,A3038,Ankit Dhillon,Returns Desk,VA-EB-PL1,2499.0,RETURN-QC-OK,RETURN-QC-OK,,,N,,False,0.0,False
TK-244456,2025-09,2025Q3,A3030,Aishwarya Trivedi,Logistics,VA-EB-PL2,3324.0,GW-OTHER,LOST-TRANSIT,LOST-TRANSIT,Contact re unit received damaged,N,False,False,0.0,True
TK-244458,2025-08,2025Q3,A3030,Aishwarya Trivedi,Logistics,VA-EB-PL1,225.0,GW-OTHER,UNCLEAR,UNCLEAR,as discussed,N,False,False,0.0,False
TK-244481,2025-09,2025Q3,A3039,Reyansh Mishra,Escalations & Warranty,VA-SW-NX2,975.0,DOA-REPL,DOA-REPL,,,N,,False,0.0,False
TK-244482,2025-09,2025Q3,A3036,Ritika D'Souza,Returns Desk,VA-EB-PL2,3499.0,RETURN-QC-OK,RETURN-QC-OK,,,N,,False,0.0,False
TK-244484,2025-09,2025Q3,A3028,Sameer Kapoor,Logistics,VA-EB-PL1,2499.0,GW-OTHER,LOST-TRANSIT,LOST-TRANSIT,"unit rcvd damaged. photos rcvd, damage conf",N,False,False,0.0,True
TK-244490,2025-09,2025Q3,A3035,Dev Kulkarni,Billing,VA-EB-PL2,3149.0,DUP-PAYMENT,DUP-PAYMENT,,,N,,False,0.0,False
TK-244492,2025-09,2025Q3,A3017,Kabir Singh,Email Frontline,VA-EB-PL2,2799.0,GW-OTHER,RETURN-QC-OK,RETURN-QC-OK,chk reverse pkp qc status,N,False,False,0.0,True
TK-244495,2025-09,2025Q3,A3038,Ankit Dhillon,Returns Desk,VA-SW-NX2,5199.0,GW-OTHER,CANCEL,CANCEL,Cancel order,N,False,False,0.0,True
TK-244497,2025-09,2025Q3,A3034,Tanvi Rathore,Billing,VA-EB-AIR,1799.0,DUP-PAYMENT,DUP-PAYMENT,,,N,,False,0.0,False
TK-244498,2025-09,2025Q3,A3027,Priya Agarwal,Logistics,VA-HP-ST2,4999.0,DOA-REPL,DOA-REPL,LOST-TRANSIT,Unit received damaged... Replacement dispatched,N,True,True,2440.0,False
TK-244500,2025-09,2025Q3,A3027,Priya Agarwal,Logistics,VA-EB-PL2,2974.0,DOA-REPL,DOA-REPL,GW-OTHER,Replacement raised... Money back to source and fresh pair shipped,Y,True,True,1820.0,False
TK-244510,2025-09,2025Q3,A3020,Aadhya Singh,Email Frontline,VA-SW-FIT,1999.0,GW-OTHER,DUP-PAYMENT,DUP-PAYMENT,"payment debited, no ord",N,False,False,0.0,True
TK-244515,2025-09,2025Q3,A3015,Sameer Jadhav,Chat Frontline,VA-EB-AIR,1709.0,GW-OTHER,GW-OTHER,GW-OTHER,Amount returned to card; fresh unit shipped,Y,True,True,1100.0,True
TK-244528,2025-09,2025Q3,A3035,Dev Kulkarni,Billing,VA-EB-AIR,1799.0,DUP-PAYMENT,DUP-PAYMENT,,,N,,False,0.0,False
TK-244544,2025-09,2025Q3,A3030,Aishwarya Trivedi,Logistics,VA-EB-PL2,350.0,RETURN-QC-OK,RETURN-QC-OK,GW-OTHER,rfnd processed without pickup as goodwill,N,False,False,0.0,False
TK-244550,2025-09,2025Q3,A3037,Manish Iyer,Returns Desk,VA-EB-PL2,560.0,RETURN-QC-OK,RETURN-QC-OK,,,N,,False,0.0,False
TK-244553,2025-09,2025Q3,A3006,Varun Bhatt,Chat Frontline,VA-EB-PL1,2499.0,GW-OTHER,CANCEL,CANCEL,cancellation request. cancelled before dispatch,N,False,False,0.0,True
TK-244556,2025-09,2025Q3,A3029,Rajat Mukherjee,Logistics,VA-EB-PL2,2799.0,GW-OTHER,GW-OTHER,GW-OTHER,"cx got the amount back, also sending a new set",N,True,True,1820.0,True
TK-244561,2025-09,2025Q3,A3035,Dev Kulkarni,Billing,VA-EB-PL1,2499.0,GW-OTHER,DUP-PAYMENT,DUP-PAYMENT,failed order aftter payment. conf w/ payment gateway,N,False,False,0.0,True
TK-244563,2025-09,2025Q3,A3008,Meera Malhotra,Chat Frontline,VA-SW-NX2,3250.0,CANCEL,CANCEL,,,N,,False,0.0,False
TK-244570,2025-09,2025Q3,A3039,Reyansh Mishra,Escalations & Warranty,VA-EB-PL2,3499.0,GW-OTHER,GW-OTHER,GW-OTHER,"port cleaning, resolved. refund processed... replacement unit also shipped",N,True,True,1820.0,True
TK-244573,2025-09,2025Q3,A3025,Komal Malhotra,Voice Frontline,VA-EB-AIR,1529.0,GW-OTHER,GW-OTHER,GW-OTHER,both refund & rplc given as cx threatened social media,N,True,True,1100.0,True
TK-244575,2025-09,2025Q3,A3038,Ankit Dhillon,Returns Desk,VA-EB-PL2,3499.0,RETURN-QC-OK,RETURN-QC-OK,DOA-REPL,"Replacement was offered earlier by chat team, cx opted for refund",N,False,False,0.0,False
TK-244578,2025-09,2025Q3,A3010,Tenzin Mathew,Chat Frontline,VA-EB-PL2,2974.0,DOA-REPL,DOA-REPL,LOST-TRANSIT,"order not delivered... Credited full amount, new unit also going out",Y,True,True,1820.0,False
TK-244583,2025-09,2025Q3,A3034,Tanvi Rathore,Billing,VA-SP-MINI,2249.0,CANCEL,CANCEL,,,N,,False,0.0,False
TK-244599,2025-09,2025Q3,A3033,Vikram Banerjee,Billing,VA-EB-PL2,3324.0,DUP-PAYMENT,DUP-PAYMENT,,,N,,False,0.0,False
TK-244606,2025-09,2025Q3,A3031,Zaid Desai,Logistics,VA-SW-NX2,6499.0,DOA-REPL,DOA-REPL,LOST-TRANSIT,Issue: transit damage. Checked with courier for damage claim,N,False,False,0.0,False
TK-244608,2025-09,2025Q3,A3034,Tanvi Rathore,Billing,VA-AC-CASE,1169.0,DUP-PAYMENT,DUP-PAYMENT,,,N,,False,0.0,False
TK-244610,2025-09,2025Q3,A3035,Dev Kulkarni,Billing,VA-HP-ST2,3999.0,PRICE-ADJ,PRICE-ADJ,,,N,,False,0.0,False
TK-244611,2025-09,2025Q3,A3018,Krishna Bhatt,Email Frontline,VA-EB-PL1,2499.0,CANCEL,CANCEL,,,N,,False,0.0,False
TK-244615,2025-09,2025Q3,A3015,Sameer Jadhav,Chat Frontline,VA-EB-PL2,1750.0,CANCEL,CANCEL,,,N,,False,0.0,False
TK-244622,2025-09,2025Q3,A3009,Sukhwinder Singh,Chat Frontline,VA-NB-ARC,1234.0,GW-OTHER,GW-OTHER,GW-OTHER,"Cx got the amount back, also sending a new set",N,True,True,880.0,True
TK-244624,2025-09,2025Q3,A3033,Vikram Banerjee,Billing,VA-EB-PL2,1400.0,PRICE-ADJ,PRICE-ADJ,,,N,,False,0.0,False
TK-244629,2025-09,2025Q3,A3028,Sameer Kapoor,Logistics,VA-SP-MINI,2499.0,LOST-TRANSIT,LOST-TRANSIT,UNCLEAR,"cust contacted re ord not delivered... rto conf, reshipped.",N,False,False,0.0,False
TK-244635,2025-09,2025Q3,A3026,Aadhya Deshpande,Voice Frontline,VA-EB-PL2,315.0,GW-OTHER,CANCEL,CANCEL,cancelled before dispatch -> full rfnd processed,N,False,False,0.0,False
TK-244639,2025-09,2025Q3,A3035,Dev Kulkarni,Billing,VA-AC-CASE,617.0,RETURN-QC-OK,RETURN-QC-OK,,,N,,False,0.0,False
TK-244642,2025-09,2025Q3,A3036,Ritika D'Souza,Returns Desk,VA-SP-MINI,2124.0,GW-OTHER,RETURN-QC-OK,RETURN-QC-OK,where is the money for the return,N,False,False,0.0,True
TK-244644,2025-09,2025Q3,A3030,Aishwarya Trivedi,Logistics,VA-SW-NX2,6499.0,WTY-BUYBACK,WTY-BUYBACK,GW-OTHER,incorrect product shipped... rfnd issued... replacement unit also shipped,N,True,True,2790.0,False
TK-244645,2025-09,2025Q3,A3036,Ritika D'Souza,Returns Desk,VA-EB-PL2,3499.0,RETURN-QC-OK,RETURN-QC-OK,,,N,,False,0.0,False
TK-244674,2025-09,2025Q3,A3033,Vikram Banerjee,Billing,VA-AC-CASE,1039.0,PRICE-ADJ,PRICE-ADJ,,,N,,False,0.0,False
TK-244677,2025-09,2025Q3,A3013,Rohit Nair,Chat Frontline,VA-HP-ST3,6999.0,GW-OTHER,GW-OTHER,GW-OTHER,"reset done, paired ok. | credited full amount, new unit also going out",Y,True,True,2990.0,True
TK-244687,2025-09,2025Q3,A3030,Aishwarya Trivedi,Logistics,VA-EB-PL2,3499.0,LOST-TRANSIT,LOST-TRANSIT,LOST-TRANSIT,Issue: delivery delayed. Checked AWB w/ courier,N,False,False,0.0,False
TK-244700,2025-09,2025Q3,A3028,Sameer Kapoor,Logistics,VA-EB-PL2,3499.0,RETURN-QC-OK,RETURN-QC-OK,,,N,,False,0.0,False
TK-244708,2025-09,2025Q3,A3035,Dev Kulkarni,Billing,VA-HP-ST2,4499.0,DUP-PAYMENT,DUP-PAYMENT,,,N,,False,0.0,False
TK-244710,2025-09,2025Q3,A3036,Ritika D'Souza,Returns Desk,VA-EB-PL2,2799.0,RETURN-QC-OK,RETURN-QC-OK,LOST-TRANSIT,Issue: pickup not done. Checked pickup AWB,N,False,False,0.0,False
TK-244715,2025-09,2025Q3,A3035,Dev Kulkarni,Billing,VA-EB-PL2,6648.0,DUP-PAYMENT,DUP-PAYMENT,,,N,,False,0.0,False
TK-244725,2025-09,2025Q3,A3007,Abhishek Gupta,Chat Frontline,VA-EB-PL2,2799.0,CANCEL,CANCEL,,,N,,False,0.0,False
TK-244726,2025-09,2025Q3,A3013,Rohit Nair,Chat Frontline,VA-EB-AIR,342.0,CANCEL,CANCEL,,,N,,False,0.0,False
TK-244727,2025-09,2025Q3,A3024,Amit Deshpande,Voice Frontline,VA-HP-ST3,11198.0,CANCEL,CANCEL,,,N,,False,0.0,False
TK-244733,2025-09,2025Q3,A3035,Dev Kulkarni,Billing,VA-AC-CH65,600.0,GW-OTHER,DUP-PAYMENT,DUP-PAYMENT,Duplicate payment... rfnd processed,N,False,False,0.0,True
TK-244743,2025-09,2025Q3,A3030,Aishwarya Trivedi,Logistics,VA-SW-NX2,1300.0,RETURN-QC-OK,RETURN-QC-OK,GW-OTHER,wrong item delivered... cx preferred rfnd. rfnd processed,N,False,False,0.0,False
TK-244746,2025-09,2025Q3,A3005,Payal Bhatia,Chat Frontline,VA-HP-ST2,712.0,GW-OTHER,UNCLEAR,UNCLEAR,Failed order after payment... Order manually created,N,False,False,0.0,True
TK-244754,2025-09,2025Q3,A3031,Zaid Desai,Logistics,VA-EB-PL1,2249.0,WTY-BUYBACK,WTY-BUYBACK,GW-OTHER,wrong item delivered... refund + rplc,N,True,True,1460.0,False
TK-244756,2025-09,2025Q3,A3032,Sneha Bansal,Billing,VA-SP-MINI,750.0,PRICE-ADJ,PRICE-ADJ,,,N,,False,0.0,False
TK-244757,2025-09,2025Q3,A3034,Tanvi Rathore,Billing,VA-SP-MINI,1000.0,GW-OTHER,UNCLEAR,UNCLEAR,"order manually created. issue: payment debited, no order",N,False,False,0.0,True
TK-244768,2025-09,2025Q3,A3034,Tanvi Rathore,Billing,VA-EB-PL1,2499.0,DUP-PAYMENT,DUP-PAYMENT,,,N,,False,0.0,False
TK-244772,2025-09,2025Q3,A3038,Ankit Dhillon,Returns Desk,VA-EB-PL2,5948.0,GW-OTHER,RETURN-QC-OK,RETURN-QC-OK,Where is the money for the return,N,False,False,0.0,True
TK-244780,2025-09,2025Q3,A3040,Thomas Jadhav,Escalations & Warranty,VA-SP-MINI,1187.0,DOA-REPL,DOA-REPL,,,N,,False,0.0,False
TK-244794,2025-09,2025Q3,A3021,Meera Mathew,Email Frontline,VA-EB-PL2,280.0,CANCEL,CANCEL,,,N,,False,0.0,False
TK-244802,2025-09,2025Q3,A3037,Manish Iyer,Returns Desk,VA-EB-PL1,2124.0,RETURN-QC-OK,RETURN-QC-OK,,,N,,False,0.0,False
TK-244806,2025-09,2025Q3,A3036,Ritika D'Souza,Returns Desk,VA-SW-NX2,6499.0,RETURN-QC-OK,RETURN-QC-OK,,,N,,False,0.0,False
TK-244815,2025-09,2025Q3,A3036,Ritika D'Souza,Returns Desk,VA-EB-PL2,3499.0,RETURN-QC-OK,RETURN-QC-OK,UNCLEAR,Cx says refund not credited... rfnd only,N,False,False,0.0,False
TK-244820,2025-09,2025Q3,A3037,Manish Iyer,Returns Desk,VA-EB-AIR,1529.0,RETURN-QC-OK,RETURN-QC-OK,,,N,,False,0.0,False
TK-244824,2025-09,2025Q3,A3038,Ankit Dhillon,Returns Desk,VA-EB-PL2,3499.0,GW-OTHER,RETURN-QC-OK,RETURN-QC-OK,The return was accepted,N,False,False,0.0,True
TK-244840,2025-09,2025Q3,A3014,Anjali D'Souza,Chat Frontline,VA-EB-PL2,2974.0,GW-OTHER,CANCEL,CANCEL,Cancelled before dispatch,N,False,False,0.0,True
TK-244843,2025-09,2025Q3,A3037,Manish Iyer,Returns Desk,VA-HP-ST3,5599.0,GW-OTHER,RETURN-QC-OK,RETURN-QC-OK,the return was accepted,N,False,False,0.0,True
TK-244844,2025-09,2025Q3,A3003,Komal Singh,Chat Frontline,VA-SW-NX2,6174.0,GW-OTHER,CANCEL,CANCEL,Cancelled before dispatch,N,False,False,0.0,True
TK-244845,2025-09,2025Q3,A3038,Ankit Dhillon,Returns Desk,VA-EB-PL2,2974.0,GW-OTHER,RETURN-QC-OK,RETURN-QC-OK,Checked reverse pickup QC status,N,False,False,0.0,True
TK-244850,2025-09,2025Q3,A3037,Manish Iyer,Returns Desk,VA-EB-AIR,1439.0,RETURN-QC-OK,RETURN-QC-OK,,,N,,False,0.0,False
TK-244856,2025-09,2025Q3,A3038,Ankit Dhillon,Returns Desk,VA-EB-PL2,472.0,RETURN-QC-OK,RETURN-QC-OK,RETURN-QC-OK,chk reverse pkp QC status,N,False,False,0.0,False
TK-244859,2025-09,2025Q3,A3037,Manish Iyer,Returns Desk,VA-EB-PL1,2124.0,RETURN-QC-OK,RETURN-QC-OK,,,N,,False,0.0,False
TK-244861,2025-09,2025Q3,A3010,Tenzin Mathew,Chat Frontline,VA-EB-PL1,319.0,CANCEL,CANCEL,,,N,,False,0.0,False
TK-244867,2025-09,2025Q3,A3015,Sameer Jadhav,Chat Frontline,VA-EB-PL2,3499.0,WTY-BUYBACK,WTY-BUYBACK,GW-OTHER,Sent a new unit and released the money,N,True,True,1820.0,False
TK-244872,2025-09,2025Q3,A3030,Aishwarya Trivedi,Logistics,VA-EB-PL1,2124.0,GW-OTHER,GW-OTHER,GW-OTHER,incorrect product shipped,Y,True,True,1460.0,True
TK-244880,2025-09,2025Q3,A3016,Thomas Kumar,Email Frontline,VA-EB-AIR,1799.0,GW-OTHER,GW-OTHER,GW-OTHER,Refunded Rs 1799 and also raised replacement,N,True,True,1100.0,True
TK-244887,2025-09,2025Q3,A3033,Vikram Banerjee,Billing,VA-EB-PL2,3499.0,DUP-PAYMENT,DUP-PAYMENT,,,N,,False,0.0,False
TK-244891,2025-09,2025Q3,A3026,Aadhya Deshpande,Voice Frontline,VA-EB-PL2,3499.0,GW-OTHER,CANCEL,CANCEL,cancelled before dispatch,N,False,False,0.0,True
TK-244910,2025-09,2025Q3,A3003,Komal Singh,Chat Frontline,VA-EB-AIR,1799.0,GW-OTHER,GW-OTHER,GW-OTHER,Both refund and replacement given,Y,True,True,1100.0,True
TK-244911,2025-09,2025Q3,A3035,Dev Kulkarni,Billing,VA-HP-ST2,4249.0,GW-OTHER,DUP-PAYMENT,DUP-PAYMENT,"payment debited, no ord",N,False,False,0.0,True
TK-244928,2025-09,2025Q3,A3032,Sneha Bansal,Billing,VA-SP-MINI,2499.0,DUP-PAYMENT,DUP-PAYMENT,,,N,,False,0.0,False
TK-244931,2025-09,2025Q3,A3037,Manish Iyer,Returns Desk,VA-SW-NX2,5199.0,GW-OTHER,DUP-PAYMENT,DUP-PAYMENT,issue: double charge,N,False,False,0.0,True
TK-244934,2025-09,2025Q3,A3004,Geeta Dutta,Chat Frontline,VA-EB-AIR,162.0,GW-OTHER,DUP-PAYMENT,DUP-PAYMENT,double payment deducted,N,False,False,0.0,False
TK-244940,2025-09,2025Q3,A3005,Payal Bhatia,Chat Frontline,VA-EB-PL2,297.0,CANCEL,CANCEL,,,N,,False,0.0,False
TK-244941,2025-09,2025Q3,A3034,Tanvi Rathore,Billing,VA-NB-ARC,117.0,DUP-PAYMENT,DUP-PAYMENT,,,N,,False,0.0,False
TK-244950,2025-09,2025Q3,A3034,Tanvi Rathore,Billing,VA-EB-PL1,1999.0,PRICE-ADJ,PRICE-ADJ,,,N,,False,0.0,False
TK-244952,2025-09,2025Q3,A3038,Ankit Dhillon,Returns Desk,VA-EB-PL2,3149.0,RETURN-QC-OK,RETURN-QC-OK,DOA-REPL,pulse2 purchased last week,N,False,False,0.0,False
TK-244959,2025-09,2025Q3,A3037,Manish Iyer,Returns Desk,VA-SP-MINI,319.0,RETURN-QC-OK,RETURN-QC-OK,RETURN-QC-OK,you picked up the iem 18 days ago,N,False,False,0.0,False
TK-244962,2025-09,2025Q3,A3018,Krishna Bhatt,Email Frontline,VA-EB-PL1,2124.0,GW-OTHER,GW-OTHER,GW-OTHER,asked cx to reset the device,N,False,False,0.0,True
TK-244966,2025-09,2025Q3,A3030,Aishwarya Trivedi,Logistics,VA-EB-PL2,3324.0,GW-OTHER,LOST-TRANSIT,LOST-TRANSIT,Package not delivered,Y,True,True,1820.0,True
TK-244967,2025-09,2025Q3,A3025,Komal Malhotra,Voice Frontline,VA-EB-PL2,2974.0,GW-OTHER,CANCEL,CANCEL,issue: ord cancellation,N,False,False,0.0,True
TK-244968,2025-09,2025Q3,A3038,Ankit Dhillon,Returns Desk,VA-AC-CASE,247.0,RETURN-QC-OK,RETURN-QC-OK,,,N,,False,0.0,False
TK-244969,2025-09,2025Q3,A3031,Zaid Desai,Logistics,VA-EB-PL1,2499.0,GW-OTHER,CANCEL,CANCEL,order cancellation,N,False,False,0.0,True
TK-244971,2025-09,2025Q3,A3032,Sneha Bansal,Billing,VA-EB-PL2,3499.0,GW-OTHER,PRICE-ADJ,PRICE-ADJ,customer states coupon not applied. chk cart eligibility. full refund processed,N,False,False,0.0,True
TK-244974,2025-09,2025Q3,A3018,Krishna Bhatt,Email Frontline,VA-HP-ST2,4999.0,GW-OTHER,CANCEL,CANCEL,cancelled beofre dispatch,N,False,False,0.0,True
TK-244981,2025-09,2025Q3,A3004,Geeta Dutta,Chat Frontline,VA-EB-AIR,1439.0,CANCEL,CANCEL,,,N,,False,0.0,False
TK-244983,2025-09,2025Q3,A3030,Aishwarya Trivedi,Logistics,VA-EB-PL2,3499.0,RETURN-QC-OK,RETURN-QC-OK,LOST-TRANSIT,Reported: pickup missed. Checked pickup AWB. Refund of Rs 3499 initiated,N,False,False,0.0,False
TK-245000,2025-09,2025Q3,A3032,Sneha Bansal,Billing,VA-EB-PL2,3499.0,GW-OTHER,RETURN-QC-OK,RETURN-QC-OK,hey u picked up the item 4 days ago and my moeny hasn't come back,N,False,False,0.0,True
TK-245003,2025-09,2025Q3,A3038,Ankit Dhillon,Returns Desk,VA-EB-AIR,360.0,RETURN-QC-OK,RETURN-QC-OK,LOST-TRANSIT,Reverse pickup pending. Checked pickup AWB. Refund of Rs 360 initiated,N,False,False,0.0,False
TK-245009,2025-09,2025Q3,A3035,Dev Kulkarni,Billing,VA-HP-ST2,900.0,DUP-PAYMENT,DUP-PAYMENT,,,N,,False,0.0,False
TK-245011,2025-09,2025Q3,A3008,Meera Malhotra,Chat Frontline,VA-EB-AIR,216.0,CANCEL,CANCEL,,,N,,False,0.0,False
TK-245014,2025-09,2025Q3,A3018,Krishna Bhatt,Email Frontline,VA-SP-ORB,855.0,GW-OTHER,LOST-TRANSIT,LOST-TRANSIT,re: delivery delayed | confirmed address with cx -> refund of rs 855,N,False,False,0.0,True
TK-245021,2025-09,2025Q3,A3037,Manish Iyer,Returns Desk,VA-SP-MINI,2374.0,RETURN-QC-OK,RETURN-QC-OK,,,N,,False,0.0,False
TK-245039,2025-09,2025Q3,A3018,Krishna Bhatt,Email Frontline,VA-EB-PL2,2974.0,CANCEL,CANCEL,,,N,,False,0.0,False
TK-245040,2025-09,2025Q3,A3038,Ankit Dhillon,Returns Desk,VA-SW-NX2,520.0,RETURN-QC-OK,RETURN-QC-OK,,,N,,False,0.0,False
TK-245047,2025-09,2025Q3,A3037,Manish Iyer,Returns Desk,VA-EB-PL2,297.0,RETURN-QC-OK,RETURN-QC-OK,,,N,,False,0.0,False
TK-245048,2025-09,2025Q3,A3034,Tanvi Rathore,Billing,VA-HP-ST3,6999.0,GW-OTHER,DUP-PAYMENT,DUP-PAYMENT,two entries of rs 3499 on my statemnet for one pair,N,False,False,0.0,True
TK-245050,2025-09,2025Q3,A3024,Amit Deshpande,Voice Frontline,VA-EB-PL2,700.0,WTY-BUYBACK,WTY-BUYBACK,,,N,,False,0.0,False
TK-245058,2025-09,2025Q3,A3018,Krishna Bhatt,Email Frontline,VA-EB-AIR,1439.0,DOA-REPL,DOA-REPL,GW-OTHER,Money back to source and a fresh pair shipped,N,True,True,1100.0,False
TK-245069,2025-09,2025Q3,A3035,Dev Kulkarni,Billing,VA-EB-PL2,3499.0,GW-OTHER,DUP-PAYMENT,DUP-PAYMENT,Cx reported failed ord after payment. chk PG dashboard,N,False,False,0.0,True
TK-245071,2025-09,2025Q3,A3032,Sneha Bansal,Billing,VA-EB-PL2,2799.0,GW-OTHER,DUP-PAYMENT,DUP-PAYMENT,"payment debited, no order",N,False,False,0.0,True
TK-245076,2025-09,2025Q3,A3018,Krishna Bhatt,Email Frontline,VA-SP-ORB,5999.0,LOST-TRANSIT,LOST-TRANSIT,LOST-TRANSIT,issue: order not delivered | checked awb with courier -> refund approved,N,False,False,0.0,False
TK-245079,2025-09,2025Q3,A3035,Dev Kulkarni,Billing,VA-SW-NX2,5524.0,DUP-PAYMENT,DUP-PAYMENT,,,N,,False,0.0,False
TK-245083,2025-09,2025Q3,A3035,Dev Kulkarni,Billing,VA-SP-MINI,2499.0,GW-OTHER,LOST-TRANSIT,LOST-TRANSIT,Ticket raised for rfnd pending. chk rfnd status on PG.,N,False,False,0.0,True
TK-245084,2025-09,2025Q3,A3038,Ankit Dhillon,Returns Desk,VA-HP-ST3,13998.0,GW-OTHER,RETURN-QC-OK,RETURN-QC-OK,Refund not credited,N,False,False,0.0,True
TK-245092,2025-09,2025Q3,A3028,Sameer Kapoor,Logistics,VA-EB-PL2,2974.0,GW-OTHER,CANCEL,CANCEL,reported: ord cancellation. cancelled before dispatch. full rfnd processed,N,False,False,0.0,True
TK-245112,2025-09,2025Q3,A3026,Aadhya Deshpande,Voice Frontline,VA-HP-ST3,6299.0,GW-OTHER,LOST-TRANSIT,LOST-TRANSIT,"issue: dlvry delayed | raised ticket w/ crr partner -> rto conf, reshipped. Issued refund + rplc both",N,True,True,2990.0,True
TK-245113,2025-09,2025Q3,A3018,Krishna Bhatt,Email Frontline,VA-SW-NX1,4999.0,DOA-REPL,DOA-REPL,,,N,,False,0.0,False
TK-245125,2025-09,2025Q3,A3006,Varun Bhatt,Chat Frontline,VA-AC-CH65,1499.0,DUP-PAYMENT,DUP-PAYMENT,,,N,,False,0.0,False
TK-245129,2025-09,2025Q3,A3013,Rohit Nair,Chat Frontline,VA-SW-NX2,5524.0,PRICE-ADJ,PRICE-ADJ,,,N,,False,0.0,False
TK-245132,2025-09,2025Q3,A3026,Aadhya Deshpande,Voice Frontline,VA-EB-AIR,1439.0,DUP-PAYMENT,DUP-PAYMENT,,,N,,False,0.0,False
TK-245136,2025-09,2025Q3,A3036,Ritika D'Souza,Returns Desk,VA-EB-PL2,1487.0,GW-OTHER,LOST-TRANSIT,LOST-TRANSIT,Cust contacted re pickup missed. Checked pickup AWB. Refund approved,N,False,False,0.0,True
TK-245137,2025-09,2025Q3,A3015,Sameer Jadhav,Chat Frontline,VA-NB-ARC,520.0,GW-OTHER,DUP-PAYMENT,DUP-PAYMENT,Issue: failed order after payment.,N,False,False,0.0,True
TK-245140,2025-09,2025Q3,A3036,Ritika D'Souza,Returns Desk,VA-EB-PL2,700.0,GW-OTHER,RETURN-QC-OK,RETURN-QC-OK,chk revese pickup QC status. rfnd approved,N,False,False,0.0,True
TK-245141,2025-09,2025Q3,A3028,Sameer Kapoor,Logistics,VA-HP-ST3,6999.0,GW-OTHER,GW-OTHER,GW-OTHER,full rfnd issued & rplc dispatched as goodwill,N,True,True,2990.0,True
TK-245158,2025-09,2025Q3,A3036,Ritika D'Souza,Returns Desk,VA-SW-NX2,6499.0,RETURN-QC-OK,RETURN-QC-OK,,,N,,False,0.0,False
TK-245160,2025-09,2025Q3,A3036,Ritika D'Souza,Returns Desk,VA-SP-MINI,1999.0,GW-OTHER,RETURN-QC-OK,RETURN-QC-OK,Checked reverse pickkup QC status. Refund approved,N,False,False,0.0,True
TK-245163,2025-09,2025Q3,A3030,Aishwarya Trivedi,Logistics,VA-EB-PL2,2799.0,GW-OTHER,LOST-TRANSIT,LOST-TRANSIT,Cx reported order not delivered. Raised ticket w/ crr partner. Refund,N,False,False,0.0,True
TK-245197,2025-09,2025Q3,A3043,Nikhil Gupta,Escalations & Warranty,VA-SW-NX1,4999.0,WTY-BUYBACK,WTY-BUYBACK,GW-OTHER,Money back to source and a fresh pair shipped.,N,True,True,2240.0,False
TK-245204,2025-09,2025Q3,A3036,Ritika D'Souza,Returns Desk,VA-SW-NX2,5524.0,GW-OTHER,RETURN-QC-OK,RETURN-QC-OK,where is the money for the return,N,False,False,0.0,True
TK-245209,2025-09,2025Q3,A3035,Dev Kulkarni,Billing,VA-AC-CASE,1039.0,GW-OTHER,PRICE-ADJ,PRICE-ADJ,Refudned Rs 1039. Cx informed.,N,False,False,0.0,True
TK-245214,2025-09,2025Q3,A3034,Tanvi Rathore,Billing,VA-EB-PL2,525.0,DUP-PAYMENT,DUP-PAYMENT,,,N,,False,0.0,False
TK-245216,2025-09,2025Q3,A3037,Manish Iyer,Returns Desk,VA-HP-ST2,4999.0,GW-OTHER,UNCLEAR,UNCLEAR,refund of rs 4999 initiated to source,N,False,False,0.0,True
TK-245217,2025-09,2025Q3,A3006,Varun Bhatt,Chat Frontline,VA-SW-NX2,5199.0,CANCEL,CANCEL,,,N,,False,0.0,False
TK-245228,2025-09,2025Q3,A3033,Vikram Banerjee,Billing,VA-EB-PL1,1250.0,DUP-PAYMENT,DUP-PAYMENT,,,N,,False,0.0,False
TK-245232,2025-09,2025Q3,A3038,Ankit Dhillon,Returns Desk,VA-EB-PL2,3499.0,GW-OTHER,RETURN-QC-OK,RETURN-QC-OK,picked up the item 16 days ago & my money hasn't come back,N,False,False,0.0,True
TK-245244,2025-09,2025Q3,A3036,Ritika D'Souza,Returns Desk,VA-SW-FIT,1999.0,GW-OTHER,RETURN-QC-OK,RETURN-QC-OK,the return was accepted but the amount is nowhere,N,False,False,0.0,True
TK-245256,2025-10,2025Q4,A3015,Sameer Jadhav,Chat Frontline,VA-SW-NX2,6174.0,GW-OTHER,GW-OTHER,GW-OTHER,Issued refund + rplc both,Y,True,True,2790.0,True
TK-245259,2025-09,2025Q3,A3038,Ankit Dhillon,Returns Desk,VA-EB-PL2,3499.0,RETURN-QC-OK,RETURN-QC-OK,,,N,,False,0.0,False
TK-245260,2025-09,2025Q3,A3002,Steven Ansari,Chat Frontline,VA-NB-ARC,1234.0,GW-OTHER,DOA-REPL,DOA-REPL,case no led / no charge | checked for lint in port -> full refund processed,N,False,False,0.0,True
TK-245264,2025-09,2025Q3,A3022,Daniel Arora,Email Frontline,VA-AC-CASE,1039.0,DUP-PAYMENT,DUP-PAYMENT,,,N,,False,0.0,False
TK-245265,2025-09,2025Q3,A3037,Manish Iyer,Returns Desk,VA-EB-PL2,3499.0,GW-OTHER,RETURN-QC-OK,RETURN-QC-OK,checked reverse pickup qc status,N,False,False,0.0,True
TK-245266,2025-10,2025Q4,A3028,Sameer Kapoor,Logistics,VA-SP-MINI,1999.0,GW-OTHER,LOST-TRANSIT,LOST-TRANSIT,Received damaged product. I took photos.,N,False,False,0.0,True
TK-245269,2025-09,2025Q3,A3032,Sneha Bansal,Billing,VA-EB-PL2,700.0,RETURN-QC-OK,RETURN-QC-OK,RETURN-QC-OK,money for the return,N,False,False,0.0,False
TK-245272,2025-09,2025Q3,A3005,Payal Bhatia,Chat Frontline,VA-SW-NX2,6174.0,CANCEL,CANCEL,,,N,,False,0.0,False
TK-245274,2025-09,2025Q3,A3029,Rajat Mukherjee,Logistics,VA-SW-NX1,9998.0,GW-OTHER,RETURN-QC-OK,RETURN-QC-OK,checked reverse pickup qc status,N,False,False,0.0,True
TK-245280,2025-09,2025Q3,A3037,Manish Iyer,Returns Desk,VA-SP-MINI,2374.0,RETURN-QC-OK,RETURN-QC-OK,RETURN-QC-OK,Nobody came for the pickup. I have rescheduled,N,False,False,0.0,False
TK-245282,2025-09,2025Q3,A3016,Thomas Kumar,Email Frontline,VA-EB-AIR,1799.0,GW-OTHER,DOA-REPL,DOA-REPL,Reported: poor battery backup. Full rfnd processed,N,False,False,0.0,True
TK-245283,2025-10,2025Q4,A3039,Reyansh Mishra,Escalations & Warranty,VA-SW-NX2,6174.0,DOA-REPL,DOA-REPL,GW-OTHER,"credited full amount, new unit also going out tomorrow",N,True,True,2790.0,False
TK-245288,2025-09,2025Q3,A3032,Sneha Bansal,Billing,VA-HP-ST3,700.0,DUP-PAYMENT,DUP-PAYMENT,,,N,,False,0.0,False
TK-245289,2025-10,2025Q4,A3039,Reyansh Mishra,Escalations & Warranty,VA-EB-PL2,3499.0,GW-OTHER,GW-OTHER,GW-OTHER,"credited full amount, new unit also going out tomorrow",Y,True,True,1820.0,True
TK-245305,2025-10,2025Q4,A3039,Reyansh Mishra,Escalations & Warranty,VA-HP-ST3,6999.0,DOA-REPL,DOA-REPL,,,N,,False,0.0,False
TK-245306,2025-09,2025Q3,A3032,Sneha Bansal,Billing,VA-EB-PL1,2499.0,GW-OTHER,PRICE-ADJ,PRICE-ADJ,promo code invalid | refund of rs 2499 initiated,N,False,False,0.0,True
TK-245307,2025-10,2025Q4,A3038,Ankit Dhillon,Returns Desk,VA-SP-ORB,5699.0,GW-OTHER,RETURN-QC-OK,RETURN-QC-OK,chk reverse pickup QC status,N,False,False,0.0,True
TK-245319,2025-10,2025Q4,A3031,Zaid Desai,Logistics,VA-NB-ARC,1299.0,GW-OTHER,GW-OTHER,GW-OTHER,incorrect product shipped. Verified order vs delivered item photos,N,False,False,0.0,True
TK-245322,2025-09,2025Q3,A3035,Dev Kulkarni,Billing,VA-HP-ST2,4499.0,DUP-PAYMENT,DUP-PAYMENT,,,N,,False,0.0,False
TK-245325,2025-09,2025Q3,A3035,Dev Kulkarni,Billing,VA-SW-NX2,5524.0,DUP-PAYMENT,DUP-PAYMENT,,,N,,False,0.0,False
TK-245326,2025-10,2025Q4,A3039,Reyansh Mishra,Escalations & Warranty,VA-HP-ST3,6999.0,GW-OTHER,WTY-BUYBACK,WTY-BUYBACK,followed up with service centre -> full refund processed,N,False,False,0.0,True
TK-245331,2025-09,2025Q3,A3033,Vikram Banerjee,Billing,VA-EB-PL2,2974.0,DUP-PAYMENT,DUP-PAYMENT,,,N,,False,0.0,False
TK-245336,2025-09,2025Q3,A3018,Krishna Bhatt,Email Frontline,VA-EB-PL1,2374.0,GW-OTHER,GW-OTHER,GW-OTHER,"refund + rplc, cx escalation avoided",N,True,True,1460.0,True
TK-245341,2025-10,2025Q4,A3036,Ritika D'Souza,Returns Desk,VA-SW-NX2,6174.0,DOA-REPL,DOA-REPL,GW-OTHER,Reversed the payment and dispatched a new one under RMA.,N,True,True,2790.0,False
TK-245345,2025-09,2025Q3,A3036,Ritika D'Souza,Returns Desk,VA-EB-PL2,446.0,GW-OTHER,RETURN-QC-OK,RETURN-QC-OK,Checked reverse pickup QC status. Refund confirmde credited.,N,False,False,0.0,False
TK-245356,2025-10,2025Q4,A3027,Priya Agarwal,Logistics,VA-EB-PL2,2799.0,GW-OTHER,GW-OTHER,GW-OTHER,Wrong item delivered,Y,True,True,1820.0,True
TK-245361,2025-09,2025Q3,A3026,Aadhya Deshpande,Voice Frontline,VA-EB-PL1,2499.0,WTY-BUYBACK,WTY-BUYBACK,GW-OTHER,Refund done & new unit sent as one-time gesture.,Y,True,True,1460.0,False
TK-245364,2025-10,2025Q4,A3033,Vikram Banerjee,Billing,VA-HP-ST3,6649.0,DUP-PAYMENT,DUP-PAYMENT,,,N,,False,0.0,False
TK-245367,2025-10,2025Q4,A3038,Ankit Dhillon,Returns Desk,VA-SW-NX2,650.0,RETURN-QC-OK,RETURN-QC-OK,RETURN-QC-OK,chk reverse pickup QC status,N,False,False,0.0,False
TK-245378,2025-10,2025Q4,A3035,Dev Kulkarni,Billing,VA-AC-CASE,1299.0,DUP-PAYMENT,DUP-PAYMENT,,,N,,False,0.0,False
TK-245381,2025-10,2025Q4,A3030,Aishwarya Trivedi,Logistics,VA-SP-MINI,2249.0,GW-OTHER,LOST-TRANSIT,LOST-TRANSIT,Ticket raised for ord not delivered.,N,False,False,0.0,True
TK-245382,2025-10,2025Q4,A3035,Dev Kulkarni,Billing,VA-EB-AIR,216.0,GW-OTHER,PRICE-ADJ,PRICE-ADJ,Cx reported coupon not applied.,N,False,False,0.0,False
TK-245388,2025-10,2025Q4,A3005,Payal Bhatia,Chat Frontline,VA-EB-PL1,2499.0,GW-OTHER,CANCEL,CANCEL,Cancelled beofre dispatch.,N,False,False,0.0,True
TK-245406,2025-10,2025Q4,A3036,Ritika D'Souza,Returns Desk,VA-SW-FIT,1999.0,GW-OTHER,GW-OTHER,GW-OTHER,Rfund processed without pickup as goodwill.,N,False,False,0.0,True
TK-245407,2025-10,2025Q4,A3030,Aishwarya Trivedi,Logistics,VA-AC-CBL,379.0,GW-OTHER,GW-OTHER,GW-OTHER,Customer states incorrect product shipped,N,False,False,0.0,False
TK-245408,2025-10,2025Q4,A3004,Geeta Dutta,Chat Frontline,VA-HP-ST2,3999.0,WTY-BUYBACK,WTY-BUYBACK,,,N,,False,0.0,False
TK-245411,2025-10,2025Q4,A3038,Ankit Dhillon,Returns Desk,VA-SW-NX2,6499.0,GW-OTHER,RETURN-QC-OK,RETURN-QC-OK,Reported: refund not credited.,N,False,False,0.0,True
TK-245413,2025-10,2025Q4,A3016,Thomas Kumar,Email Frontline,VA-SW-NX2,6174.0,PRICE-ADJ,PRICE-ADJ,,,N,,False,0.0,False
TK-245423,2025-10,2025Q4,A3036,Ritika D'Souza,Returns Desk,VA-EB-PL2,3324.0,GW-OTHER,GW-OTHER,GW-OTHER,Reversed the payment & dispatched a new one under RMA.,Y,True,True,1820.0,True
TK-245424,2025-10,2025Q4,A3032,Sneha Bansal,Billing,VA-EB-PL2,3324.0,GW-OTHER,DUP-PAYMENT,DUP-PAYMENT,amount deducted without order,N,False,False,0.0,True
TK-245437,2025-10,2025Q4,A3036,Ritika D'Souza,Returns Desk,VA-SW-FIT,200.0,RETURN-QC-OK,RETURN-QC-OK,RETURN-QC-OK,Cust contacted re refund not credited.,N,False,False,0.0,False
TK-245440,2025-10,2025Q4,A3001,Suresh Kaur,Chat Frontline,VA-HP-ST3,6999.0,GW-OTHER,CANCEL,CANCEL,issue: cancellation request,N,False,False,0.0,True
TK-245442,2025-10,2025Q4,A3018,Krishna Bhatt,Email Frontline,VA-EB-PL2,472.0,WTY-BUYBACK,WTY-BUYBACK,,,N,,False,0.0,False
TK-245443,2025-10,2025Q4,A3038,Ankit Dhillon,Returns Desk,VA-EB-AIR,288.0,GW-OTHER,RETURN-QC-OK,RETURN-QC-OK,Checked reverse pickup QC status,N,False,False,0.0,False
TK-245457,2025-10,2025Q4,A3038,Ankit Dhillon,Returns Desk,VA-EB-PL1,450.0,RETURN-QC-OK,RETURN-QC-OK,RETURN-QC-OK,Reverse pkp pending,N,False,False,0.0,False
TK-245466,2025-10,2025Q4,A3033,Vikram Banerjee,Billing,VA-EB-PL1,2499.0,DUP-PAYMENT,DUP-PAYMENT,,,N,,False,0.0,False
TK-245478,2025-10,2025Q4,A3026,Aadhya Deshpande,Voice Frontline,VA-SW-FIT,1999.0,DOA-REPL,DOA-REPL,GW-OTHER,rfnd done & new unit sent as one-time gesture,Y,True,True,1190.0,False
TK-245480,2025-10,2025Q4,A3017,Kabir Singh,Email Frontline,VA-EB-PL2,3324.0,CANCEL,CANCEL,,,N,,False,0.0,False
TK-245486,2025-10,2025Q4,A3032,Sneha Bansal,Billing,VA-EB-PL2,3324.0,DUP-PAYMENT,DUP-PAYMENT,,,N,,False,0.0,False
TK-245488,2025-10,2025Q4,A3026,Aadhya Deshpande,Voice Frontline,VA-HP-ST3,11898.0,GW-OTHER,GW-OTHER,GW-OTHER,fw update rslvd. Processed FR & raised RMA for new set.,N,True,True,2990.0,True
TK-245492,2025-10,2025Q4,A3037,Manish Iyer,Returns Desk,VA-EB-PL2,6998.0,RETURN-QC-OK,RETURN-QC-OK,RETURN-QC-OK,checked reverse pickup qc status,N,False,False,0.0,False
TK-245494,2025-10,2025Q4,A3035,Dev Kulkarni,Billing,VA-EB-PL2,3499.0,GW-OTHER,DUP-PAYMENT,DUP-PAYMENT,re: double charge,N,False,False,0.0,True
TK-245499,2025-10,2025Q4,A3035,Dev Kulkarni,Billing,VA-SP-MINI,2499.0,GW-OTHER,DUP-PAYMENT,DUP-PAYMENT,"payment debited, no ord. conf",N,False,False,0.0,True
TK-245502,2025-10,2025Q4,A3001,Suresh Kaur,Chat Frontline,VA-SP-MINI,2124.0,GW-OTHER,CANCEL,CANCEL,issue: order cancellation,N,False,False,0.0,True
TK-245507,2025-10,2025Q4,A3037,Manish Iyer,Returns Desk,VA-EB-PL2,665.0,RETURN-QC-OK,RETURN-QC-OK,,,N,,False,0.0,False
TK-245509,2025-10,2025Q4,A3034,Tanvi Rathore,Billing,VA-AC-CBL,32.0,GW-OTHER,UNCLEAR,UNCLEAR,done,N,False,False,0.0,False
TK-245523,2025-10,2025Q4,A3036,Ritika D'Souza,Returns Desk,VA-EB-PL2,350.0,GW-OTHER,RETURN-QC-OK,RETURN-QC-OK,you picked up the item 10 days ago,N,False,False,0.0,False
TK-245534,2025-10,2025Q4,A3037,Manish Iyer,Returns Desk,VA-EB-PL2,3499.0,RETURN-QC-OK,RETURN-QC-OK,DOA-REPL,"offered rplc, cx preferred rfnd. rfnd processed.",N,False,False,0.0,False
TK-245535,2025-10,2025Q4,A3039,Reyansh Mishra,Escalations & Warranty,VA-SW-FIT,1599.0,GW-OTHER,WTY-BUYBACK,WTY-BUYBACK,Strap material peeling like an old sticker.,N,False,False,0.0,True
TK-245547,2025-10,2025Q4,A3036,Ritika D'Souza,Returns Desk,VA-EB-PL2,630.0,RETURN-QC-OK,RETURN-QC-OK,,,N,,False,0.0,False
TK-245548,2025-10,2025Q4,A3018,Krishna Bhatt,Email Frontline,VA-EB-PL2,3324.0,GW-OTHER,UNCLEAR,UNCLEAR,see prev,N,False,False,0.0,True
TK-245553,2025-10,2025Q4,A3026,Aadhya Deshpande,Voice Frontline,VA-EB-AIR,1619.0,GW-OTHER,CANCEL,CANCEL,re: cancel ord | chk shipment status -> rfnd approved,N,False,False,0.0,True
TK-245563,2025-10,2025Q4,A3036,Ritika D'Souza,Returns Desk,VA-EB-PL2,3149.0,GW-OTHER,UNCLEAR,UNCLEAR,Ticket raised for refund not credited.,N,False,False,0.0,True
TK-245570,2025-10,2025Q4,A3037,Manish Iyer,Returns Desk,VA-EB-AIR,342.0,RETURN-QC-OK,RETURN-QC-OK,,,N,,False,0.0,False
TK-245577,2025-10,2025Q4,A3011,Rohit Gill,Chat Frontline,VA-SW-NX2,2600.0,GW-OTHER,CANCEL,CANCEL,Cancelled before dispatch.,N,False,False,0.0,True
TK-245582,2025-10,2025Q4,A3010,Tenzin Mathew,Chat Frontline,VA-EB-PL2,6648.0,GW-OTHER,CANCEL,CANCEL,Cancelled before dispatch,N,False,False,0.0,True
TK-245584,2025-10,2025Q4,A3031,Zaid Desai,Logistics,VA-EB-PL2,3324.0,GW-OTHER,GW-OTHER,GW-OTHER,wrong item delivered. Raised with warehouse.,N,False,False,0.0,True
TK-245586,2025-10,2025Q4,A3037,Manish Iyer,Returns Desk,VA-SW-FIT,900.0,GW-OTHER,UNCLEAR,UNCLEAR,issue: refund pending. chk refund status on pg.,N,False,False,0.0,True
TK-245589,2025-10,2025Q4,A3028,Sameer Kapoor,Logistics,VA-EB-PL1,2374.0,GW-OTHER,LOST-TRANSIT,LOST-TRANSIT,cx says delivery delayed. raised ticket w/ crr partner.,N,True,True,1460.0,True
TK-245590,2025-10,2025Q4,A3029,Rajat Mukherjee,Logistics,VA-SP-MINI,2499.0,LOST-TRANSIT,LOST-TRANSIT,LOST-TRANSIT,issue: shipment not received.,N,False,False,0.0,False
TK-245606,2025-10,2025Q4,A3005,Payal Bhatia,Chat Frontline,VA-EB-PL2,3324.0,DUP-PAYMENT,DUP-PAYMENT,,,N,,False,0.0,False
TK-245607,2025-10,2025Q4,A3036,Ritika D'Souza,Returns Desk,VA-EB-PL2,3499.0,GW-OTHER,RETURN-QC-OK,RETURN-QC-OK,chk reverse pkp QC status. Refund reprocessed.,N,False,False,0.0,True
TK-245610,2025-10,2025Q4,A3035,Dev Kulkarni,Billing,VA-EB-PL1,375.0,PRICE-ADJ,PRICE-ADJ,,,N,,False,0.0,False
TK-245625,2025-10,2025Q4,A3034,Tanvi Rathore,Billing,VA-SW-NX1,4999.0,GW-OTHER,DUP-PAYMENT,DUP-PAYMENT,my bank shows the same amount twice,N,False,False,0.0,True
TK-245629,2025-10,2025Q4,A3009,Sukhwinder Singh,Chat Frontline,VA-EB-PL2,3499.0,GW-OTHER,GW-OTHER,GW-OTHER,Money back to source & a fresh pair shipped.,N,True,True,1820.0,True
TK-245644,2025-10,2025Q4,A3032,Sneha Bansal,Billing,VA-EB-PL2,2974.0,DUP-PAYMENT,DUP-PAYMENT,,,N,,False,0.0,False
TK-245659,2025-10,2025Q4,A3026,Aadhya Deshpande,Voice Frontline,VA-SW-NX2,6499.0,CANCEL,CANCEL,,,N,,False,0.0,False
TK-245664,2025-10,2025Q4,A3035,Dev Kulkarni,Billing,VA-AC-CH65,1424.0,GW-OTHER,RETURN-QC-OK,RETURN-QC-OK,chk reverse pickup QC status. rfnd,N,False,False,0.0,True
TK-245670,2025-10,2025Q4,A3017,Kabir Singh,Email Frontline,VA-EB-PL2,3149.0,CANCEL,CANCEL,,,N,,False,0.0,False
TK-245672,2025-10,2025Q4,A3017,Kabir Singh,Email Frontline,VA-EB-PL2,3499.0,WTY-BUYBACK,WTY-BUYBACK,,,N,,False,0.0,False
TK-245685,2025-10,2025Q4,A3027,Priya Agarwal,Logistics,VA-EB-PL2,3499.0,RETURN-QC-OK,RETURN-QC-OK,,,N,,False,0.0,False
TK-245687,2025-10,2025Q4,A3012,Lakshmi Srivastava,Chat Frontline,VA-AC-CH65,1499.0,DUP-PAYMENT,DUP-PAYMENT,,,N,,False,0.0,False
TK-245697,2025-10,2025Q4,A3030,Aishwarya Trivedi,Logistics,VA-EB-AIR,1529.0,GW-OTHER,LOST-TRANSIT,LOST-TRANSIT,Transit damage,N,False,False,0.0,True
TK-245705,2025-10,2025Q4,A3002,Steven Ansari,Chat Frontline,VA-EB-PL1,4248.0,GW-OTHER,GW-OTHER,GW-OTHER,checked fw -> fw update... replacement unit also shipped,Y,True,True,1460.0,True
TK-245708,2025-10,2025Q4,A3038,Ankit Dhillon,Returns Desk,VA-EB-PL1,2249.0,RETURN-QC-OK,RETURN-QC-OK,GW-OTHER,Cx reported incorrect product shipped.,N,False,False,0.0,False
TK-245710,2025-10,2025Q4,A3020,Aadhya Singh,Email Frontline,VA-SP-ORB,5399.0,CANCEL,CANCEL,,,N,,False,0.0,False
TK-245716,2025-10,2025Q4,A3032,Sneha Bansal,Billing,VA-EB-PL2,1662.0,GW-OTHER,RETURN-QC-OK,RETURN-QC-OK,checked rfnd status on pg,N,False,False,0.0,True
TK-245721,2025-10,2025Q4,A3035,Dev Kulkarni,Billing,VA-EB-PL2,525.0,DUP-PAYMENT,DUP-PAYMENT,,,N,,False,0.0,False
TK-245734,2025-10,2025Q4,A3009,Sukhwinder Singh,Chat Frontline,VA-SW-FIT,1699.0,CANCEL,CANCEL,,,N,,False,0.0,False
TK-245743,2025-10,2025Q4,A3034,Tanvi Rathore,Billing,VA-EB-PL1,2499.0,GW-OTHER,DUP-PAYMENT,DUP-PAYMENT,issue: failed order after payment,N,False,False,0.0,True
TK-245745,2025-10,2025Q4,A3002,Steven Ansari,Chat Frontline,VA-HP-ST3,6999.0,GW-OTHER,LOST-TRANSIT,LOST-TRANSIT,damaged in transit,N,False,False,0.0,True
TK-245750,2025-10,2025Q4,A3023,Ritika Gaikwad,Voice Frontline,VA-EB-PL2,6998.0,GW-OTHER,CANCEL,CANCEL,ord cancellation,N,False,False,0.0,True
TK-245757,2025-10,2025Q4,A3032,Sneha Bansal,Billing,VA-EB-PL1,2374.0,GW-OTHER,CANCEL,CANCEL,order cancellation,N,False,False,0.0,True
TK-245764,2025-10,2025Q4,A3036,Ritika D'Souza,Returns Desk,VA-EB-PL2,3149.0,GW-OTHER,RETURN-QC-OK,RETURN-QC-OK,Checked reverse pickup QC status,N,False,False,0.0,True
TK-245767,2025-10,2025Q4,A3035,Dev Kulkarni,Billing,VA-EB-PL1,356.0,DUP-PAYMENT,DUP-PAYMENT,,,N,,False,0.0,False
TK-245774,2025-10,2025Q4,A3032,Sneha Bansal,Billing,VA-NB-ARC,650.0,LOST-TRANSIT,LOST-TRANSIT,,,N,,False,0.0,False
TK-245777,2025-10,2025Q4,A3036,Ritika D'Souza,Returns Desk,VA-EB-PL1,2499.0,GW-OTHER,GW-OTHER,GW-OTHER,Refund processed without pickup as goodwill,Y,True,True,1460.0,True
TK-245784,2025-10,2025Q4,A3034,Tanvi Rathore,Billing,VA-NB-ARC,1299.0,DUP-PAYMENT,DUP-PAYMENT,,,N,,False,0.0,False
TK-245787,2025-10,2025Q4,A3033,Vikram Banerjee,Billing,VA-SW-NX2,5524.0,DUP-PAYMENT,DUP-PAYMENT,,,N,,False,0.0,False
TK-245792,2025-10,2025Q4,A3035,Dev Kulkarni,Billing,VA-EB-PL2,1574.0,GW-OTHER,PRICE-ADJ,PRICE-ADJ,pomo code invalid,N,False,False,0.0,True
TK-245793,2025-10,2025Q4,A3032,Sneha Bansal,Billing,VA-EB-PL2,6648.0,GW-OTHER,DUP-PAYMENT,DUP-PAYMENT,amount deducted without order,N,False,False,0.0,True
TK-245796,2025-10,2025Q4,A3018,Krishna Bhatt,Email Frontline,VA-EB-PL1,1999.0,DUP-PAYMENT,DUP-PAYMENT,,,N,,False,0.0,False
TK-245806,2025-10,2025Q4,A3017,Kabir Singh,Email Frontline,VA-SP-MINI,1999.0,GW-OTHER,CANCEL,CANCEL,cancellation request,N,False,False,0.0,True
TK-245822,2025-10,2025Q4,A3032,Sneha Bansal,Billing,VA-SW-NX1,2000.0,CANCEL,CANCEL,,,N,,False,0.0,False
TK-245823,2025-10,2025Q4,A3038,Ankit Dhillon,Returns Desk,VA-SP-ORB,5399.0,RETURN-QC-OK,RETURN-QC-OK,,,N,,False,0.0,False
TK-245827,2025-10,2025Q4,A3032,Sneha Bansal,Billing,VA-EB-PL2,3149.0,DUP-PAYMENT,DUP-PAYMENT,,,N,,False,0.0,False
TK-245830,2025-10,2025Q4,A3036,Ritika D'Souza,Returns Desk,VA-EB-AIR,1799.0,GW-OTHER,RETURN-QC-OK,RETURN-QC-OK,reverse pkp pending,N,False,False,0.0,True
TK-245838,2025-10,2025Q4,A3030,Aishwarya Trivedi,Logistics,VA-EB-PL2,3499.0,GW-OTHER,CANCEL,CANCEL,Cancelled before dispatch,N,False,False,0.0,True
TK-245840,2025-10,2025Q4,A3036,Ritika D'Souza,Returns Desk,VA-HP-ST3,6999.0,RETURN-QC-OK,RETURN-QC-OK,,,N,,False,0.0,False
TK-245841,2025-10,2025Q4,A3032,Sneha Bansal,Billing,VA-SP-MINI,319.0,DUP-PAYMENT,DUP-PAYMENT,,,N,,False,0.0,False
TK-245846,2025-10,2025Q4,A3036,Ritika D'Souza,Returns Desk,VA-EB-PL2,6648.0,GW-OTHER,RETURN-QC-OK,RETURN-QC-OK,"Pickup done, rfeund initiated",N,False,False,0.0,True
TK-245871,2025-10,2025Q4,A3028,Sameer Kapoor,Logistics,VA-HP-ST3,6999.0,GW-OTHER,LOST-TRANSIT,LOST-TRANSIT,ord not delivered,N,False,False,0.0,True
TK-245875,2025-10,2025Q4,A3032,Sneha Bansal,Billing,VA-NB-ARC,1299.0,GW-OTHER,DUP-PAYMENT,DUP-PAYMENT,charged twice,N,False,False,0.0,True
TK-245880,2025-10,2025Q4,A3036,Ritika D'Souza,Returns Desk,VA-EB-PL2,2974.0,GW-OTHER,RETURN-QC-OK,RETURN-QC-OK,Checked reverse pickup QC status,N,False,False,0.0,True
TK-245888,2025-10,2025Q4,A3030,Aishwarya Trivedi,Logistics,VA-EB-PL2,560.0,GW-OTHER,LOST-TRANSIT,LOST-TRANSIT,damaged in transit,N,False,False,0.0,True
TK-245902,2025-10,2025Q4,A3031,Zaid Desai,Logistics,VA-EB-PL2,3149.0,GW-OTHER,RETURN-QC-OK,RETURN-QC-OK,Reverse pickup arranged,N,False,False,0.0,True
TK-245903,2025-10,2025Q4,A3005,Payal Bhatia,Chat Frontline,VA-HP-ST3,5599.0,GW-OTHER,LOST-TRANSIT,LOST-TRANSIT,delivery delayed... replacement unit also shipped,N,True,True,2990.0,True
TK-245910,2025-10,2025Q4,A3023,Ritika Gaikwad,Voice Frontline,VA-SP-ORB,5399.0,GW-OTHER,CANCEL,CANCEL,cancellation request,N,False,False,0.0,True
TK-245918,2025-10,2025Q4,A3035,Dev Kulkarni,Billing,VA-EB-AIR,1799.0,DUP-PAYMENT,DUP-PAYMENT,,,N,,False,0.0,False
TK-245927,2025-10,2025Q4,A3004,Geeta Dutta,Chat Frontline,VA-EB-PL2,3324.0,CANCEL,CANCEL,,,N,,False,0.0,False
TK-245928,2025-10,2025Q4,A3018,Krishna Bhatt,Email Frontline,VA-AC-CH65,1499.0,DUP-PAYMENT,DUP-PAYMENT,,,N,,False,0.0,False
TK-245935,2025-10,2025Q4,A3034,Tanvi Rathore,Billing,VA-HP-ST3,1400.0,DUP-PAYMENT,DUP-PAYMENT,,,N,,False,0.0,False
TK-245941,2025-10,2025Q4,A3010,Tenzin Mathew,Chat Frontline,VA-AC-CBL,40.0,CANCEL,CANCEL,,,N,,False,0.0,False
TK-245943,2025-10,2025Q4,A3036,Ritika D'Souza,Returns Desk,VA-EB-PL2,6998.0,GW-OTHER,RETURN-QC-OK,RETURN-QC-OK,chk reverse pickup QC status,N,False,False,0.0,True
TK-245945,2025-10,2025Q4,A3018,Krishna Bhatt,Email Frontline,VA-EB-PL2,3499.0,GW-OTHER,UNCLEAR,UNCLEAR,escalated to warranty,N,False,False,0.0,True
TK-245968,2025-10,2025Q4,A3030,Aishwarya Trivedi,Logistics,VA-EB-PL2,3499.0,CANCEL,CANCEL,,,N,,False,0.0,False
TK-245981,2025-10,2025Q4,A3029,Rajat Mukherjee,Logistics,VA-EB-PL1,2374.0,GW-OTHER,GW-OTHER,GW-OTHER,wrong item delivered,N,False,False,0.0,True
TK-245994,2025-10,2025Q4,A3012,Lakshmi Srivastava,Chat Frontline,VA-HP-ST3,5949.0,GW-OTHER,GW-OTHER,GW-OTHER,refunded rs 5949 and also raised replacement,N,True,True,2990.0,True
TK-246000,2025-10,2025Q4,A3035,Dev Kulkarni,Billing,VA-EB-PL2,499.0,DUP-PAYMENT,DUP-PAYMENT,,,N,,False,0.0,False
TK-246001,2025-10,2025Q4,A3038,Ankit Dhillon,Returns Desk,VA-EB-PL1,2499.0,GW-OTHER,RETURN-QC-OK,RETURN-QC-OK,the return was accepted but the amount is nowhere,N,True,True,1460.0,True
TK-246003,2025-10,2025Q4,A3035,Dev Kulkarni,Billing,VA-HP-ST3,6999.0,DUP-PAYMENT,DUP-PAYMENT,,,N,,False,0.0,False
TK-246005,2025-10,2025Q4,A3003,Komal Singh,Chat Frontline,VA-HP-ST2,4499.0,DOA-REPL,DOA-REPL,GW-OTHER,FW upddate resolved | Money back to source and a fresh pair,Y,True,True,2440.0,False
TK-246015,2025-10,2025Q4,A3006,Varun Bhatt,Chat Frontline,VA-EB-PL2,2799.0,PRICE-ADJ,PRICE-ADJ,,,N,,False,0.0,False
TK-246017,2025-10,2025Q4,A3022,Daniel Arora,Email Frontline,VA-SP-ORB,5999.0,GW-OTHER,CANCEL,CANCEL,Customer reached out - order cancellation.,N,False,False,0.0,True
TK-246022,2025-10,2025Q4,A3021,Meera Mathew,Email Frontline,VA-SW-NX1,3999.0,GW-OTHER,GW-OTHER,GW-OTHER,Refunded Rs 3999 and also raised replacement,N,True,True,2240.0,True
TK-246028,2025-10,2025Q4,A3035,Dev Kulkarni,Billing,VA-EB-AIR,288.0,PRICE-ADJ,PRICE-ADJ,,,N,,False,0.0,False
TK-246036,2025-10,2025Q4,A3035,Dev Kulkarni,Billing,VA-SP-ORB,5999.0,GW-OTHER,RETURN-QC-OK,RETURN-QC-OK,chk reverse pkp QC status. rfnd of Rs 5999,N,False,False,0.0,True
TK-246059,2025-10,2025Q4,A3011,Rohit Gill,Chat Frontline,VA-EB-PL1,1250.0,GW-OTHER,CANCEL,CANCEL,"Cancelled, rfnd initiated. Issue: cancel ord.",N,False,False,0.0,True
TK-246060,2025-10,2025Q4,A3039,Reyansh Mishra,Escalations & Warranty,VA-EB-PL2,3149.0,GW-OTHER,GW-OTHER,GW-OTHER,refund done and new unit sent as one-time gesture,Y,True,True,1820.0,True
TK-246071,2025-10,2025Q4,A3036,Ritika D'Souza,Returns Desk,VA-SW-FIT,1699.0,GW-OTHER,LOST-TRANSIT,LOST-TRANSIT,Cx reported transit damage. Phhotos received,N,False,False,0.0,True
TK-246079,2025-10,2025Q4,A3018,Krishna Bhatt,Email Frontline,VA-SP-MINI,225.0,LOST-TRANSIT,LOST-TRANSIT,LOST-TRANSIT,checked awb with courier -> full refund processed,N,False,False,0.0,False
TK-246093,2025-10,2025Q4,A3032,Sneha Bansal,Billing,VA-SP-MINI,1999.0,DUP-PAYMENT,DUP-PAYMENT,,,N,,False,0.0,False
TK-246095,2025-10,2025Q4,A3028,Sameer Kapoor,Logistics,VA-SW-NX1,2250.0,GW-OTHER,CANCEL,CANCEL,cancelled before dispatch. xfer to logistics. rfnd approved,N,False,False,0.0,True
TK-246126,2025-10,2025Q4,A3039,Reyansh Mishra,Escalations & Warranty,VA-SW-NX2,6499.0,GW-OTHER,GW-OTHER,GW-OTHER,walked through hard reset. -- refund + rplc,N,True,True,2790.0,True
TK-246128,2025-10,2025Q4,A3002,Steven Ansari,Chat Frontline,VA-NB-ARC,552.0,GW-OTHER,DUP-PAYMENT,DUP-PAYMENT,failed order after payment | confirmed with payment gateway,N,False,False,0.0,True
TK-246139,2025-10,2025Q4,A3006,Varun Bhatt,Chat Frontline,VA-EB-PL2,6998.0,GW-OTHER,GW-OTHER,GW-OTHER,"re-pair successful, resolved on chat. issued refund + replacement",N,True,True,1820.0,True
TK-246145,2025-10,2025Q4,A3033,Vikram Banerjee,Billing,VA-EB-PL1,2499.0,GW-OTHER,DUP-PAYMENT,DUP-PAYMENT,Card charged two times. Please help,N,False,False,0.0,True
TK-246146,2025-10,2025Q4,A3032,Sneha Bansal,Billing,VA-EB-PL2,3499.0,DUP-PAYMENT,DUP-PAYMENT,,,N,,False,0.0,False
TK-246148,2025-10,2025Q4,A3038,Ankit Dhillon,Returns Desk,VA-SW-NX2,6499.0,RETURN-QC-OK,RETURN-QC-OK,,,N,,False,0.0,False
TK-246152,2025-10,2025Q4,A3038,Ankit Dhillon,Returns Desk,VA-EB-AIR,1799.0,GW-OTHER,RETURN-QC-OK,RETURN-QC-OK,Refund delay. chk refund status on PG. Refunded,N,False,False,0.0,True
TK-246154,2025-10,2025Q4,A3034,Tanvi Rathore,Billing,VA-HP-ST3,665.0,DUP-PAYMENT,DUP-PAYMENT,,,N,,False,0.0,False
TK-246164,2025-10,2025Q4,A3036,Ritika D'Souza,Returns Desk,VA-EB-PL2,3499.0,GW-OTHER,RETURN-QC-OK,RETURN-QC-OK,chk revere pickup QC status. Full rfnd processed,N,False,False,0.0,True
TK-246168,2025-10,2025Q4,A3036,Ritika D'Souza,Returns Desk,VA-SW-FIT,510.0,RETURN-QC-OK,RETURN-QC-OK,,,N,,False,0.0,False
TK-246170,2025-10,2025Q4,A3039,Reyansh Mishra,Escalations & Warranty,VA-HP-ST3,6999.0,GW-OTHER,GW-OTHER,GW-OTHER,sorted (sop 3.1) refund + rplc,Y,True,True,2990.0,True
TK-246171,2025-10,2025Q4,A3030,Aishwarya Trivedi,Logistics,VA-EB-PL2,3499.0,GW-OTHER,GW-OTHER,GW-OTHER,Cust contacted re wrong variant rcvd. Replacement unit dispatched.,Y,True,True,1820.0,True
TK-246175,2025-10,2025Q4,A3035,Dev Kulkarni,Billing,VA-HP-ST3,945.0,GW-OTHER,DUP-PAYMENT,DUP-PAYMENT,mony debited but order not showing,N,False,False,0.0,True
TK-246182,2025-10,2025Q4,A3005,Payal Bhatia,Chat Frontline,VA-SW-FIT,3398.0,RETURN-QC-OK,RETURN-QC-OK,,,N,,False,0.0,False
TK-246202,2025-10,2025Q4,A3018,Krishna Bhatt,Email Frontline,VA-SW-FIT,1699.0,DUP-PAYMENT,DUP-PAYMENT,,,N,,False,0.0,False
TK-246204,2025-10,2025Q4,A3012,Lakshmi Srivastava,Chat Frontline,VA-EB-PL2,3324.0,DOA-REPL,DOA-REPL,DOA-REPL,refunded rs 3324,N,False,False,0.0,False
TK-246226,2025-10,2025Q4,A3035,Dev Kulkarni,Billing,VA-SW-NX2,6499.0,GW-OTHER,DUP-PAYMENT,DUP-PAYMENT,amount deducted without ord. conf w/ payment gateway. Full rfnd,N,False,False,0.0,True
TK-246239,2025-10,2025Q4,A3036,Ritika D'Souza,Returns Desk,VA-EB-AIR,3058.0,RETURN-QC-OK,RETURN-QC-OK,RETURN-QC-OK,checked reverse pkp qc status,N,False,False,0.0,False
TK-246242,2025-10,2025Q4,A3009,Sukhwinder Singh,Chat Frontline,VA-HP-ST3,1400.0,GW-OTHER,CANCEL,CANCEL,cancel ord. chk shipment status. rfnd approved,N,False,False,0.0,True
TK-246247,2025-10,2025Q4,A3030,Aishwarya Trivedi,Logistics,VA-SW-NX1,500.0,GW-OTHER,LOST-TRANSIT,LOST-TRANSIT,Reported: unit rcvd damaged. Checked with crr for damage claim.,N,False,False,0.0,False
TK-246252,2025-10,2025Q4,A3021,Meera Mathew,Email Frontline,VA-EB-PL1,2124.0,CANCEL,CANCEL,,,N,,False,0.0,False
TK-246255,2025-10,2025Q4,A3011,Rohit Gill,Chat Frontline,VA-EB-PL2,3149.0,CANCEL,CANCEL,,,N,,False,0.0,False
TK-246257,2025-10,2025Q4,A3016,Thomas Kumar,Email Frontline,VA-EB-AIR,1799.0,GW-OTHER,DUP-PAYMENT,DUP-PAYMENT,"payment debited, no order",N,False,False,0.0,True
TK-246262,2025-10,2025Q4,A3029,Rajat Mukherjee,Logistics,VA-EB-PL2,2799.0,GW-OTHER,CANCEL,CANCEL,issue: cancellation request.,N,False,False,0.0,True
TK-246263,2025-10,2025Q4,A3035,Dev Kulkarni,Billing,VA-SW-NX1,4249.0,DUP-PAYMENT,DUP-PAYMENT,,,N,,False,0.0,False
TK-246272,2025-10,2025Q4,A3042,Swati Bhatia,Escalations & Warranty,VA-HP-ST3,3500.0,GW-OTHER,DOA-REPL,DOA-REPL,"offered replacement, cx preferred refund",N,False,False,0.0,True
TK-246276,2025-10,2025Q4,A3035,Dev Kulkarni,Billing,VA-EB-PL1,2249.0,GW-OTHER,DUP-PAYMENT,DUP-PAYMENT,failed ord after payment | conf w/ payment gateway,N,False,False,0.0,True
TK-246279,2025-10,2025Q4,A3014,Anjali D'Souza,Chat Frontline,VA-EB-PL1,1999.0,GW-OTHER,GW-OTHER,GW-OTHER,Issued rfnd + rplc both,Y,True,True,1460.0,True
TK-246285,2025-10,2025Q4,A3038,Ankit Dhillon,Returns Desk,VA-SW-NX2,5524.0,RETURN-QC-OK,RETURN-QC-OK,,,N,,False,0.0,False
TK-246289,2025-10,2025Q4,A3011,Rohit Gill,Chat Frontline,VA-EB-PL2,6998.0,GW-OTHER,CANCEL,CANCEL,Issue: cancel ord. Cancelled before dispatch.,N,False,False,0.0,True
TK-246290,2025-10,2025Q4,A3010,Tenzin Mathew,Chat Frontline,VA-HP-ST3,6649.0,WTY-BUYBACK,WTY-BUYBACK,GW-OTHER,"Cx got the amount back, also sending a new set",N,True,True,2990.0,False
TK-246306,2025-10,2025Q4,A3033,Vikram Banerjee,Billing,VA-EB-PL1,450.0,DUP-PAYMENT,DUP-PAYMENT,,,N,,False,0.0,False
TK-246310,2025-10,2025Q4,A3030,Aishwarya Trivedi,Logistics,VA-EB-PL2,3499.0,DOA-REPL,DOA-REPL,,,N,,False,0.0,False
TK-246313,2025-10,2025Q4,A3035,Dev Kulkarni,Billing,VA-SW-NX1,9998.0,GW-OTHER,DUP-PAYMENT,DUP-PAYMENT,"payment debited, no ord | confirmed w/ payment gatway",N,False,False,0.0,True
TK-246314,2025-10,2025Q4,A3033,Vikram Banerjee,Billing,VA-EB-PL1,2249.0,DUP-PAYMENT,DUP-PAYMENT,,,N,,False,0.0,False
TK-246317,2025-11,2025Q4,A3030,Aishwarya Trivedi,Logistics,VA-EB-AIR,1799.0,GW-OTHER,GW-OTHER,GW-OTHER,"Cx got the amount back, also sending a new set",Y,True,True,1100.0,True
TK-246318,2025-10,2025Q4,A3035,Dev Kulkarni,Billing,VA-EB-PL1,2374.0,CANCEL,CANCEL,,,N,,False,0.0,False
TK-246319,2025-10,2025Q4,A3035,Dev Kulkarni,Billing,VA-AC-CASE,1299.0,DUP-PAYMENT,DUP-PAYMENT,,,N,,False,0.0,False
TK-246321,2025-10,2025Q4,A3001,Suresh Kaur,Chat Frontline,VA-EB-PL2,2974.0,CANCEL,CANCEL,,,N,,False,0.0,False
TK-246339,2025-10,2025Q4,A3033,Vikram Banerjee,Billing,VA-SW-NX2,6174.0,DUP-PAYMENT,DUP-PAYMENT,,,N,,False,0.0,False
TK-246341,2025-10,2025Q4,A3036,Ritika D'Souza,Returns Desk,VA-EB-PL1,4998.0,RETURN-QC-OK,RETURN-QC-OK,RETURN-QC-OK,Checked reverse pickup QC status,N,False,False,0.0,False
TK-246344,2025-10,2025Q4,A3032,Sneha Bansal,Billing,VA-EB-PL2,3499.0,GW-OTHER,UNCLEAR,UNCLEAR,refund delay,N,False,False,0.0,True
TK-246349,2025-10,2025Q4,A3009,Sukhwinder Singh,Chat Frontline,VA-SP-MINI,2249.0,CANCEL,CANCEL,,,N,,False,0.0,False
TK-246352,2025-10,2025Q4,A3016,Thomas Kumar,Email Frontline,VA-EB-PL2,1750.0,CANCEL,CANCEL,,,N,,False,0.0,False
TK-246354,2025-10,2025Q4,A3036,Ritika D'Souza,Returns Desk,VA-EB-PL2,2799.0,GW-OTHER,RETURN-QC-OK,RETURN-QC-OK,chk reverse pickup QC status,N,False,False,0.0,True
TK-246357,2025-10,2025Q4,A3035,Dev Kulkarni,Billing,VA-EB-AIR,1799.0,GW-OTHER,UNCLEAR,UNCLEAR,ord manually created,N,False,False,0.0,True
TK-246358,2025-10,2025Q4,A3036,Ritika D'Souza,Returns Desk,VA-EB-AIR,1799.0,GW-OTHER,RETURN-QC-OK,RETURN-QC-OK,Checked reverse pikup QC status,N,False,False,0.0,True
TK-246362,2025-10,2025Q4,A3035,Dev Kulkarni,Billing,VA-EB-PL2,700.0,DUP-PAYMENT,DUP-PAYMENT,,,N,,False,0.0,False
TK-246379,2025-10,2025Q4,A3033,Vikram Banerjee,Billing,VA-HP-ST3,11898.0,GW-OTHER,GW-OTHER,GW-OTHER,full refund issued and replacement dispatched as goodwill,N,True,True,2990.0,True
TK-246391,2025-10,2025Q4,A3017,Kabir Singh,Email Frontline,VA-EB-PL2,3149.0,GW-OTHER,CANCEL,CANCEL,reported: ord cancellation,N,False,False,0.0,True
TK-246395,2025-10,2025Q4,A3034,Tanvi Rathore,Billing,VA-AC-CH65,225.0,DUP-PAYMENT,DUP-PAYMENT,,,N,,False,0.0,False
TK-246398,2025-11,2025Q4,A3030,Aishwarya Trivedi,Logistics,VA-SP-ORB,5699.0,DOA-REPL,DOA-REPL,GW-OTHER,Full rfnd issued and rplc dispatched as goodwill,N,True,True,2640.0,False
TK-246399,2025-10,2025Q4,A3035,Dev Kulkarni,Billing,VA-SP-MINI,1999.0,GW-OTHER,DUP-PAYMENT,DUP-PAYMENT,Cx reported charged twice. chk PG for duplicate txn.,N,False,False,0.0,True
TK-246405,2025-10,2025Q4,A3039,Reyansh Mishra,Escalations & Warranty,VA-HP-ST3,6649.0,GW-OTHER,WTY-BUYBACK,WTY-BUYBACK,"replacement declined by cx, refund issued instead",N,False,False,0.0,True
TK-246408,2025-10,2025Q4,A3038,Ankit Dhillon,Returns Desk,VA-NB-ARC,1039.0,GW-OTHER,RETURN-QC-OK,RETURN-QC-OK,chk reverse pickup QC status,N,False,False,0.0,True
TK-246412,2025-10,2025Q4,A3032,Sneha Bansal,Billing,VA-EB-AIR,1799.0,GW-OTHER,DUP-PAYMENT,DUP-PAYMENT,the page failed after I padi and now nothing shhows,N,False,False,0.0,True
TK-246413,2025-10,2025Q4,A3037,Manish Iyer,Returns Desk,VA-HP-ST2,4249.0,RETURN-QC-OK,RETURN-QC-OK,RETURN-QC-OK,the reutrn was acepted but the amount is nowhere,N,False,False,0.0,False
TK-246415,2025-10,2025Q4,A3035,Dev Kulkarni,Billing,VA-EB-PL2,3149.0,GW-OTHER,DUP-PAYMENT,DUP-PAYMENT,payment was deducted but no order was created,N,False,False,0.0,True
TK-246424,2025-10,2025Q4,A3009,Sukhwinder Singh,Chat Frontline,VA-SW-NX2,975.0,DUP-PAYMENT,DUP-PAYMENT,,,N,,False,0.0,False
TK-246427,2025-10,2025Q4,A3035,Dev Kulkarni,Billing,VA-EB-PL1,2249.0,DUP-PAYMENT,DUP-PAYMENT,,,N,,False,0.0,False
TK-246431,2025-10,2025Q4,A3018,Krishna Bhatt,Email Frontline,VA-EB-PL2,1400.0,GW-OTHER,PRICE-ADJ,PRICE-ADJ,cx: coupon not applied,N,False,False,0.0,True
TK-246432,2025-10,2025Q4,A3035,Dev Kulkarni,Billing,VA-AC-CASE,1039.0,DUP-PAYMENT,DUP-PAYMENT,,,N,,False,0.0,False
TK-246444,2025-10,2025Q4,A3034,Tanvi Rathore,Billing,VA-EB-PL2,499.0,GW-OTHER,CANCEL,CANCEL,"pls cancel, ordered by mistake",N,False,False,0.0,False
TK-246451,2025-11,2025Q4,A3030,Aishwarya Trivedi,Logistics,VA-EB-AIR,810.0,DOA-REPL,DOA-REPL,LOST-TRANSIT,cx states damaged in transit,N,False,False,0.0,False
TK-246460,2025-11,2025Q4,A3038,Ankit Dhillon,Returns Desk,VA-EB-PL2,3499.0,RETURN-QC-OK,RETURN-QC-OK,,,N,,False,0.0,False
TK-246462,2025-10,2025Q4,A3035,Dev Kulkarni,Billing,VA-EB-PL2,2799.0,GW-OTHER,DUP-PAYMENT,DUP-PAYMENT,"payment debited, no ord",N,False,False,0.0,True
TK-246465,2025-11,2025Q4,A3036,Ritika D'Souza,Returns Desk,VA-SW-NX2,10398.0,RETURN-QC-OK,RETURN-QC-OK,,,N,,False,0.0,False
TK-246466,2025-10,2025Q4,A3033,Vikram Banerjee,Billing,VA-HP-ST2,3999.0,GW-OTHER,GW-OTHER,GW-OTHER,both refund and replacement given as cx threatened social media,N,True,True,2440.0,True
TK-246472,2025-10,2025Q4,A3008,Meera Malhotra,Chat Frontline,VA-SP-MINI,2499.0,CANCEL,CANCEL,,,N,,False,0.0,False
TK-246487,2025-11,2025Q4,A3034,Tanvi Rathore,Billing,VA-EB-PL2,3324.0,GW-OTHER,DUP-PAYMENT,DUP-PAYMENT,Double payment deducted,N,False,False,0.0,True
TK-246489,2025-11,2025Q4,A3038,Ankit Dhillon,Returns Desk,VA-AC-CH65,1499.0,RETURN-QC-OK,RETURN-QC-OK,RETURN-QC-OK,Checked reverse pickup QC status,N,False,False,0.0,False
TK-246495,2025-11,2025Q4,A3038,Ankit Dhillon,Returns Desk,VA-EB-PL1,1999.0,RETURN-QC-OK,RETURN-QC-OK,,,N,,False,0.0,False
TK-246499,2025-11,2025Q4,A3035,Dev Kulkarni,Billing,VA-EB-PL2,6298.0,DUP-PAYMENT,DUP-PAYMENT,,,N,,False,0.0,False
TK-246507,2025-11,2025Q4,A3030,Aishwarya Trivedi,Logistics,VA-HP-ST3,1260.0,DOA-REPL,DOA-REPL,LOST-TRANSIT,Cx reported damaged in transit. Replacement dispatched.,N,True,True,1260.0,False
TK-246538,2025-11,2025Q4,A3036,Ritika D'Souza,Returns Desk,VA-SW-NX2,6499.0,GW-OTHER,RETURN-QC-OK,RETURN-QC-OK,Cx reported reverse pickup pending,N,False,False,0.0,True
TK-246552,2025-11,2025Q4,A3030,Aishwarya Trivedi,Logistics,VA-EB-PL2,3149.0,RETURN-QC-OK,RETURN-QC-OK,,,N,,False,0.0,False
TK-246559,2025-11,2025Q4,A3035,Dev Kulkarni,Billing,VA-AC-CH65,1199.0,GW-OTHER,DUP-PAYMENT,DUP-PAYMENT,charged twice. Checked PG for duplicate txn,N,False,False,0.0,True
TK-246562,2025-11,2025Q4,A3032,Sneha Bansal,Billing,VA-SP-ORB,5999.0,DUP-PAYMENT,DUP-PAYMENT,,,N,,False,0.0,False
TK-246570,2025-11,2025Q4,A3038,Ankit Dhillon,Returns Desk,VA-EB-AIR,1799.0,RETURN-QC-OK,RETURN-QC-OK,,,N,,False,0.0,False
TK-246584,2025-11,2025Q4,A3035,Dev Kulkarni,Billing,VA-SW-NX2,5199.0,DUP-PAYMENT,DUP-PAYMENT,,,N,,False,0.0,False
TK-246585,2025-11,2025Q4,A3018,Krishna Bhatt,Email Frontline,VA-EB-PL2,3499.0,GW-OTHER,CANCEL,CANCEL,cx: order cancellation | cancelled before dispatch,N,False,False,0.0,True
TK-246589,2025-11,2025Q4,A3037,Manish Iyer,Returns Desk,VA-EB-PL1,2499.0,RETURN-QC-OK,RETURN-QC-OK,,,N,,False,0.0,False
TK-246601,2025-11,2025Q4,A3033,Vikram Banerjee,Billing,VA-SP-MINI,1187.0,GW-OTHER,DUP-PAYMENT,DUP-PAYMENT,amount deducted without ord,N,False,False,0.0,True
TK-246607,2025-11,2025Q4,A3011,Rohit Gill,Chat Frontline,VA-HP-ST3,6649.0,CANCEL,CANCEL,,,N,,False,0.0,False
TK-246610,2025-11,2025Q4,A3027,Priya Agarwal,Logistics,VA-SW-NX2,5524.0,DOA-REPL,DOA-REPL,,,N,,False,0.0,False
TK-246612,2025-11,2025Q4,A3042,Swati Bhatia,Escalations & Warranty,VA-SW-NX2,617.0,GW-OTHER,WTY-BUYBACK,WTY-BUYBACK,replacement strap dispatched,N,True,True,617.0,True
TK-246633,2025-11,2025Q4,A3033,Vikram Banerjee,Billing,VA-EB-PL2,3324.0,GW-OTHER,PRICE-ADJ,PRICE-ADJ,coupon not applied,N,False,False,0.0,True
TK-246639,2025-11,2025Q4,A3037,Manish Iyer,Returns Desk,VA-EB-AIR,1799.0,GW-OTHER,RETURN-QC-OK,RETURN-QC-OK,the return was accepted,N,False,False,0.0,True
TK-246642,2025-11,2025Q4,A3032,Sneha Bansal,Billing,VA-AC-CASE,584.0,GW-OTHER,UNCLEAR,UNCLEAR,see prev,N,False,False,0.0,True
TK-246644,2025-11,2025Q4,A3019,Kavya Agarwal,Email Frontline,VA-EB-PL2,3149.0,WTY-BUYBACK,WTY-BUYBACK,,,N,,False,0.0,False
TK-246650,2025-11,2025Q4,A3036,Ritika D'Souza,Returns Desk,VA-HP-ST3,6999.0,RETURN-QC-OK,RETURN-QC-OK,,,N,,False,0.0,False
TK-246654,2025-11,2025Q4,A3018,Krishna Bhatt,Email Frontline,VA-HP-ST3,630.0,GW-OTHER,CANCEL,CANCEL,order cancellation | cancelled before dispatch,N,False,False,0.0,True
TK-246678,2025-11,2025Q4,A3038,Ankit Dhillon,Returns Desk,VA-EB-PL2,3499.0,RETURN-QC-OK,RETURN-QC-OK,,,N,,False,0.0,False
TK-246696,2025-11,2025Q4,A3030,Aishwarya Trivedi,Logistics,VA-EB-AIR,1799.0,GW-OTHER,RETURN-QC-OK,RETURN-QC-OK,reverse pkp pending | checked pkp awb,N,False,False,0.0,True
TK-246698,2025-11,2025Q4,A3026,Aadhya Deshpande,Voice Frontline,VA-EB-PL1,1999.0,WTY-BUYBACK,WTY-BUYBACK,,,N,,False,0.0,False
TK-246700,2025-11,2025Q4,A3005,Payal Bhatia,Chat Frontline,VA-EB-AIR,288.0,GW-OTHER,UNCLEAR,UNCLEAR,recovery successful,N,False,False,0.0,False
TK-246706,2025-11,2025Q4,A3033,Vikram Banerjee,Billing,VA-SW-NX1,4499.0,RETURN-QC-OK,RETURN-QC-OK,DOA-REPL,"offered rplc, cx preferred rfnd",N,False,False,0.0,False
TK-246722,2025-11,2025Q4,A3013,Rohit Nair,Chat Frontline,VA-EB-PL2,3149.0,DUP-PAYMENT,DUP-PAYMENT,,,N,,False,0.0,False
TK-246723,2025-11,2025Q4,A3013,Rohit Nair,Chat Frontline,VA-EB-PL1,2499.0,CANCEL,CANCEL,,,N,,False,0.0,False
TK-246724,2025-11,2025Q4,A3033,Vikram Banerjee,Billing,VA-SW-NX2,617.0,DUP-PAYMENT,DUP-PAYMENT,,,N,,False,0.0,False
TK-246731,2025-11,2025Q4,A3018,Krishna Bhatt,Email Frontline,VA-SW-FIT,1799.0,DUP-PAYMENT,DUP-PAYMENT,,,N,,False,0.0,False
TK-246750,2025-11,2025Q4,A3012,Lakshmi Srivastava,Chat Frontline,VA-EB-AIR,1799.0,GW-OTHER,GW-OTHER,GW-OTHER,new unit also going out tomorrow,N,True,True,1100.0,True
TK-246751,2025-11,2025Q4,A3035,Dev Kulkarni,Billing,VA-NB-ARC,1299.0,DUP-PAYMENT,DUP-PAYMENT,,,N,,False,0.0,False
TK-246756,2025-11,2025Q4,A3038,Ankit Dhillon,Returns Desk,VA-EB-PL2,3499.0,RETURN-QC-OK,RETURN-QC-OK,RETURN-QC-OK,checked reverse pkp QC status,N,False,False,0.0,False
TK-246758,2025-11,2025Q4,A3031,Zaid Desai,Logistics,VA-EB-AIR,764.0,GW-OTHER,LOST-TRANSIT,LOST-TRANSIT,Received damaged product,N,False,False,0.0,True
TK-246761,2025-11,2025Q4,A3037,Manish Iyer,Returns Desk,VA-EB-PL2,3499.0,RETURN-QC-OK,RETURN-QC-OK,,,N,,False,0.0,False
TK-246764,2025-11,2025Q4,A3027,Priya Agarwal,Logistics,VA-HP-ST2,4749.0,DOA-REPL,DOA-REPL,,,N,,False,0.0,False
TK-246767,2025-11,2025Q4,A3018,Krishna Bhatt,Email Frontline,VA-HP-ST3,3500.0,GW-OTHER,WTY-BUYBACK,WTY-BUYBACK,re: rapid battery drain,N,False,False,0.0,True
TK-246788,2025-11,2025Q4,A3036,Ritika D'Souza,Returns Desk,VA-EB-PL2,2799.0,GW-OTHER,RETURN-QC-OK,RETURN-QC-OK,Checked reverse pickup QC status,N,False,False,0.0,True
TK-246814,2025-11,2025Q4,A3034,Tanvi Rathore,Billing,VA-HP-ST3,5949.0,PRICE-ADJ,PRICE-ADJ,,,N,,False,0.0,False
TK-246825,2025-11,2025Q4,A3030,Aishwarya Trivedi,Logistics,VA-EB-PL1,2249.0,DOA-REPL,DOA-REPL,,,Y,,True,1460.0,False
TK-246838,2025-11,2025Q4,A3021,Meera Mathew,Email Frontline,VA-EB-PL1,2499.0,WTY-BUYBACK,WTY-BUYBACK,,,N,,False,0.0,False
TK-246839,2025-11,2025Q4,A3035,Dev Kulkarni,Billing,VA-EB-PL2,2974.0,DUP-PAYMENT,DUP-PAYMENT,,,N,,False,0.0,False
TK-246844,2025-11,2025Q4,A3029,Rajat Mukherjee,Logistics,VA-SW-NX2,6499.0,GW-OTHER,GW-OTHER,GW-OTHER,incorrect product shipped,Y,True,True,2790.0,True
TK-246846,2025-11,2025Q4,A3034,Tanvi Rathore,Billing,VA-EB-PL2,3499.0,DUP-PAYMENT,DUP-PAYMENT,,,N,,False,0.0,False
TK-246850,2025-11,2025Q4,A3039,Reyansh Mishra,Escalations & Warranty,VA-EB-PL2,3324.0,GW-OTHER,GW-OTHER,GW-OTHER,replacement unit also shipped,N,True,True,1820.0,True
TK-246853,2025-11,2025Q4,A3033,Vikram Banerjee,Billing,VA-SW-NX2,5849.0,RETURN-QC-OK,RETURN-QC-OK,,,N,,False,0.0,False
TK-246858,2025-11,2025Q4,A3037,Manish Iyer,Returns Desk,VA-SW-FIT,1899.0,RETURN-QC-OK,RETURN-QC-OK,,,N,,False,0.0,False
TK-246862,2025-11,2025Q4,A3011,Rohit Gill,Chat Frontline,VA-HP-ST3,6999.0,CANCEL,CANCEL,,,N,,False,0.0,False
TK-246868,2025-11,2025Q4,A3037,Manish Iyer,Returns Desk,VA-EB-PL1,2499.0,DOA-REPL,DOA-REPL,,,N,,False,0.0,False
TK-246870,2025-11,2025Q4,A3030,Aishwarya Trivedi,Logistics,VA-SW-NX2,5199.0,DOA-REPL,DOA-REPL,GW-OTHER,wrong item delivered,N,True,True,2790.0,False
TK-246876,2025-11,2025Q4,A3030,Aishwarya Trivedi,Logistics,VA-HP-ST3,5949.0,GW-OTHER,GW-OTHER,GW-OTHER,Full refund issued & replacement dispatched as goodwill,Y,True,True,2990.0,True
TK-246888,2025-11,2025Q4,A3036,Ritika D'Souza,Returns Desk,VA-EB-PL2,3149.0,GW-OTHER,RETURN-QC-OK,RETURN-QC-OK,where is the monye for the return,N,False,False,0.0,True
TK-246895,2025-11,2025Q4,A3030,Aishwarya Trivedi,Logistics,VA-HP-ST2,3999.0,WTY-BUYBACK,WTY-BUYBACK,GW-OTHER,rfnd done & new unit sent as one-time gesture,Y,True,True,2440.0,False
TK-246896,2025-11,2025Q4,A3035,Dev Kulkarni,Billing,VA-EB-PL1,375.0,DUP-PAYMENT,DUP-PAYMENT,,,N,,False,0.0,False
TK-246910,2025-11,2025Q4,A3034,Tanvi Rathore,Billing,VA-EB-PL2,297.0,GW-OTHER,CANCEL,CANCEL,closed (sop 5.4),N,False,False,0.0,False
TK-246915,2025-11,2025Q4,A3037,Manish Iyer,Returns Desk,VA-SP-MINI,500.0,GW-OTHER,RETURN-QC-OK,RETURN-QC-OK,refund pending,N,False,False,0.0,False
TK-246916,2025-11,2025Q4,A3033,Vikram Banerjee,Billing,VA-EB-PL2,3324.0,DUP-PAYMENT,DUP-PAYMENT,,,N,,False,0.0,False
TK-246927,2025-11,2025Q4,A3033,Vikram Banerjee,Billing,VA-SW-NX2,6499.0,GW-OTHER,DOA-REPL,DOA-REPL,"offered replacement, cx preferred refund",N,False,False,0.0,True
TK-246928,2025-11,2025Q4,A3024,Amit Deshpande,Voice Frontline,VA-EB-PL2,3324.0,GW-OTHER,GW-OTHER,GW-OTHER,"Reset done, paired ok. ... Reversed the payment and dispatched a new one",Y,True,True,1820.0,True
TK-246932,2025-11,2025Q4,A3011,Rohit Gill,Chat Frontline,VA-NB-ARC,1234.0,CANCEL,CANCEL,,,N,,False,0.0,False
TK-246935,2025-11,2025Q4,A3015,Sameer Jadhav,Chat Frontline,VA-EB-PL2,525.0,GW-OTHER,CANCEL,CANCEL,Cancelled before dispatch,N,False,False,0.0,True
TK-246936,2025-11,2025Q4,A3035,Dev Kulkarni,Billing,VA-EB-PL1,375.0,GW-OTHER,DUP-PAYMENT,DUP-PAYMENT,payment was deducted but no order was created,N,False,False,0.0,False
TK-246943,2025-11,2025Q4,A3035,Dev Kulkarni,Billing,VA-SP-MINI,2499.0,GW-OTHER,CANCEL,CANCEL,ord cancellation. chk shipment status. Refunded,N,False,False,0.0,True
TK-246948,2025-11,2025Q4,A3035,Dev Kulkarni,Billing,VA-EB-PL1,2499.0,GW-OTHER,DUP-PAYMENT,DUP-PAYMENT,Customer states doulbe charge. chk PG for duplicate txn.,N,False,False,0.0,True
TK-246954,2025-11,2025Q4,A3034,Tanvi Rathore,Billing,VA-EB-PL2,3499.0,DUP-PAYMENT,DUP-PAYMENT,,,N,,False,0.0,False
TK-246960,2025-11,2025Q4,A3032,Sneha Bansal,Billing,VA-SP-ORB,5699.0,GW-OTHER,DUP-PAYMENT,DUP-PAYMENT,amount deducted without order,N,False,False,0.0,True
TK-246967,2025-11,2025Q4,A3010,Tenzin Mathew,Chat Frontline,VA-HP-ST2,4499.0,CANCEL,CANCEL,,,N,,False,0.0,False
TK-246972,2025-11,2025Q4,A3033,Vikram Banerjee,Billing,VA-EB-PL2,3499.0,DUP-PAYMENT,DUP-PAYMENT,,,N,,False,0.0,False
TK-246976,2025-11,2025Q4,A3035,Dev Kulkarni,Billing,VA-SW-FIT,1999.0,PRICE-ADJ,PRICE-ADJ,,,N,,False,0.0,False
TK-246980,2025-11,2025Q4,A3031,Zaid Desai,Logistics,VA-EB-PL2,2799.0,GW-OTHER,RETURN-QC-OK,RETURN-QC-OK,Issue: pickup not done. Checked pickup AWB.,N,False,False,0.0,True
TK-246987,2025-11,2025Q4,A3018,Krishna Bhatt,Email Frontline,VA-EB-AIR,1529.0,GW-OTHER,CANCEL,CANCEL,re: cancellation request | checked shipment status -> refund approved,N,False,False,0.0,True
TK-246991,2025-11,2025Q4,A3030,Aishwarya Trivedi,Logistics,VA-EB-PL2,700.0,LOST-TRANSIT,LOST-TRANSIT,,,N,,False,0.0,False
TK-247015,2025-11,2025Q4,A3030,Aishwarya Trivedi,Logistics,VA-EB-PL1,2499.0,RETURN-QC-OK,RETURN-QC-OK,,,N,,False,0.0,False
TK-247022,2025-11,2025Q4,A3036,Ritika D'Souza,Returns Desk,VA-AC-CBL,399.0,GW-OTHER,RETURN-QC-OK,RETURN-QC-OK,chk reverse picukp QC status.,N,False,False,0.0,False
TK-247025,2025-11,2025Q4,A3036,Ritika D'Souza,Returns Desk,VA-EB-AIR,1709.0,GW-OTHER,LOST-TRANSIT,LOST-TRANSIT,Cx says damaaged in transit.,N,False,False,0.0,True
TK-247030,2025-11,2025Q4,A3012,Lakshmi Srivastava,Chat Frontline,VA-EB-PL2,2974.0,CANCEL,CANCEL,,,N,,False,0.0,False
TK-247034,2025-11,2025Q4,A3003,Komal Singh,Chat Frontline,VA-SW-NX2,6174.0,DUP-PAYMENT,DUP-PAYMENT,,,N,,False,0.0,False
TK-247041,2025-11,2025Q4,A3028,Sameer Kapoor,Logistics,VA-EB-AIR,1709.0,GW-OTHER,LOST-TRANSIT,LOST-TRANSIT,refunded rs 1709 & also raised replacement,N,True,True,1100.0,True
TK-247045,2025-11,2025Q4,A3037,Manish Iyer,Returns Desk,VA-EB-PL1,2249.0,GW-OTHER,RETURN-QC-OK,RETURN-QC-OK,checked reverse pickup qc status.,N,False,False,0.0,True
TK-247055,2025-11,2025Q4,A3029,Rajat Mukherjee,Logistics,VA-EB-PL1,2499.0,DOA-REPL,DOA-REPL,,,N,,False,0.0,False
TK-247056,2025-11,2025Q4,A3035,Dev Kulkarni,Billing,VA-EB-PL2,472.0,DUP-PAYMENT,DUP-PAYMENT,,,N,,False,0.0,False
TK-247060,2025-11,2025Q4,A3035,Dev Kulkarni,Billing,VA-EB-PL2,3499.0,GW-OTHER,DUP-PAYMENT,DUP-PAYMENT,Contact re failed ord after payment.,N,False,False,0.0,True
TK-247062,2025-11,2025Q4,A3036,Ritika D'Souza,Returns Desk,VA-SW-NX1,4499.0,GW-OTHER,RETURN-QC-OK,RETURN-QC-OK,Reported: reverse pkp pending. Re-raised pkp w/ courier.,N,False,False,0.0,True
TK-247065,2025-11,2025Q4,A3036,Ritika D'Souza,Returns Desk,VA-EB-PL1,1124.0,RETURN-QC-OK,RETURN-QC-OK,,,N,,False,0.0,False
TK-247068,2025-11,2025Q4,A3035,Dev Kulkarni,Billing,VA-EB-PL1,2499.0,PRICE-ADJ,PRICE-ADJ,,,N,,False,0.0,False
TK-247079,2025-11,2025Q4,A3039,Reyansh Mishra,Escalations & Warranty,VA-SP-ORB,5999.0,WTY-BUYBACK,WTY-BUYBACK,GW-OTHER,"cx got the amount back, also sending a new set",N,True,True,2640.0,False
TK-247084,2025-11,2025Q4,A3038,Ankit Dhillon,Returns Desk,VA-EB-PL2,2974.0,RETURN-QC-OK,RETURN-QC-OK,,,N,,False,0.0,False
TK-247086,2025-11,2025Q4,A3039,Reyansh Mishra,Escalations & Warranty,VA-SW-FIT,1599.0,GW-OTHER,GW-OTHER,GW-OTHER,refund done and new unit sent as one-time gesture,Y,True,True,1190.0,True
TK-247090,2025-11,2025Q4,A3037,Manish Iyer,Returns Desk,VA-EB-PL2,472.0,RETURN-QC-OK,RETURN-QC-OK,,,N,,False,0.0,False
TK-247093,2025-11,2025Q4,A3030,Aishwarya Trivedi,Logistics,VA-EB-PL1,2499.0,GW-OTHER,LOST-TRANSIT,LOST-TRANSIT,"Customer states transit damage. Replacement approved, reverse pickup arranged.",Y,True,True,1460.0,True
TK-247095,2025-11,2025Q4,A3024,Amit Deshpande,Voice Frontline,VA-EB-PL2,700.0,GW-OTHER,DUP-PAYMENT,DUP-PAYMENT,amount deducted without order.,N,False,False,0.0,True
TK-247102,2025-11,2025Q4,A3035,Dev Kulkarni,Billing,VA-HP-ST3,3500.0,DUP-PAYMENT,DUP-PAYMENT,,,N,,False,0.0,False
TK-247114,2025-11,2025Q4,A3042,Swati Bhatia,Escalations & Warranty,VA-EB-PL2,6648.0,GW-OTHER,GW-OTHER,GW-OTHER,l bud no charge in case | tested with cx on call,N,True,True,1820.0,True
TK-247120,2025-11,2025Q4,A3027,Priya Agarwal,Logistics,VA-SP-ORB,11398.0,GW-OTHER,LOST-TRANSIT,LOST-TRANSIT,Unit received damaged,N,False,False,0.0,True
TK-247126,2025-11,2025Q4,A3006,Varun Bhatt,Chat Frontline,VA-SP-ORB,5999.0,GW-OTHER,GW-OTHER,GW-OTHER,issue: bt dropouts... money back to source and a fresh pair shipped,N,True,True,2640.0,True
TK-247128,2025-11,2025Q4,A3028,Sameer Kapoor,Logistics,VA-SW-NX2,1105.0,GW-OTHER,LOST-TRANSIT,LOST-TRANSIT,unit rcvd damaged. chk w/ crr for damage claim.,N,False,False,0.0,True
TK-247135,2025-11,2025Q4,A3035,Dev Kulkarni,Billing,VA-EB-PL2,1750.0,DUP-PAYMENT,DUP-PAYMENT,,,N,,False,0.0,False
TK-247145,2025-11,2025Q4,A3032,Sneha Bansal,Billing,VA-HP-ST3,6999.0,GW-OTHER,GW-OTHER,GW-OTHER,full rfnd issued and replacement dispatched as goodwill,N,True,True,2990.0,True
TK-247148,2025-11,2025Q4,A3037,Manish Iyer,Returns Desk,VA-SW-FIT,1699.0,RETURN-QC-OK,RETURN-QC-OK,,,N,,False,0.0,False
TK-247157,2025-11,2025Q4,A3030,Aishwarya Trivedi,Logistics,VA-AC-CH65,1199.0,GW-OTHER,RETURN-QC-OK,RETURN-QC-OK,pickup not done. Re-raised pickup w/ crr. Refund,N,False,False,0.0,True
TK-247158,2025-11,2025Q4,A3012,Lakshmi Srivastava,Chat Frontline,VA-EB-PL2,3499.0,GW-OTHER,LOST-TRANSIT,LOST-TRANSIT,cust contacted re delivery delayed,N,False,False,0.0,True
TK-247175,2025-11,2025Q4,A3038,Ankit Dhillon,Returns Desk,VA-EB-PL2,3149.0,RETURN-QC-OK,RETURN-QC-OK,,,N,,False,0.0,False
TK-247190,2025-11,2025Q4,A3038,Ankit Dhillon,Returns Desk,VA-EB-PL2,297.0,GW-OTHER,RETURN-QC-OK,RETURN-QC-OK,Checked reverse pickup QC status,N,False,False,0.0,False
TK-247208,2025-11,2025Q4,A3003,Komal Singh,Chat Frontline,VA-EB-PL2,3499.0,CANCEL,CANCEL,,,N,,False,0.0,False
TK-247211,2025-11,2025Q4,A3038,Ankit Dhillon,Returns Desk,VA-EB-PL2,6998.0,RETURN-QC-OK,RETURN-QC-OK,,,N,,False,0.0,False
TK-247215,2025-11,2025Q4,A3029,Rajat Mukherjee,Logistics,VA-EB-PL2,1662.0,DOA-REPL,DOA-REPL,,,N,,False,0.0,False
TK-247217,2025-11,2025Q4,A3037,Manish Iyer,Returns Desk,VA-AC-CBL,379.0,GW-OTHER,UNCLEAR,UNCLEAR,issue: refund delay. checked refund status,N,False,False,0.0,False
TK-247221,2025-11,2025Q4,A3032,Sneha Bansal,Billing,VA-EB-PL1,2124.0,DUP-PAYMENT,DUP-PAYMENT,,,N,,False,0.0,False
TK-247228,2025-11,2025Q4,A3029,Rajat Mukherjee,Logistics,VA-EB-PL2,1662.0,RETURN-QC-OK,RETURN-QC-OK,RETURN-QC-OK,checked pickup awb,N,False,False,0.0,False
TK-247232,2025-11,2025Q4,A3039,Reyansh Mishra,Escalations & Warranty,VA-SW-NX1,4249.0,GW-OTHER,LOST-TRANSIT,LOST-TRANSIT,damaged in transit,N,True,True,2240.0,True
TK-247254,2025-11,2025Q4,A3036,Ritika D'Souza,Returns Desk,VA-EB-PL1,2499.0,GW-OTHER,RETURN-QC-OK,RETURN-QC-OK,Refunded Rs 2499 & also raised replacement,Y,True,True,1460.0,True
TK-247263,2025-11,2025Q4,A3016,Thomas Kumar,Email Frontline,VA-EB-PL2,6998.0,DUP-PAYMENT,DUP-PAYMENT,,,N,,False,0.0,False
TK-247267,2025-11,2025Q4,A3016,Thomas Kumar,Email Frontline,VA-HP-ST3,13998.0,DOA-REPL,DOA-REPL,GW-OTHER,"Reset done, paired ok. Cx got the amount back",Y,True,True,2990.0,False
TK-247273,2025-11,2025Q4,A3030,Aishwarya Trivedi,Logistics,VA-SW-NX2,6499.0,GW-OTHER,RETURN-QC-OK,RETURN-QC-OK,Checked reverse pickup QC status,N,False,False,0.0,True
TK-247275,2025-11,2025Q4,A3010,Tenzin Mathew,Chat Frontline,VA-HP-ST3,6649.0,CANCEL,CANCEL,,,N,,False,0.0,False
TK-247277,2025-11,2025Q4,A3020,Aadhya Singh,Email Frontline,VA-SW-NX1,1000.0,DUP-PAYMENT,DUP-PAYMENT,,,N,,False,0.0,False
TK-247281,2025-11,2025Q4,A3007,Abhishek Gupta,Chat Frontline,VA-SW-NX2,6499.0,CANCEL,CANCEL,,,N,,False,0.0,False
TK-247289,2025-11,2025Q4,A3018,Krishna Bhatt,Email Frontline,VA-EB-PL2,3499.0,GW-OTHER,CANCEL,CANCEL,order cancellation | cancelled before dispatch,N,False,False,0.0,True
TK-247290,2025-11,2025Q4,A3036,Ritika D'Souza,Returns Desk,VA-EB-PL2,3324.0,RETURN-QC-OK,RETURN-QC-OK,RETURN-QC-OK,Re-raised pickup with crr,N,False,False,0.0,False
TK-247297,2025-11,2025Q4,A3030,Aishwarya Trivedi,Logistics,VA-EB-PL2,2974.0,WTY-BUYBACK,WTY-BUYBACK,LOST-TRANSIT,"shipment not received. RTO confirmed, reshipped",Y,True,True,1820.0,False
TK-247298,2025-11,2025Q4,A3014,Anjali D'Souza,Chat Frontline,VA-SP-MINI,2499.0,GW-OTHER,GW-OTHER,GW-OTHER,FW update... refund + rplc,N,True,True,1320.0,True
TK-247303,2025-11,2025Q4,A3036,Ritika D'Souza,Returns Desk,VA-SP-ORB,5999.0,GW-OTHER,RETURN-QC-OK,RETURN-QC-OK,Re-raised pickup w/ crr,N,False,False,0.0,True
TK-247306,2025-11,2025Q4,A3026,Aadhya Deshpande,Voice Frontline,VA-EB-AIR,270.0,GW-OTHER,CANCEL,CANCEL,Cancel ord,N,False,False,0.0,False
TK-247308,2025-11,2025Q4,A3036,Ritika D'Souza,Returns Desk,VA-SP-MINI,2249.0,GW-OTHER,RETURN-QC-OK,RETURN-QC-OK,Checked reverse pkp QC status,N,False,False,0.0,True
TK-247310,2025-11,2025Q4,A3038,Ankit Dhillon,Returns Desk,VA-SP-MINI,2374.0,RETURN-QC-OK,RETURN-QC-OK,UNCLEAR,Checked refund status on PG,N,False,False,0.0,False
TK-247313,2025-11,2025Q4,A3030,Aishwarya Trivedi,Logistics,VA-SP-ORB,5399.0,DOA-REPL,DOA-REPL,,,N,,False,0.0,False
TK-247314,2025-11,2025Q4,A3015,Sameer Jadhav,Chat Frontline,VA-SP-ORB,5399.0,GW-OTHER,GW-OTHER,GW-OTHER,app not opening. Known issue on iOS 18,N,False,False,0.0,True
TK-247319,2025-11,2025Q4,A3017,Kabir Singh,Email Frontline,VA-EB-PL2,2799.0,DOA-REPL,DOA-REPL,,,N,,False,0.0,False
TK-247342,2025-11,2025Q4,A3005,Payal Bhatia,Chat Frontline,VA-HP-ST3,6999.0,GW-OTHER,GW-OTHER,GW-OTHER,Refunded Rs 6999 & also raised rplc,N,True,True,2990.0,True
TK-247346,2025-11,2025Q4,A3015,Sameer Jadhav,Chat Frontline,VA-EB-PL2,2799.0,WTY-BUYBACK,WTY-BUYBACK,,,N,,False,0.0,False
TK-247350,2025-11,2025Q4,A3036,Ritika D'Souza,Returns Desk,VA-SW-NX2,5199.0,GW-OTHER,UNCLEAR,UNCLEAR,chk refund status on PG,N,False,False,0.0,True
TK-247354,2025-11,2025Q4,A3018,Krishna Bhatt,Email Frontline,VA-SW-FIT,1599.0,GW-OTHER,CANCEL,CANCEL,order cancellation | checked shipment status,N,False,False,0.0,True
TK-247389,2025-11,2025Q4,A3035,Dev Kulkarni,Billing,VA-SW-NX2,5524.0,DUP-PAYMENT,DUP-PAYMENT,,,N,,False,0.0,False
TK-247392,2025-11,2025Q4,A3002,Steven Ansari,Chat Frontline,VA-SW-NX1,4749.0,GW-OTHER,CANCEL,CANCEL,cancelled before dispatch -> refunded rs 4749,N,False,False,0.0,True
TK-247414,2025-11,2025Q4,A3030,Aishwarya Trivedi,Logistics,VA-EB-PL2,3499.0,RETURN-QC-OK,RETURN-QC-OK,,,N,,False,0.0,False
TK-247425,2025-11,2025Q4,A3036,Ritika D'Souza,Returns Desk,VA-SP-MINI,4998.0,RETURN-QC-OK,RETURN-QC-OK,,,N,,False,0.0,False
TK-247433,2025-12,2025Q4,A3042,Swati Bhatia,Escalations & Warranty,VA-SW-FIT,1899.0,GW-OTHER,GW-OTHER,GW-OTHER,full refund issued & replacement dispatched as goodwill,N,True,True,1190.0,True
TK-247438,2025-11,2025Q4,A3037,Manish Iyer,Returns Desk,VA-EB-PL2,3149.0,RETURN-QC-OK,RETURN-QC-OK,,,N,,False,0.0,False
TK-247439,2025-11,2025Q4,A3034,Tanvi Rathore,Billing,VA-EB-PL1,375.0,DUP-PAYMENT,DUP-PAYMENT,,,N,,False,0.0,False
TK-247444,2025-11,2025Q4,A3044,Arjun Kumar,Escalations & Warranty,VA-SW-NX2,6174.0,GW-OTHER,GW-OTHER,GW-OTHER,"resolved on chat. Cx got the amount back, also sending a new set",N,True,True,2790.0,True
TK-247448,2025-11,2025Q4,A3034,Tanvi Rathore,Billing,VA-SP-MINI,2374.0,RETURN-QC-OK,RETURN-QC-OK,DOA-REPL,"rplc was offered earlier by chat team, cx opted for rfnd",N,False,False,0.0,False
TK-247457,2025-11,2025Q4,A3036,Ritika D'Souza,Returns Desk,VA-EB-PL2,3499.0,WTY-BUYBACK,WTY-BUYBACK,RETURN-QC-OK,"Pickup done, refund initiated. Issued rfnd + rplc both",N,True,True,1820.0,False
TK-247461,2025-11,2025Q4,A3030,Aishwarya Trivedi,Logistics,VA-EB-PL2,3324.0,CANCEL,CANCEL,,,N,,False,0.0,False
TK-247468,2025-11,2025Q4,A3003,Komal Singh,Chat Frontline,VA-AC-CASE,1104.0,GW-OTHER,CANCEL,CANCEL,Cancelled before dispatch. Refunded Rs 1104,N,False,False,0.0,True
TK-247471,2025-11,2025Q4,A3037,Manish Iyer,Returns Desk,VA-EB-PL1,250.0,RETURN-QC-OK,RETURN-QC-OK,,,N,,False,0.0,False
TK-247472,2025-11,2025Q4,A3034,Tanvi Rathore,Billing,VA-EB-AIR,1439.0,GW-OTHER,UNCLEAR,UNCLEAR,sorted,N,False,False,0.0,True
TK-247478,2025-11,2025Q4,A3033,Vikram Banerjee,Billing,VA-EB-PL2,6298.0,GW-OTHER,UNCLEAR,UNCLEAR,order manually created,N,False,False,0.0,True
TK-247487,2025-11,2025Q4,A3036,Ritika D'Souza,Returns Desk,VA-EB-PL2,3499.0,GW-OTHER,RETURN-QC-OK,RETURN-QC-OK,checked reverse pickup qc status -> refund of rs 3499,N,False,False,0.0,True
TK-247489,2025-11,2025Q4,A3018,Krishna Bhatt,Email Frontline,VA-EB-AIR,180.0,GW-OTHER,CANCEL,CANCEL,cancellation request | checked shipmnt status -> refund approved,N,False,False,0.0,False
TK-247491,2025-11,2025Q4,A3036,Ritika D'Souza,Returns Desk,VA-SP-MINI,1124.0,RETURN-QC-OK,RETURN-QC-OK,RETURN-QC-OK,Cust contacted re pkp not done. Re-raised pkp with courier. Refund,N,False,False,0.0,False
TK-247492,2025-12,2025Q4,A3030,Aishwarya Trivedi,Logistics,VA-SW-FIT,1999.0,GW-OTHER,LOST-TRANSIT,LOST-TRANSIT,"transit damage | photos received, damage confirmed -> reverse pkp arranged. Processed FR and raised RMA",Y,True,True,1190.0,True
TK-247493,2025-11,2025Q4,A3030,Aishwarya Trivedi,Logistics,VA-EB-PL2,3499.0,GW-OTHER,LOST-TRANSIT,LOST-TRANSIT,"shipment not rcvd. conf address with cx. RTO conf, reshipped",N,True,True,1820.0,True
TK-247497,2025-11,2025Q4,A3036,Ritika D'Souza,Returns Desk,VA-EB-PL2,3499.0,RETURN-QC-OK,RETURN-QC-OK,,,N,,False,0.0,False
TK-247503,2025-11,2025Q4,A3013,Rohit Nair,Chat Frontline,VA-EB-AIR,1709.0,GW-OTHER,DUP-PAYMENT,DUP-PAYMENT,duplicate refunded to source. issue: charged twice,N,False,False,0.0,True
TK-247504,2025-11,2025Q4,A3025,Komal Malhotra,Voice Frontline,VA-EB-PL1,212.0,DOA-REPL,DOA-REPL,,,N,,False,0.0,False
TK-247506,2025-11,2025Q4,A3033,Vikram Banerjee,Billing,VA-EB-PL1,2124.0,GW-OTHER,DUP-PAYMENT,DUP-PAYMENT,double charge | checked pg for duplicate txn | refund processed,N,False,False,0.0,True
TK-247523,2025-12,2025Q4,A3029,Rajat Mukherjee,Logistics,VA-EB-PL1,1000.0,GW-OTHER,LOST-TRANSIT,LOST-TRANSIT,"damaged in transit. photos received, damage confirmed",N,False,False,0.0,True
TK-247529,2025-11,2025Q4,A3038,Ankit Dhillon,Returns Desk,VA-SW-NX2,6499.0,RETURN-QC-OK,RETURN-QC-OK,,,N,,False,0.0,False
TK-247531,2025-11,2025Q4,A3036,Ritika D'Souza,Returns Desk,VA-EB-PL1,2249.0,RETURN-QC-OK,RETURN-QC-OK,,,N,,False,0.0,False
TK-247542,2025-11,2025Q4,A3038,Ankit Dhillon,Returns Desk,VA-EB-PL2,1487.0,RETURN-QC-OK,RETURN-QC-OK,UNCLEAR,Issue: refund not credited.,N,False,False,0.0,False
TK-247550,2025-11,2025Q4,A3033,Vikram Banerjee,Billing,VA-HP-ST2,750.0,DUP-PAYMENT,DUP-PAYMENT,,,N,,False,0.0,False
TK-247554,2025-11,2025Q4,A3032,Sneha Bansal,Billing,VA-SP-ORB,5999.0,PRICE-ADJ,PRICE-ADJ,,,N,,False,0.0,False
TK-247555,2025-11,2025Q4,A3036,Ritika D'Souza,Returns Desk,VA-SP-MINI,2374.0,RETURN-QC-OK,RETURN-QC-OK,RETURN-QC-OK,chk reverse pkp QC status. Refunded Rs 2374,N,False,False,0.0,False
TK-247560,2025-11,2025Q4,A3030,Aishwarya Trivedi,Logistics,VA-EB-PL2,3149.0,GW-OTHER,LOST-TRANSIT,LOST-TRANSIT,unit received damaged. chk with courier for damage claim,N,False,False,0.0,True
TK-247568,2025-11,2025Q4,A3041,Mohammed Mehta,Escalations & Warranty,VA-EB-AIR,1439.0,GW-OTHER,WTY-BUYBACK,WTY-BUYBACK,"Refunded Rs 1439 and also raised rplc, cx was very upset.",Y,True,True,1100.0,True
TK-247574,2025-11,2025Q4,A3036,Ritika D'Souza,Returns Desk,VA-SW-FIT,1999.0,WTY-BUYBACK,WTY-BUYBACK,GW-OTHER,incorrect product shipped. Verified ord vs delivered item photos. New unit shipped,N,True,True,1190.0,False
TK-247584,2025-11,2025Q4,A3035,Dev Kulkarni,Billing,VA-SW-NX2,975.0,GW-OTHER,DUP-PAYMENT,DUP-PAYMENT,charged twice,N,False,False,0.0,True
TK-247587,2025-11,2025Q4,A3037,Manish Iyer,Returns Desk,VA-EB-PL2,2799.0,RETURN-QC-OK,RETURN-QC-OK,,,N,,False,0.0,False
TK-247590,2025-11,2025Q4,A3037,Manish Iyer,Returns Desk,VA-EB-AIR,306.0,RETURN-QC-OK,RETURN-QC-OK,,,N,,False,0.0,False
TK-247599,2025-11,2025Q4,A3033,Vikram Banerjee,Billing,VA-AC-CASE,520.0,DUP-PAYMENT,DUP-PAYMENT,,,N,,False,0.0,False
TK-247603,2025-11,2025Q4,A3034,Tanvi Rathore,Billing,VA-EB-AIR,1799.0,DUP-PAYMENT,DUP-PAYMENT,,,N,,False,0.0,False
TK-247606,2025-11,2025Q4,A3033,Vikram Banerjee,Billing,VA-EB-PL2,525.0,DUP-PAYMENT,DUP-PAYMENT,,,N,,False,0.0,False
TK-247607,2025-11,2025Q4,A3032,Sneha Bansal,Billing,VA-EB-AIR,1439.0,DUP-PAYMENT,DUP-PAYMENT,,,N,,False,0.0,False
TK-247610,2025-11,2025Q4,A3036,Ritika D'Souza,Returns Desk,VA-EB-PL2,2974.0,GW-OTHER,RETURN-QC-OK,RETURN-QC-OK,reverse pickup QC status,N,False,False,0.0,True
TK-247621,2025-11,2025Q4,A3036,Ritika D'Souza,Returns Desk,VA-HP-ST2,4999.0,GW-OTHER,RETURN-QC-OK,RETURN-QC-OK,Checked reverse pickup QC status. Full refund processed,Y,True,True,2440.0,True
TK-247623,2025-11,2025Q4,A3030,Aishwarya Trivedi,Logistics,VA-EB-PL2,3149.0,DOA-REPL,DOA-REPL,,,N,,False,0.0,False
TK-247627,2025-12,2025Q4,A3028,Sameer Kapoor,Logistics,VA-NB-ARC,1299.0,WTY-BUYBACK,WTY-BUYBACK,WTY-BUYBACK,warranty claim,N,False,False,0.0,False
TK-247629,2025-12,2025Q4,A3030,Aishwarya Trivedi,Logistics,VA-EB-PL2,3499.0,LOST-TRANSIT,LOST-TRANSIT,LOST-TRANSIT,ord not delivered,N,False,False,0.0,False
TK-247642,2025-12,2025Q4,A3037,Manish Iyer,Returns Desk,VA-EB-PL2,1750.0,GW-OTHER,UNCLEAR,UNCLEAR,refund not received yet,N,False,False,0.0,True
TK-247649,2025-11,2025Q4,A3030,Aishwarya Trivedi,Logistics,VA-EB-PL1,2249.0,DOA-REPL,DOA-REPL,,,N,,False,0.0,False
TK-247652,2025-12,2025Q4,A3037,Manish Iyer,Returns Desk,VA-EB-PL1,425.0,RETURN-QC-OK,RETURN-QC-OK,,,N,,False,0.0,False
TK-247653,2025-11,2025Q4,A3032,Sneha Bansal,Billing,VA-SW-NX2,6499.0,RETURN-QC-OK,RETURN-QC-OK,,,N,,False,0.0,False
TK-247661,2025-11,2025Q4,A3026,Aadhya Deshpande,Voice Frontline,VA-HP-ST3,6999.0,GW-OTHER,GW-OTHER,GW-OTHER,sending a new set to keep him happy,N,True,True,2990.0,True
TK-247664,2025-11,2025Q4,A3036,Ritika D'Souza,Returns Desk,VA-EB-PL2,3499.0,GW-OTHER,RETURN-QC-OK,RETURN-QC-OK,you picked up the item,N,False,False,0.0,True
TK-247685,2025-12,2025Q4,A3030,Aishwarya Trivedi,Logistics,VA-EB-PL1,2499.0,GW-OTHER,GW-OTHER,GW-OTHER,wrong item delivered,N,False,False,0.0,True
TK-247689,2025-12,2025Q4,A3031,Zaid Desai,Logistics,VA-HP-ST2,4499.0,LOST-TRANSIT,LOST-TRANSIT,,,N,,False,0.0,False
TK-247697,2025-12,2025Q4,A3019,Kavya Agarwal,Email Frontline,VA-EB-PL2,525.0,CANCEL,CANCEL,,,N,,False,0.0,False
TK-247699,2025-12,2025Q4,A3036,Ritika D'Souza,Returns Desk,VA-EB-PL1,2499.0,RETURN-QC-OK,RETURN-QC-OK,RETURN-QC-OK,refund not credited,N,False,False,0.0,False
TK-247702,2025-12,2025Q4,A3036,Ritika D'Souza,Returns Desk,VA-EB-PL2,3324.0,RETURN-QC-OK,RETURN-QC-OK,,,N,,False,0.0,False
TK-247731,2025-12,2025Q4,A3035,Dev Kulkarni,Billing,VA-HP-ST3,12598.0,DUP-PAYMENT,DUP-PAYMENT,,,N,,False,0.0,False
TK-247738,2025-12,2025Q4,A3026,Aadhya Deshpande,Voice Frontline,VA-AC-CASE,1299.0,CANCEL,CANCEL,,,N,,False,0.0,False
TK-247752,2025-12,2025Q4,A3034,Tanvi Rathore,Billing,VA-SP-ORB,570.0,GW-OTHER,PRICE-ADJ,PRICE-ADJ,coupon not applied,N,False,False,0.0,True
TK-247763,2025-12,2025Q4,A3038,Ankit Dhillon,Returns Desk,VA-EB-PL2,525.0,GW-OTHER,RETURN-QC-OK,RETURN-QC-OK,picked up the item 13 days ago,N,False,False,0.0,True
TK-247764,2025-12,2025Q4,A3035,Dev Kulkarni,Billing,VA-SP-MINI,2499.0,GW-OTHER,RETURN-QC-OK,RETURN-QC-OK,reverse pkp QC status,N,False,False,0.0,True
TK-247767,2025-12,2025Q4,A3038,Ankit Dhillon,Returns Desk,VA-EB-PL2,3499.0,GW-OTHER,RETURN-QC-OK,RETURN-QC-OK,reverse pickup QC status,N,False,False,0.0,True
TK-247768,2025-12,2025Q4,A3033,Vikram Banerjee,Billing,VA-EB-PL1,2249.0,GW-OTHER,RETURN-QC-OK,RETURN-QC-OK,reverse pickup qc status,N,False,False,0.0,True
TK-247785,2025-12,2025Q4,A3030,Aishwarya Trivedi,Logistics,VA-EB-PL2,2974.0,RETURN-QC-OK,RETURN-QC-OK,LOST-TRANSIT,reverse pkp pending,N,False,False,0.0,False
TK-247787,2025-12,2025Q4,A3038,Ankit Dhillon,Returns Desk,VA-SW-NX2,12998.0,RETURN-QC-OK,RETURN-QC-OK,,,N,,False,0.0,False
TK-247790,2025-12,2025Q4,A3033,Vikram Banerjee,Billing,VA-EB-PL1,2499.0,RETURN-QC-OK,RETURN-QC-OK,RETURN-QC-OK,reverse pickup qc status,N,False,False,0.0,False
TK-247823,2025-12,2025Q4,A3022,Daniel Arora,Email Frontline,VA-NB-ARC,117.0,GW-OTHER,DOA-REPL,DOA-REPL,case not charging,N,False,False,0.0,False
TK-247826,2025-12,2025Q4,A3035,Dev Kulkarni,Billing,VA-AC-CASE,1104.0,DUP-PAYMENT,DUP-PAYMENT,,,N,,False,0.0,False
TK-247827,2025-12,2025Q4,A3036,Ritika D'Souza,Returns Desk,VA-EB-PL1,2499.0,RETURN-QC-OK,RETURN-QC-OK,,,N,,False,0.0,False
TK-247828,2025-12,2025Q4,A3026,Aadhya Deshpande,Voice Frontline,VA-NB-ARC,1104.0,GW-OTHER,UNCLEAR,UNCLEAR,closed,N,False,False,0.0,True
TK-247836,2025-12,2025Q4,A3015,Sameer Jadhav,Chat Frontline,VA-SP-ORB,5999.0,GW-OTHER,DUP-PAYMENT,DUP-PAYMENT,"payment debited, no ord",N,False,False,0.0,True
TK-247844,2025-12,2025Q4,A3021,Meera Mathew,Email Frontline,VA-EB-PL2,2799.0,GW-OTHER,GW-OTHER,GW-OTHER,pairing failure,N,False,False,0.0,True
TK-247849,2025-12,2025Q4,A3033,Vikram Banerjee,Billing,VA-SW-NX1,3999.0,GW-OTHER,DUP-PAYMENT,DUP-PAYMENT,"payment debited, no order",N,False,False,0.0,True
TK-247853,2025-12,2025Q4,A3033,Vikram Banerjee,Billing,VA-SW-FIT,1699.0,RETURN-QC-OK,RETURN-QC-OK,,,N,,False,0.0,False
TK-247854,2025-12,2025Q4,A3038,Ankit Dhillon,Returns Desk,VA-SW-NX2,6499.0,GW-OTHER,UNCLEAR,UNCLEAR,Refund of Rs 6499 initiated to source,N,False,False,0.0,True
TK-247862,2025-12,2025Q4,A3038,Ankit Dhillon,Returns Desk,VA-SW-NX1,500.0,RETURN-QC-OK,RETURN-QC-OK,,,N,,False,0.0,False
TK-247867,2025-12,2025Q4,A3036,Ritika D'Souza,Returns Desk,VA-EB-PL2,472.0,RETURN-QC-OK,RETURN-QC-OK,,,N,,False,0.0,False
TK-247876,2025-12,2025Q4,A3032,Sneha Bansal,Billing,VA-EB-AIR,1709.0,DUP-PAYMENT,DUP-PAYMENT,,,N,,False,0.0,False
TK-247882,2025-12,2025Q4,A3010,Tenzin Mathew,Chat Frontline,VA-EB-PL2,2799.0,GW-OTHER,CANCEL,CANCEL,"cancelled, rfnd initiated",N,False,False,0.0,True
TK-247885,2025-12,2025Q4,A3031,Zaid Desai,Logistics,VA-EB-AIR,3418.0,RETURN-QC-OK,RETURN-QC-OK,,,N,,False,0.0,False
TK-247895,2025-12,2025Q4,A3018,Krishna Bhatt,Email Frontline,VA-EB-PL2,3499.0,WTY-BUYBACK,WTY-BUYBACK,,,N,,False,0.0,False
TK-247905,2025-12,2025Q4,A3032,Sneha Bansal,Billing,VA-EB-PL1,237.0,GW-OTHER,DUP-PAYMENT,DUP-PAYMENT,amount deducted without order,N,False,False,0.0,False
TK-247906,2025-12,2025Q4,A3026,Aadhya Deshpande,Voice Frontline,VA-HP-ST2,4749.0,DUP-PAYMENT,DUP-PAYMENT,,,N,,False,0.0,False
TK-247908,2025-12,2025Q4,A3036,Ritika D'Souza,Returns Desk,VA-EB-PL2,3149.0,RETURN-QC-OK,RETURN-QC-OK,RETURN-QC-OK,chk reverse pkp QC status. Refund approved,N,False,False,0.0,False
TK-247918,2025-12,2025Q4,A3037,Manish Iyer,Returns Desk,VA-NB-ARC,1039.0,RETURN-QC-OK,RETURN-QC-OK,,,N,,False,0.0,False
TK-247933,2025-12,2025Q4,A3026,Aadhya Deshpande,Voice Frontline,VA-EB-AIR,1619.0,WTY-BUYBACK,WTY-BUYBACK,GW-OTHER,"adv eq reset, rslvd. Sent a new unit",Y,True,True,1100.0,False
TK-247935,2025-12,2025Q4,A3015,Sameer Jadhav,Chat Frontline,VA-EB-PL2,3499.0,DOA-REPL,DOA-REPL,GW-OTHER,Refund done and new unit sent as one-time gesture,N,True,True,1820.0,False
TK-247941,2025-12,2025Q4,A3002,Steven Ansari,Chat Frontline,VA-HP-ST3,6299.0,GW-OTHER,GW-OTHER,GW-OTHER,re-pair successful -- refund done and new unit sent,Y,True,True,2990.0,True
TK-247945,2025-12,2025Q4,A3002,Steven Ansari,Chat Frontline,VA-HP-ST3,6299.0,GW-OTHER,CANCEL,CANCEL,cancelled before dispatch -> refund of rs 6299 initiated,N,False,False,0.0,True
TK-247955,2025-12,2025Q4,A3035,Dev Kulkarni,Billing,VA-SP-MINI,2499.0,PRICE-ADJ,PRICE-ADJ,,,N,,False,0.0,False
TK-247956,2025-12,2025Q4,A3032,Sneha Bansal,Billing,VA-SP-ORB,5699.0,RETURN-QC-OK,RETURN-QC-OK,RETURN-QC-OK,checked reverse pickup qc status. refund approved,N,False,False,0.0,False
TK-247957,2025-12,2025Q4,A3037,Manish Iyer,Returns Desk,VA-SW-FIT,270.0,RETURN-QC-OK,RETURN-QC-OK,,,N,,False,0.0,False
TK-247959,2025-12,2025Q4,A3034,Tanvi Rathore,Billing,VA-EB-PL2,1487.0,GW-OTHER,UNCLEAR,UNCLEAR,closed (sop 5.4),N,False,False,0.0,True
TK-247961,2025-12,2025Q4,A3037,Manish Iyer,Returns Desk,VA-EB-PL2,3499.0,GW-OTHER,GW-OTHER,GW-OTHER,refund done and new unit sent as one-time gesture,Y,True,True,1820.0,True
TK-247969,2025-12,2025Q4,A3007,Abhishek Gupta,Chat Frontline,VA-SW-NX2,6499.0,GW-OTHER,GW-OTHER,GW-OTHER,reset done. issued rfnd + rplc both,Y,True,True,2790.0,True
TK-247979,2025-12,2025Q4,A3018,Krishna Bhatt,Email Frontline,VA-HP-ST2,425.0,WTY-BUYBACK,WTY-BUYBACK,,,N,,False,0.0,False
TK-247981,2025-12,2025Q4,A3032,Sneha Bansal,Billing,VA-SW-NX1,4999.0,GW-OTHER,DUP-PAYMENT,DUP-PAYMENT,duplicate payment,N,False,False,0.0,True
TK-247997,2025-12,2025Q4,A3025,Komal Malhotra,Voice Frontline,VA-SP-MINI,2499.0,GW-OTHER,GW-OTHER,GW-OTHER,both rfnd and rplc given as cx threatened social media,Y,True,True,1320.0,True
TK-248002,2025-12,2025Q4,A3031,Zaid Desai,Logistics,VA-EB-AIR,1799.0,RETURN-QC-OK,RETURN-QC-OK,,,N,,False,0.0,False
TK-248011,2025-12,2025Q4,A3031,Zaid Desai,Logistics,VA-EB-PL2,525.0,GW-OTHER,LOST-TRANSIT,LOST-TRANSIT,Issue: pickup not done. Checked pickup AWB,N,False,False,0.0,True
TK-248012,2025-12,2025Q4,A3035,Dev Kulkarni,Billing,VA-EB-AIR,1799.0,DUP-PAYMENT,DUP-PAYMENT,,,N,,False,0.0,False
TK-248021,2025-12,2025Q4,A3036,Ritika D'Souza,Returns Desk,VA-EB-PL2,3499.0,RETURN-QC-OK,RETURN-QC-OK,,,N,,False,0.0,False
TK-248027,2025-12,2025Q4,A3037,Manish Iyer,Returns Desk,VA-AC-CBL,200.0,RETURN-QC-OK,RETURN-QC-OK,RETURN-QC-OK,the return was accepted but the amount is nowhere,N,False,False,0.0,False
TK-248033,2025-12,2025Q4,A3036,Ritika D'Souza,Returns Desk,VA-EB-PL2,630.0,RETURN-QC-OK,RETURN-QC-OK,,,N,,False,0.0,False
TK-248044,2025-12,2025Q4,A3035,Dev Kulkarni,Billing,VA-SW-NX2,6499.0,DUP-PAYMENT,DUP-PAYMENT,,,N,,False,0.0,False
TK-248063,2025-12,2025Q4,A3035,Dev Kulkarni,Billing,VA-AC-CASE,1299.0,DUP-PAYMENT,DUP-PAYMENT,,,N,,False,0.0,False
TK-248068,2025-12,2025Q4,A3033,Vikram Banerjee,Billing,VA-SP-MINI,2499.0,PRICE-ADJ,PRICE-ADJ,,,N,,False,0.0,False
TK-248070,2025-12,2025Q4,A3038,Ankit Dhillon,Returns Desk,VA-EB-PL2,3499.0,GW-OTHER,LOST-TRANSIT,LOST-TRANSIT,pkp not done. Re-raised pkp with crr,N,False,False,0.0,True
TK-248071,2025-12,2025Q4,A3021,Meera Mathew,Email Frontline,VA-SW-NX2,6174.0,GW-OTHER,CANCEL,CANCEL,cancel ord | checked shipment status -> rfnd,N,False,False,0.0,True
TK-248074,2025-12,2025Q4,A3038,Ankit Dhillon,Returns Desk,VA-EB-PL2,297.0,GW-OTHER,LOST-TRANSIT,LOST-TRANSIT,Pickup missed. Re-raised pickup with courier,N,False,False,0.0,False
TK-248078,2025-12,2025Q4,A3028,Sameer Kapoor,Logistics,VA-EB-PL1,475.0,RETURN-QC-OK,RETURN-QC-OK,,,N,,False,0.0,False
TK-248082,2025-12,2025Q4,A3022,Daniel Arora,Email Frontline,VA-EB-PL2,3499.0,GW-OTHER,GW-OTHER,GW-OTHER,Reset rslvd... Processed FR and raised RMA for new set,Y,True,True,1820.0,True
TK-248089,2025-12,2025Q4,A3035,Dev Kulkarni,Billing,VA-EB-AIR,1799.0,DUP-PAYMENT,DUP-PAYMENT,,,N,,False,0.0,False
TK-248095,2025-12,2025Q4,A3030,Aishwarya Trivedi,Logistics,VA-AC-CASE,1299.0,LOST-TRANSIT,LOST-TRANSIT,,,N,,False,0.0,False
TK-248103,2025-12,2025Q4,A3035,Dev Kulkarni,Billing,VA-EB-PL2,630.0,GW-OTHER,PRICE-ADJ,PRICE-ADJ,Cust contacted re coupon not applied,N,False,False,0.0,True
TK-248104,2025-12,2025Q4,A3015,Sameer Jadhav,Chat Frontline,VA-EB-PL2,560.0,GW-OTHER,DUP-PAYMENT,DUP-PAYMENT,amount deducted without order,N,False,False,0.0,True
TK-248110,2025-12,2025Q4,A3017,Kabir Singh,Email Frontline,VA-EB-PL2,472.0,WTY-BUYBACK,WTY-BUYBACK,GW-OTHER,conf fw 2.4.12 -> refunded,N,False,False,0.0,False
TK-248113,2025-12,2025Q4,A3043,Nikhil Gupta,Escalations & Warranty,VA-SP-MINI,1999.0,DOA-REPL,DOA-REPL,GW-OTHER,"re-pair successful, rslvd on chat. -- Processed FR and raised RMA",N,True,True,1320.0,False
TK-248116,2025-12,2025Q4,A3010,Tenzin Mathew,Chat Frontline,VA-EB-PL1,500.0,CANCEL,CANCEL,,,N,,False,0.0,False
TK-248130,2025-12,2025Q4,A3036,Ritika D'Souza,Returns Desk,VA-EB-PL2,315.0,RETURN-QC-OK,RETURN-QC-OK,,,N,,False,0.0,False
TK-248132,2025-12,2025Q4,A3036,Ritika D'Souza,Returns Desk,VA-SW-NX2,6174.0,RETURN-QC-OK,RETURN-QC-OK,,,N,,False,0.0,False
TK-248138,2025-12,2025Q4,A3014,Anjali D'Souza,Chat Frontline,VA-EB-PL2,2799.0,GW-OTHER,CANCEL,CANCEL,Cancelled before dispatch.,N,False,False,0.0,True
TK-248141,2025-12,2025Q4,A3015,Sameer Jadhav,Chat Frontline,VA-EB-PL2,3499.0,GW-OTHER,GW-OTHER,GW-OTHER,Walked through reset.,N,False,False,0.0,True
TK-248145,2025-12,2025Q4,A3027,Priya Agarwal,Logistics,VA-EB-PL2,350.0,GW-OTHER,RETURN-QC-OK,RETURN-QC-OK,Reverse pkp pending,N,False,False,0.0,False
TK-248147,2025-12,2025Q4,A3032,Sneha Bansal,Billing,VA-EB-PL2,3499.0,DUP-PAYMENT,DUP-PAYMENT,,,N,,False,0.0,False
TK-248156,2025-12,2025Q4,A3006,Varun Bhatt,Chat Frontline,VA-EB-PL2,2974.0,CANCEL,CANCEL,,,N,,False,0.0,False
TK-248158,2025-12,2025Q4,A3034,Tanvi Rathore,Billing,VA-SW-NX2,2600.0,DUP-PAYMENT,DUP-PAYMENT,,,N,,False,0.0,False
TK-248161,2025-12,2025Q4,A3032,Sneha Bansal,Billing,VA-EB-PL2,3149.0,GW-OTHER,RETURN-QC-OK,RETURN-QC-OK,refund not credited,N,False,False,0.0,True
TK-248168,2025-12,2025Q4,A3037,Manish Iyer,Returns Desk,VA-SW-NX2,6174.0,RETURN-QC-OK,RETURN-QC-OK,,,N,,False,0.0,False
TK-248180,2025-12,2025Q4,A3038,Ankit Dhillon,Returns Desk,VA-SP-ORB,3000.0,RETURN-QC-OK,RETURN-QC-OK,RETURN-QC-OK,Checked reverse pickup QC status,N,False,False,0.0,False
TK-248181,2025-12,2025Q4,A3032,Sneha Bansal,Billing,VA-EB-PL2,3149.0,DUP-PAYMENT,DUP-PAYMENT,,,N,,False,0.0,False
TK-248183,2025-12,2025Q4,A3036,Ritika D'Souza,Returns Desk,VA-AC-CASE,234.0,GW-OTHER,UNCLEAR,UNCLEAR,refund delay,N,False,False,0.0,False
TK-248187,2025-12,2025Q4,A3031,Zaid Desai,Logistics,VA-EB-PL2,350.0,CANCEL,CANCEL,,,N,,False,0.0,False
TK-248190,2025-12,2025Q4,A3032,Sneha Bansal,Billing,VA-EB-PL2,3149.0,GW-OTHER,DUP-PAYMENT,DUP-PAYMENT,double charge,N,False,False,0.0,True
TK-248196,2025-12,2025Q4,A3006,Varun Bhatt,Chat Frontline,VA-HP-ST3,1260.0,CANCEL,CANCEL,,,N,,False,0.0,False
TK-248203,2025-12,2025Q4,A3035,Dev Kulkarni,Billing,VA-AC-CBL,379.0,DUP-PAYMENT,DUP-PAYMENT,,,N,,False,0.0,False
TK-248212,2025-12,2025Q4,A3038,Ankit Dhillon,Returns Desk,VA-SW-NX2,1040.0,RETURN-QC-OK,RETURN-QC-OK,,,N,,False,0.0,False
TK-248213,2025-12,2025Q4,A3019,Kavya Agarwal,Email Frontline,VA-EB-PL2,700.0,GW-OTHER,CANCEL,CANCEL,cancelled before dispatch,N,False,False,0.0,True
TK-248230,2025-12,2025Q4,A3036,Ritika D'Souza,Returns Desk,VA-SP-ORB,4799.0,GW-OTHER,RETURN-QC-OK,RETURN-QC-OK,Cx reported pickup missed,N,False,False,0.0,True
TK-248232,2025-12,2025Q4,A3012,Lakshmi Srivastava,Chat Frontline,VA-SP-MINI,1999.0,CANCEL,CANCEL,,,N,,False,0.0,False
TK-248237,2025-12,2025Q4,A3036,Ritika D'Souza,Returns Desk,VA-EB-PL2,3499.0,GW-OTHER,UNCLEAR,UNCLEAR,Ticket raised for refund pending,N,False,False,0.0,True
TK-248247,2025-12,2025Q4,A3026,Aadhya Deshpande,Voice Frontline,VA-EB-PL1,2124.0,CANCEL,CANCEL,,,N,,False,0.0,False
TK-248252,2025-12,2025Q4,A3026,Aadhya Deshpande,Voice Frontline,VA-EB-PL1,2499.0,GW-OTHER,GW-OTHER,GW-OTHER,"adv FW update via app, rslvd",Y,True,True,1460.0,True
TK-248262,2025-12,2025Q4,A3028,Sameer Kapoor,Logistics,VA-SP-MINI,375.0,GW-OTHER,LOST-TRANSIT,LOST-TRANSIT,reported: transit damage,N,False,False,0.0,False
TK-248263,2025-12,2025Q4,A3036,Ritika D'Souza,Returns Desk,VA-NB-ARC,1169.0,RETURN-QC-OK,RETURN-QC-OK,RETURN-QC-OK,chk reverse pickup QC status,N,False,False,0.0,False
TK-248267,2025-12,2025Q4,A3021,Meera Mathew,Email Frontline,VA-HP-ST3,6649.0,WTY-BUYBACK,WTY-BUYBACK,GW-OTHER,"re-pair successful, rslvd on chat",N,True,True,2990.0,False
TK-248268,2025-12,2025Q4,A3013,Rohit Nair,Chat Frontline,VA-EB-PL1,2499.0,DOA-REPL,DOA-REPL,LOST-TRANSIT,issue: order not delivered,N,True,True,1460.0,False
TK-248270,2025-12,2025Q4,A3035,Dev Kulkarni,Billing,VA-EB-PL2,3324.0,GW-OTHER,PRICE-ADJ,PRICE-ADJ,issue: promo code invalid,N,False,False,0.0,True
TK-248274,2025-12,2025Q4,A3030,Aishwarya Trivedi,Logistics,VA-AC-CASE,1299.0,RETURN-QC-OK,RETURN-QC-OK,,,N,,False,0.0,False
TK-248279,2025-12,2025Q4,A3036,Ritika D'Souza,Returns Desk,VA-EB-AIR,1799.0,RETURN-QC-OK,RETURN-QC-OK,,,N,,False,0.0,False
TK-248280,2025-12,2025Q4,A3029,Rajat Mukherjee,Logistics,VA-AC-CASE,1039.0,RETURN-QC-OK,RETURN-QC-OK,,,N,,False,0.0,False
TK-248288,2025-12,2025Q4,A3038,Ankit Dhillon,Returns Desk,VA-HP-ST3,6649.0,GW-OTHER,UNCLEAR,UNCLEAR,Refund delay,N,False,False,0.0,True
TK-248300,2025-12,2025Q4,A3002,Steven Ansari,Chat Frontline,VA-EB-PL2,2974.0,CANCEL,CANCEL,,,N,,False,0.0,False
TK-248306,2025-12,2025Q4,A3026,Aadhya Deshpande,Voice Frontline,VA-EB-AIR,1799.0,GW-OTHER,GW-OTHER,GW-OTHER,re: battery draining fast,N,True,True,1100.0,True
TK-248314,2025-12,2025Q4,A3033,Vikram Banerjee,Billing,VA-EB-PL2,3149.0,DUP-PAYMENT,DUP-PAYMENT,,,N,,False,0.0,False
TK-248319,2025-12,2025Q4,A3007,Abhishek Gupta,Chat Frontline,VA-EB-PL2,3324.0,WTY-BUYBACK,WTY-BUYBACK,GW-OTHER,both rfnd & rplc given as cx threatened social media.,Y,True,True,1820.0,False
TK-248322,2025-12,2025Q4,A3033,Vikram Banerjee,Billing,VA-EB-AIR,1709.0,GW-OTHER,PRICE-ADJ,PRICE-ADJ,1. promo code invalid,N,False,False,0.0,True
TK-248327,2025-12,2025Q4,A3027,Priya Agarwal,Logistics,VA-EB-PL2,2974.0,GW-OTHER,LOST-TRANSIT,LOST-TRANSIT,Refund initiated as lost in transit,N,False,False,0.0,True
TK-248329,2025-12,2025Q4,A3037,Manish Iyer,Returns Desk,VA-EB-AIR,1529.0,RETURN-QC-OK,RETURN-QC-OK,,,N,,False,0.0,False
TK-248338,2025-12,2025Q4,A3027,Priya Agarwal,Logistics,VA-EB-PL2,3499.0,RETURN-QC-OK,RETURN-QC-OK,,,N,,False,0.0,False
TK-248342,2025-12,2025Q4,A3036,Ritika D'Souza,Returns Desk,VA-EB-PL2,6998.0,GW-OTHER,RETURN-QC-OK,RETURN-QC-OK,Checked reverse pickup QC status. Refund approved,N,False,False,0.0,True
TK-248345,2025-12,2025Q4,A3009,Sukhwinder Singh,Chat Frontline,VA-EB-AIR,1709.0,GW-OTHER,DUP-PAYMENT,DUP-PAYMENT,"payment debited, no ord",N,False,False,0.0,True
TK-248349,2025-12,2025Q4,A3036,Ritika D'Souza,Returns Desk,VA-EB-AIR,1799.0,RETURN-QC-OK,RETURN-QC-OK,,,N,,False,0.0,False
TK-248352,2025-12,2025Q4,A3002,Steven Ansari,Chat Frontline,VA-HP-ST3,6999.0,GW-OTHER,GW-OTHER,GW-OTHER,amount returned to card; fresh unit shipped,N,True,True,2990.0,True
TK-248358,2025-12,2025Q4,A3034,Tanvi Rathore,Billing,VA-EB-PL2,3149.0,RETURN-QC-OK,RETURN-QC-OK,UNCLEAR,refund not received yet,N,False,False,0.0,False
TK-248367,2025-12,2025Q4,A3018,Krishna Bhatt,Email Frontline,VA-EB-PL2,630.0,CANCEL,CANCEL,,,N,,False,0.0,False
TK-248371,2025-12,2025Q4,A3038,Ankit Dhillon,Returns Desk,VA-SP-MINI,2499.0,RETURN-QC-OK,RETURN-QC-OK,,,N,,False,0.0,False
TK-248384,2025-12,2025Q4,A3007,Abhishek Gupta,Chat Frontline,VA-EB-PL2,3499.0,DUP-PAYMENT,DUP-PAYMENT,,,N,,False,0.0,False
TK-248389,2025-12,2025Q4,A3030,Aishwarya Trivedi,Logistics,VA-HP-ST3,840.0,DOA-REPL,DOA-REPL,,,N,,False,0.0,False
TK-248394,2025-12,2025Q4,A3035,Dev Kulkarni,Billing,VA-SW-NX2,6499.0,GW-OTHER,DUP-PAYMENT,DUP-PAYMENT,Payment was deducted but no order was created.,N,False,False,0.0,True
TK-248396,2025-12,2025Q4,A3035,Dev Kulkarni,Billing,VA-EB-PL2,3324.0,RETURN-QC-OK,RETURN-QC-OK,,,N,,False,0.0,False
TK-248399,2025-12,2025Q4,A3005,Payal Bhatia,Chat Frontline,VA-EB-PL2,560.0,DUP-PAYMENT,DUP-PAYMENT,,,N,,False,0.0,False
TK-248409,2025-12,2025Q4,A3028,Sameer Kapoor,Logistics,VA-AC-CASE,1299.0,LOST-TRANSIT,LOST-TRANSIT,,,N,,False,0.0,False
TK-248413,2025-12,2025Q4,A3029,Rajat Mukherjee,Logistics,VA-EB-PL2,3499.0,DOA-REPL,DOA-REPL,GW-OTHER,refund done and new unit sent as one-time gesture.,Y,True,True,1820.0,False
TK-248418,2025-12,2025Q4,A3037,Manish Iyer,Returns Desk,VA-AC-CASE,1104.0,GW-OTHER,RETURN-QC-OK,RETURN-QC-OK,issue: pickup not done. chk pickup awb.,N,False,False,0.0,True
TK-248426,2025-12,2025Q4,A3006,Varun Bhatt,Chat Frontline,VA-AC-CBL,160.0,GW-OTHER,CANCEL,CANCEL,cancelled before dispatch.,N,False,False,0.0,False
TK-248438,2025-12,2025Q4,A3035,Dev Kulkarni,Billing,VA-EB-AIR,306.0,GW-OTHER,PRICE-ADJ,PRICE-ADJ,chk coupon validity. rfnd approved,N,False,False,0.0,False
TK-248463,2025-12,2025Q4,A3028,Sameer Kapoor,Logistics,VA-HP-ST3,11198.0,CANCEL,CANCEL,,,N,,False,0.0,False
TK-248481,2025-12,2025Q4,A3036,Ritika D'Souza,Returns Desk,VA-EB-AIR,1439.0,GW-OTHER,LOST-TRANSIT,LOST-TRANSIT,damaged in transit. Checked with crr for damage claim.,N,False,False,0.0,True
TK-248485,2025-12,2025Q4,A3033,Vikram Banerjee,Billing,VA-EB-PL2,350.0,GW-OTHER,LOST-TRANSIT,LOST-TRANSIT,shipment not rcvd,N,False,False,0.0,False
TK-248493,2025-12,2025Q4,A3024,Amit Deshpande,Voice Frontline,VA-SW-NX2,1105.0,DUP-PAYMENT,DUP-PAYMENT,,,N,,False,0.0,False
TK-248507,2025-12,2025Q4,A3009,Sukhwinder Singh,Chat Frontline,VA-EB-PL2,2799.0,GW-OTHER,GW-OTHER,GW-OTHER,Sent a new unit & released the money as well,Y,True,True,1820.0,True
TK-248519,2025-12,2025Q4,A3008,Meera Malhotra,Chat Frontline,VA-SW-NX2,6499.0,GW-OTHER,LOST-TRANSIT,LOST-TRANSIT,rfnd initiated as lost in transit. -- Issued rfnd + rplc both,Y,True,True,2790.0,True
TK-248525,2026-01,2026Q1,A3022,Daniel Arora,Email Frontline,VA-EB-PL2,3499.0,GW-OTHER,WTY-BUYBACK,WTY-BUYBACK,cx states repair status follow-up. chk RMA status.,N,False,False,0.0,True
TK-248530,2025-12,2025Q4,A3032,Sneha Bansal,Billing,VA-SP-MINI,2249.0,DUP-PAYMENT,DUP-PAYMENT,,,N,,False,0.0,False
TK-248536,2025-12,2025Q4,A3037,Manish Iyer,Returns Desk,VA-EB-PL2,446.0,GW-OTHER,RETURN-QC-OK,RETURN-QC-OK,you picked up the item 21 days ago,N,False,False,0.0,False
TK-248537,2025-12,2025Q4,A3035,Dev Kulkarni,Billing,VA-EB-PL2,3499.0,GW-OTHER,DUP-PAYMENT,DUP-PAYMENT,cx states duplicate payment.,N,False,False,0.0,True
TK-248540,2025-12,2025Q4,A3018,Krishna Bhatt,Email Frontline,VA-EB-PL1,2499.0,DUP-PAYMENT,DUP-PAYMENT,,,N,,False,0.0,False
TK-248542,2025-12,2025Q4,A3015,Sameer Jadhav,Chat Frontline,VA-NB-ARC,1299.0,DUP-PAYMENT,DUP-PAYMENT,,,N,,False,0.0,False
TK-248544,2025-12,2025Q4,A3026,Aadhya Deshpande,Voice Frontline,VA-EB-PL1,4998.0,DUP-PAYMENT,DUP-PAYMENT,DUP-PAYMENT,checked pg for duplicate txn,N,False,False,0.0,False
TK-248556,2025-12,2025Q4,A3030,Aishwarya Trivedi,Logistics,VA-EB-PL1,250.0,GW-OTHER,GW-OTHER,GW-OTHER,Incorrect product shipped,N,False,False,0.0,False
TK-248560,2025-12,2025Q4,A3002,Steven Ansari,Chat Frontline,VA-HP-ST3,6999.0,DOA-REPL,DOA-REPL,GW-OTHER,refund processed to source; replacement unit also shipped.,Y,True,True,2990.0,False
TK-248563,2025-12,2025Q4,A3037,Manish Iyer,Returns Desk,VA-EB-PL2,3149.0,GW-OTHER,RETURN-QC-OK,RETURN-QC-OK,u picked up the item 11 days ago and my money hasn't come back,N,False,False,0.0,True
TK-248569,2025-12,2025Q4,A3038,Ankit Dhillon,Returns Desk,VA-EB-PL2,1662.0,GW-OTHER,UNCLEAR,UNCLEAR,Refund not credited,N,False,False,0.0,True
TK-248575,2025-12,2025Q4,A3035,Dev Kulkarni,Billing,VA-EB-AIR,1799.0,GW-OTHER,DUP-PAYMENT,DUP-PAYMENT,payment was deducted but no order was created,N,False,False,0.0,True
TK-248576,2025-12,2025Q4,A3018,Krishna Bhatt,Email Frontline,VA-EB-PL2,3324.0,CANCEL,CANCEL,,,N,,False,0.0,False
TK-248583,2025-12,2025Q4,A3026,Aadhya Deshpande,Voice Frontline,VA-EB-PL2,3499.0,CANCEL,CANCEL,,,N,,False,0.0,False
TK-248589,2025-12,2025Q4,A3038,Ankit Dhillon,Returns Desk,VA-NB-ARC,1299.0,RETURN-QC-OK,RETURN-QC-OK,,,N,,False,0.0,False
TK-248594,2025-12,2025Q4,A3033,Vikram Banerjee,Billing,VA-SW-NX1,500.0,GW-OTHER,RETURN-QC-OK,RETURN-QC-OK,rplc request rejected as per policy,N,False,False,0.0,False
TK-248596,2025-12,2025Q4,A3003,Komal Singh,Chat Frontline,VA-HP-ST3,6299.0,DOA-REPL,DOA-REPL,,,N,,False,0.0,False
TK-248597,2025-12,2025Q4,A3037,Manish Iyer,Returns Desk,VA-EB-PL2,2974.0,RETURN-QC-OK,RETURN-QC-OK,,,N,,False,0.0,False
TK-248604,2025-12,2025Q4,A3019,Kavya Agarwal,Email Frontline,VA-EB-PL2,2799.0,CANCEL,CANCEL,,,N,,False,0.0,False
TK-248605,2025-12,2025Q4,A3035,Dev Kulkarni,Billing,VA-SW-FIT,1699.0,GW-OTHER,DUP-PAYMENT,DUP-PAYMENT,payment was deducted but no order was created,N,False,False,0.0,True
TK-248611,2025-12,2025Q4,A3035,Dev Kulkarni,Billing,VA-SW-NX2,5199.0,DUP-PAYMENT,DUP-PAYMENT,,,N,,False,0.0,False
TK-248622,2025-12,2025Q4,A3029,Rajat Mukherjee,Logistics,VA-SW-NX2,5524.0,RETURN-QC-OK,RETURN-QC-OK,,,N,,False,0.0,False
TK-248630,2025-12,2025Q4,A3034,Tanvi Rathore,Billing,VA-SW-NX2,6174.0,CANCEL,CANCEL,CANCEL,want to cancel my order,N,False,False,0.0,False
TK-248633,2025-12,2025Q4,A3037,Manish Iyer,Returns Desk,VA-AC-CBL,40.0,GW-OTHER,DOA-REPL,DOA-REPL,"offered replacement, cx preferred refund",N,False,False,0.0,False
TK-248640,2025-12,2025Q4,A3028,Sameer Kapoor,Logistics,VA-SW-NX2,6174.0,RETURN-QC-OK,RETURN-QC-OK,RETURN-QC-OK,ticket raised for reverse pkp pending,N,False,False,0.0,False
TK-248650,2025-12,2025Q4,A3038,Ankit Dhillon,Returns Desk,VA-EB-PL1,250.0,RETURN-QC-OK,RETURN-QC-OK,,,N,,False,0.0,False
TK-248651,2025-12,2025Q4,A3037,Manish Iyer,Returns Desk,VA-EB-PL1,2124.0,GW-OTHER,GW-OTHER,GW-OTHER,issue: wrong variant received,N,False,False,0.0,True
TK-248652,2026-01,2026Q1,A3037,Manish Iyer,Returns Desk,VA-EB-PL2,700.0,GW-OTHER,RETURN-QC-OK,RETURN-QC-OK,reverse pkp pending,N,False,False,0.0,True
TK-248660,2025-12,2025Q4,A3013,Rohit Nair,Chat Frontline,VA-EB-PL2,3499.0,CANCEL,CANCEL,,,N,,False,0.0,False
TK-248668,2025-12,2025Q4,A3030,Aishwarya Trivedi,Logistics,VA-EB-PL2,2799.0,LOST-TRANSIT,LOST-TRANSIT,LOST-TRANSIT,order not delivered. Raised ticket with courier partner,N,False,False,0.0,False
TK-248687,2025-12,2025Q4,A3033,Vikram Banerjee,Billing,VA-EB-AIR,1799.0,DUP-PAYMENT,DUP-PAYMENT,,,N,,False,0.0,False
TK-248701,2025-12,2025Q4,A3036,Ritika D'Souza,Returns Desk,VA-EB-PL2,2799.0,GW-OTHER,RETURN-QC-OK,RETURN-QC-OK,refund was promised 15 days ago,N,False,False,0.0,True
TK-248705,2025-12,2025Q4,A3030,Aishwarya Trivedi,Logistics,VA-EB-PL1,2499.0,GW-OTHER,GW-OTHER,GW-OTHER,incorrect product shipped. Replacement raised,N,True,True,1460.0,True
TK-248716,2025-12,2025Q4,A3018,Krishna Bhatt,Email Frontline,VA-SW-NX2,12998.0,CANCEL,CANCEL,,,N,,False,0.0,False
TK-248737,2025-12,2025Q4,A3001,Suresh Kaur,Chat Frontline,VA-HP-ST3,630.0,RETURN-QC-OK,RETURN-QC-OK,,,N,,False,0.0,False
TK-248743,2026-01,2026Q1,A3039,Reyansh Mishra,Escalations & Warranty,VA-EB-PL1,1999.0,DOA-REPL,DOA-REPL,GW-OTHER,"refund + rplc, cx escalation avoided",N,True,True,1460.0,False
TK-248744,2025-12,2025Q4,A3016,Thomas Kumar,Email Frontline,VA-EB-PL2,525.0,GW-OTHER,CANCEL,CANCEL,Cancelled before dispatch,N,False,False,0.0,True
TK-248745,2025-12,2025Q4,A3035,Dev Kulkarni,Billing,VA-EB-AIR,256.0,PRICE-ADJ,PRICE-ADJ,,,N,,False,0.0,False
TK-248750,2026-01,2026Q1,A3031,Zaid Desai,Logistics,VA-EB-PL2,3499.0,DUP-PAYMENT,DUP-PAYMENT,,,N,,False,0.0,False
TK-248753,2026-01,2026Q1,A3011,Rohit Gill,Chat Frontline,VA-EB-PL2,3499.0,GW-OTHER,GW-OTHER,GW-OTHER,Sent a new unit & released the money,N,True,True,1820.0,True
TK-248757,2026-01,2026Q1,A3011,Rohit Gill,Chat Frontline,VA-EB-PL2,3499.0,GW-OTHER,DOA-REPL,DOA-REPL,Issue: intermittent disconnects,N,False,False,0.0,True
TK-248758,2026-01,2026Q1,A3017,Kabir Singh,Email Frontline,VA-HP-ST3,5599.0,DUP-PAYMENT,DUP-PAYMENT,,,N,,False,0.0,False
TK-248761,2026-01,2026Q1,A3036,Ritika D'Souza,Returns Desk,VA-EB-PL2,6998.0,RETURN-QC-OK,RETURN-QC-OK,,,N,,False,0.0,False
TK-248762,2026-01,2026Q1,A3028,Sameer Kapoor,Logistics,VA-EB-PL1,2499.0,GW-OTHER,LOST-TRANSIT,LOST-TRANSIT,shipment not rcvd... full rfnd issued and rplc dispatched,Y,True,True,1460.0,True
TK-248770,2026-01,2026Q1,A3036,Ritika D'Souza,Returns Desk,VA-EB-PL2,3499.0,RETURN-QC-OK,RETURN-QC-OK,RETURN-QC-OK,u picked up the item 21 days ago,N,False,False,0.0,False
TK-248772,2026-01,2026Q1,A3004,Geeta Dutta,Chat Frontline,VA-SW-NX2,5199.0,GW-OTHER,RETURN-QC-OK,RETURN-QC-OK,pickup not done. checked pickup awb,N,False,False,0.0,True
TK-248774,2026-01,2026Q1,A3043,Nikhil Gupta,Escalations & Warranty,VA-NB-ARC,1039.0,DOA-REPL,DOA-REPL,GW-OTHER,Refunded Rs 1039 & also raised rplc,N,True,True,880.0,False
TK-248779,2026-01,2026Q1,A3002,Steven Ansari,Chat Frontline,VA-SW-NX2,5199.0,DUP-PAYMENT,DUP-PAYMENT,,,N,,False,0.0,False
TK-248782,2026-01,2026Q1,A3018,Krishna Bhatt,Email Frontline,VA-EB-PL2,3149.0,GW-OTHER,CANCEL,CANCEL,cancel order. Checked shipment status. Refund... initiated,N,False,False,0.0,True
TK-248793,2026-01,2026Q1,A3007,Abhishek Gupta,Chat Frontline,VA-EB-PL2,3149.0,CANCEL,CANCEL,,,N,,False,0.0,False
TK-248794,2026-01,2026Q1,A3037,Manish Iyer,Returns Desk,VA-AC-CH65,1499.0,GW-OTHER,DOA-REPL,DOA-REPL,"replacement was offered earlier by chat team, cx opted for refund.",N,False,False,0.0,True
TK-248796,2026-01,2026Q1,A3036,Ritika D'Souza,Returns Desk,VA-SP-ORB,2850.0,RETURN-QC-OK,RETURN-QC-OK,RETURN-QC-OK,reverse pickup pending. Full refund processed,N,False,False,0.0,False
TK-248801,2026-01,2026Q1,A3035,Dev Kulkarni,Billing,VA-EB-PL2,700.0,DUP-PAYMENT,DUP-PAYMENT,,,N,,False,0.0,False
TK-248803,2026-01,2026Q1,A3036,Ritika D'Souza,Returns Desk,VA-SW-NX2,926.0,GW-OTHER,RETURN-QC-OK,RETURN-QC-OK,Contact re refund delay. Checked refund status on PG.,N,False,False,0.0,True
TK-248807,2026-01,2026Q1,A3030,Aishwarya Trivedi,Logistics,VA-EB-PL2,3324.0,RETURN-QC-OK,RETURN-QC-OK,,,N,,False,0.0,False
TK-248810,2026-01,2026Q1,A3032,Sneha Bansal,Billing,VA-SW-NX2,6499.0,PRICE-ADJ,PRICE-ADJ,,,N,,False,0.0,False
TK-248814,2026-01,2026Q1,A3037,Manish Iyer,Returns Desk,VA-HP-ST2,4249.0,RETURN-QC-OK,RETURN-QC-OK,,,N,,False,0.0,False
TK-248821,2026-01,2026Q1,A3033,Vikram Banerjee,Billing,VA-SP-MINI,2499.0,GW-OTHER,CANCEL,CANCEL,"please cancel, ordered by mistake",N,False,False,0.0,True
TK-248838,2026-01,2026Q1,A3036,Ritika D'Souza,Returns Desk,VA-SP-MINI,4748.0,RETURN-QC-OK,RETURN-QC-OK,,,N,,False,0.0,False
TK-248839,2026-01,2026Q1,A3018,Krishna Bhatt,Email Frontline,VA-EB-PL2,3149.0,WTY-BUYBACK,WTY-BUYBACK,,,Y,,True,1820.0,False
TK-248840,2026-01,2026Q1,A3029,Rajat Mukherjee,Logistics,VA-HP-ST3,12598.0,GW-OTHER,GW-OTHER,GW-OTHER,reversed the payment and dispatched a new one under rma,N,True,True,2990.0,True
TK-248842,2026-01,2026Q1,A3042,Swati Bhatia,Escalations & Warranty,VA-SW-FIT,270.0,GW-OTHER,WTY-BUYBACK,WTY-BUYBACK,strap broken | asked for photo -> rfnd of rs 270 initiated,N,False,False,0.0,False
TK-248843,2026-01,2026Q1,A3026,Aadhya Deshpande,Voice Frontline,VA-SW-FIT,400.0,DUP-PAYMENT,DUP-PAYMENT,,,N,,False,0.0,False
TK-248849,2026-01,2026Q1,A3031,Zaid Desai,Logistics,VA-EB-PL2,3499.0,GW-OTHER,LOST-TRANSIT,LOST-TRANSIT,Issue: order not delivered. Checked AWB with courier.,N,False,False,0.0,True
TK-248853,2026-01,2026Q1,A3010,Tenzin Mathew,Chat Frontline,VA-EB-PL2,700.0,CANCEL,CANCEL,,,N,,False,0.0,False
TK-248859,2026-01,2026Q1,A3009,Sukhwinder Singh,Chat Frontline,VA-EB-PL2,2974.0,GW-OTHER,GW-OTHER,GW-OTHER,Reversed the payment & dispatched a new one under RMA,Y,True,True,1820.0,True
TK-248860,2026-01,2026Q1,A3033,Vikram Banerjee,Billing,VA-EB-PL2,3149.0,DUP-PAYMENT,DUP-PAYMENT,,,N,,False,0.0,False
TK-248862,2026-01,2026Q1,A3034,Tanvi Rathore,Billing,VA-HP-ST2,500.0,DUP-PAYMENT,DUP-PAYMENT,,,N,,False,0.0,False
TK-248866,2026-01,2026Q1,A3018,Krishna Bhatt,Email Frontline,VA-SW-FIT,1699.0,CANCEL,CANCEL,,,N,,False,0.0,False
TK-248877,2026-01,2026Q1,A3037,Manish Iyer,Returns Desk,VA-EB-PL1,1999.0,RETURN-QC-OK,RETURN-QC-OK,,,N,,False,0.0,False
TK-248879,2026-01,2026Q1,A3017,Kabir Singh,Email Frontline,VA-EB-AIR,1799.0,CANCEL,CANCEL,,,N,,False,0.0,False
TK-248894,2026-01,2026Q1,A3035,Dev Kulkarni,Billing,VA-AC-CH65,225.0,RETURN-QC-OK,RETURN-QC-OK,,,N,,False,0.0,False
TK-248905,2026-01,2026Q1,A3032,Sneha Bansal,Billing,VA-SP-ORB,900.0,DUP-PAYMENT,DUP-PAYMENT,,,N,,False,0.0,False
TK-248908,2026-01,2026Q1,A3036,Ritika D'Souza,Returns Desk,VA-SW-NX2,3250.0,RETURN-QC-OK,RETURN-QC-OK,,,N,,False,0.0,False
TK-248911,2026-01,2026Q1,A3026,Aadhya Deshpande,Voice Frontline,VA-SW-NX2,6499.0,GW-OTHER,PRICE-ADJ,PRICE-ADJ,discount was not applied at checkout,N,False,False,0.0,True
TK-248916,2026-01,2026Q1,A3018,Krishna Bhatt,Email Frontline,VA-AC-CASE,1299.0,GW-OTHER,CANCEL,CANCEL,Want to cancel my order... refund of rs 1299 initiated,N,False,False,0.0,True
TK-248923,2026-01,2026Q1,A3034,Tanvi Rathore,Billing,VA-SP-MINI,2499.0,CANCEL,CANCEL,,,N,,False,0.0,False
TK-248926,2026-01,2026Q1,A3013,Rohit Nair,Chat Frontline,VA-EB-PL1,4998.0,WTY-BUYBACK,WTY-BUYBACK,GW-OTHER,refunded rs 4998 and also raised replacement,N,True,True,1460.0,False
TK-248929,2026-01,2026Q1,A3027,Priya Agarwal,Logistics,VA-EB-PL2,525.0,RETURN-QC-OK,RETURN-QC-OK,,,N,,False,0.0,False
TK-248945,2026-01,2026Q1,A3009,Sukhwinder Singh,Chat Frontline,VA-SW-NX1,4249.0,GW-OTHER,GW-OTHER,GW-OTHER,Both refund and replacement given as cx threatened social media,N,True,True,2240.0,True
TK-248950,2026-01,2026Q1,A3035,Dev Kulkarni,Billing,VA-EB-PL2,560.0,GW-OTHER,DUP-PAYMENT,DUP-PAYMENT,Cx reported failed order after payment. Refund processed,N,False,False,0.0,True
TK-248952,2026-01,2026Q1,A3012,Lakshmi Srivastava,Chat Frontline,VA-AC-CASE,520.0,DUP-PAYMENT,DUP-PAYMENT,,,N,,False,0.0,False
TK-248954,2026-01,2026Q1,A3036,Ritika D'Souza,Returns Desk,VA-EB-PL2,3499.0,RETURN-QC-OK,RETURN-QC-OK,,,N,,False,0.0,False
TK-248963,2026-01,2026Q1,A3038,Ankit Dhillon,Returns Desk,VA-EB-AIR,1799.0,RETURN-QC-OK,RETURN-QC-OK,,,N,,False,0.0,False
TK-248967,2026-01,2026Q1,A3028,Sameer Kapoor,Logistics,VA-EB-PL2,6998.0,DOA-REPL,DOA-REPL,,,N,,False,0.0,False
TK-248974,2026-01,2026Q1,A3003,Komal Singh,Chat Frontline,VA-EB-PL2,3499.0,WTY-BUYBACK,WTY-BUYBACK,GW-OTHER,Issued refund + replacement both,Y,True,True,1820.0,False
TK-248981,2026-01,2026Q1,A3026,Aadhya Deshpande,Voice Frontline,VA-EB-PL2,2799.0,CANCEL,CANCEL,,,N,,False,0.0,False
TK-248985,2026-01,2026Q1,A3036,Ritika D'Souza,Returns Desk,VA-EB-PL1,2374.0,RETURN-QC-OK,RETURN-QC-OK,,,N,,False,0.0,False
TK-248988,2026-01,2026Q1,A3009,Sukhwinder Singh,Chat Frontline,VA-EB-PL1,1250.0,DUP-PAYMENT,DUP-PAYMENT,,,N,,False,0.0,False
TK-248991,2026-01,2026Q1,A3034,Tanvi Rathore,Billing,VA-SP-MINI,1000.0,GW-OTHER,DUP-PAYMENT,DUP-PAYMENT,card charged two times,N,False,False,0.0,True
TK-248997,2026-01,2026Q1,A3003,Komal Singh,Chat Frontline,VA-EB-PL2,3499.0,GW-OTHER,WTY-BUYBACK,WTY-BUYBACK,Charging case dead... Flul rfnd processed,N,False,False,0.0,True
TK-249001,2026-01,2026Q1,A3033,Vikram Banerjee,Billing,VA-EB-PL1,2499.0,DUP-PAYMENT,DUP-PAYMENT,,,N,,False,0.0,False
TK-249007,2026-01,2026Q1,A3036,Ritika D'Souza,Returns Desk,VA-SW-FIT,1999.0,RETURN-QC-OK,RETURN-QC-OK,,,N,,False,0.0,False
TK-249009,2026-01,2026Q1,A3036,Ritika D'Souza,Returns Desk,VA-SW-FIT,1699.0,GW-OTHER,RETURN-QC-OK,RETURN-QC-OK,you picked up the item 4 days ago and my money,N,False,False,0.0,True
TK-249020,2026-01,2026Q1,A3039,Reyansh Mishra,Escalations & Warranty,VA-SW-NX2,6499.0,GW-OTHER,WTY-BUYBACK,WTY-BUYBACK,checked warranty eligibility -> refund of rs 6499 initiated,N,False,False,0.0,True
TK-249028,2026-01,2026Q1,A3034,Tanvi Rathore,Billing,VA-SP-ORB,4799.0,DUP-PAYMENT,DUP-PAYMENT,,,N,,False,0.0,False
TK-249031,2026-01,2026Q1,A3032,Sneha Bansal,Billing,VA-EB-PL2,3499.0,DUP-PAYMENT,DUP-PAYMENT,,,N,,False,0.0,False
TK-249033,2026-01,2026Q1,A3036,Ritika D'Souza,Returns Desk,VA-HP-ST3,945.0,GW-OTHER,RETURN-QC-OK,RETURN-QC-OK,Cx reported pkp missed. Re-raised pkp w/ crr. Full refund,N,False,False,0.0,True
TK-249067,2026-01,2026Q1,A3036,Ritika D'Souza,Returns Desk,VA-HP-ST3,6999.0,GW-OTHER,RETURN-QC-OK,RETURN-QC-OK,packed the box a week ago and it's still here,N,False,False,0.0,True
TK-249085,2026-01,2026Q1,A3007,Abhishek Gupta,Chat Frontline,VA-EB-PL2,3499.0,PRICE-ADJ,PRICE-ADJ,,,N,,False,0.0,False
TK-249092,2026-01,2026Q1,A3030,Aishwarya Trivedi,Logistics,VA-EB-PL2,3499.0,GW-OTHER,LOST-TRANSIT,LOST-TRANSIT,Issue: order not delivered,N,False,False,0.0,True
TK-249095,2026-01,2026Q1,A3036,Ritika D'Souza,Returns Desk,VA-SP-ORB,5699.0,RETURN-QC-OK,RETURN-QC-OK,RETURN-QC-OK,the return was accepted,N,False,False,0.0,False
TK-249100,2026-01,2026Q1,A3035,Dev Kulkarni,Billing,VA-HP-ST2,4999.0,DUP-PAYMENT,DUP-PAYMENT,,,N,,False,0.0,False
TK-249106,2026-01,2026Q1,A3042,Swati Bhatia,Escalations & Warranty,VA-NB-ARC,1169.0,DOA-REPL,DOA-REPL,GW-OTHER,replacement unit also shipped,N,True,True,880.0,False
TK-249110,2026-01,2026Q1,A3032,Sneha Bansal,Billing,VA-SW-NX2,5524.0,DUP-PAYMENT,DUP-PAYMENT,,,N,,False,0.0,False
TK-249114,2026-01,2026Q1,A3038,Ankit Dhillon,Returns Desk,VA-SP-MINI,2499.0,RETURN-QC-OK,RETURN-QC-OK,,,N,,False,0.0,False
TK-249122,2026-01,2026Q1,A3036,Ritika D'Souza,Returns Desk,VA-SW-NX2,6499.0,RETURN-QC-OK,RETURN-QC-OK,,,N,,False,0.0,False
TK-249130,2026-01,2026Q1,A3004,Geeta Dutta,Chat Frontline,VA-SP-MINI,2499.0,GW-OTHER,CANCEL,CANCEL,Cancel order VR898468,N,False,False,0.0,True
TK-249134,2026-01,2026Q1,A3027,Priya Agarwal,Logistics,VA-EB-PL2,2799.0,GW-OTHER,LOST-TRANSIT,LOST-TRANSIT,Issue: transit damage,N,False,False,0.0,True
TK-249147,2026-01,2026Q1,A3013,Rohit Nair,Chat Frontline,VA-EB-PL2,700.0,GW-OTHER,DOA-REPL,DOA-REPL,l bud no charge in case,N,False,False,0.0,True
TK-249149,2026-01,2026Q1,A3035,Dev Kulkarni,Billing,VA-NB-ARC,552.0,DUP-PAYMENT,DUP-PAYMENT,,,N,,False,0.0,False
TK-249151,2026-01,2026Q1,A3028,Sameer Kapoor,Logistics,VA-EB-PL2,499.0,GW-OTHER,GW-OTHER,GW-OTHER,incorrect product shipped,N,False,False,0.0,False
TK-249155,2026-01,2026Q1,A3030,Aishwarya Trivedi,Logistics,VA-SP-MINI,2499.0,CANCEL,CANCEL,,,N,,False,0.0,False
TK-249161,2026-01,2026Q1,A3018,Krishna Bhatt,Email Frontline,VA-EB-PL1,1999.0,GW-OTHER,GW-OTHER,GW-OTHER,replacement unit also shipped,Y,True,True,1460.0,True
TK-249163,2026-01,2026Q1,A3035,Dev Kulkarni,Billing,VA-HP-ST3,6999.0,GW-OTHER,DUP-PAYMENT,DUP-PAYMENT,Customer states duplicate payment,N,False,False,0.0,True
TK-249167,2026-01,2026Q1,A3016,Thomas Kumar,Email Frontline,VA-EB-PL1,1999.0,GW-OTHER,UNCLEAR,UNCLEAR,escalated to wty (SOP 3.1),N,False,False,0.0,True
TK-249172,2026-01,2026Q1,A3029,Rajat Mukherjee,Logistics,VA-EB-PL1,2499.0,GW-OTHER,LOST-TRANSIT,LOST-TRANSIT,issue: delivery delayed,Y,True,True,1460.0,True
TK-249195,2026-01,2026Q1,A3030,Aishwarya Trivedi,Logistics,VA-SP-ORB,5399.0,GW-OTHER,LOST-TRANSIT,LOST-TRANSIT,unit has a crack | Both refund and replacement given,Y,True,True,2640.0,True
TK-249196,2026-01,2026Q1,A3035,Dev Kulkarni,Billing,VA-HP-ST2,4999.0,GW-OTHER,DUP-PAYMENT,DUP-PAYMENT,Ticket raised for double charge,N,False,False,0.0,True
TK-249198,2026-01,2026Q1,A3027,Priya Agarwal,Logistics,VA-EB-PL1,2499.0,GW-OTHER,LOST-TRANSIT,LOST-TRANSIT,1. Transit damage,N,True,True,1460.0,True
TK-249200,2026-01,2026Q1,A3038,Ankit Dhillon,Returns Desk,VA-SP-ORB,5399.0,GW-OTHER,RETURN-QC-OK,RETURN-QC-OK,chk reverse pickup QC status,N,False,False,0.0,True
TK-249207,2026-01,2026Q1,A3018,Krishna Bhatt,Email Frontline,VA-NB-ARC,2598.0,CANCEL,CANCEL,,,N,,False,0.0,False
TK-249213,2026-01,2026Q1,A3035,Dev Kulkarni,Billing,VA-SW-FIT,180.0,GW-OTHER,DUP-PAYMENT,DUP-PAYMENT,Reported: double charge,N,False,False,0.0,False
TK-249217,2026-01,2026Q1,A3035,Dev Kulkarni,Billing,VA-AC-CASE,1104.0,GW-OTHER,RETURN-QC-OK,RETURN-QC-OK,where is the money for the return,N,False,False,0.0,True
TK-249219,2026-01,2026Q1,A3037,Manish Iyer,Returns Desk,VA-EB-PL2,3499.0,GW-OTHER,LOST-TRANSIT,LOST-TRANSIT,issue: pkp not done,N,False,False,0.0,True
TK-249220,2026-01,2026Q1,A3027,Priya Agarwal,Logistics,VA-EB-PL2,3149.0,LOST-TRANSIT,LOST-TRANSIT,,,N,,False,0.0,False
TK-249228,2026-01,2026Q1,A3038,Ankit Dhillon,Returns Desk,VA-EB-PL2,2799.0,GW-OTHER,RETURN-QC-OK,RETURN-QC-OK,"pkp done, rfnd initiated",N,False,False,0.0,True
TK-249263,2026-01,2026Q1,A3036,Ritika D'Souza,Returns Desk,VA-EB-AIR,1799.0,RETURN-QC-OK,RETURN-QC-OK,,,N,,False,0.0,False
TK-249270,2026-01,2026Q1,A3003,Komal Singh,Chat Frontline,VA-AC-CH65,1424.0,CANCEL,CANCEL,,,N,,False,0.0,False
TK-249273,2026-01,2026Q1,A3037,Manish Iyer,Returns Desk,VA-AC-CASE,130.0,GW-OTHER,RETURN-QC-OK,RETURN-QC-OK,you picked up teh item,N,False,False,0.0,False
TK-249282,2026-01,2026Q1,A3024,Amit Deshpande,Voice Frontline,VA-EB-PL2,3499.0,DUP-PAYMENT,DUP-PAYMENT,,,N,,False,0.0,False
TK-249291,2026-01,2026Q1,A3016,Thomas Kumar,Email Frontline,VA-EB-PL2,1400.0,GW-OTHER,DOA-REPL,DOA-REPL,left bud not charging,N,False,False,0.0,True
TK-249310,2026-01,2026Q1,A3034,Tanvi Rathore,Billing,VA-EB-PL2,420.0,DUP-PAYMENT,DUP-PAYMENT,,,N,,False,0.0,False
TK-249311,2026-01,2026Q1,A3034,Tanvi Rathore,Billing,VA-EB-PL1,2499.0,DUP-PAYMENT,DUP-PAYMENT,,,N,,False,0.0,False
TK-249319,2026-01,2026Q1,A3032,Sneha Bansal,Billing,VA-HP-ST2,4999.0,DUP-PAYMENT,DUP-PAYMENT,,,N,,False,0.0,False
TK-249324,2026-01,2026Q1,A3021,Meera Mathew,Email Frontline,VA-SW-FIT,1699.0,GW-OTHER,GW-OTHER,GW-OTHER,Processed FR & raised RMA,N,True,True,1190.0,True
TK-249329,2026-01,2026Q1,A3004,Geeta Dutta,Chat Frontline,VA-EB-PL2,2799.0,GW-OTHER,LOST-TRANSIT,LOST-TRANSIT,out for delivery for a week now,Y,True,True,1820.0,True
TK-249338,2026-01,2026Q1,A3033,Vikram Banerjee,Billing,VA-SP-MINI,2499.0,GW-OTHER,DUP-PAYMENT,DUP-PAYMENT,payment was deducted but no order was created,N,False,False,0.0,True
TK-249347,2026-01,2026Q1,A3036,Ritika D'Souza,Returns Desk,VA-EB-PL2,3499.0,RETURN-QC-OK,RETURN-QC-OK,,,N,,False,0.0,False
TK-249348,2026-01,2026Q1,A3014,Anjali D'Souza,Chat Frontline,VA-AC-CASE,1299.0,CANCEL,CANCEL,,,N,,False,0.0,False
TK-249351,2026-01,2026Q1,A3008,Meera Malhotra,Chat Frontline,VA-EB-PL2,3149.0,WTY-BUYBACK,WTY-BUYBACK,GW-OTHER,Sent a new unit & released the money,N,True,True,1820.0,False
TK-249353,2026-01,2026Q1,A3018,Krishna Bhatt,Email Frontline,VA-EB-PL2,3499.0,GW-OTHER,GW-OTHER,GW-OTHER,also sending a new set to keep him happy,Y,True,True,1820.0,True
TK-249356,2026-01,2026Q1,A3033,Vikram Banerjee,Billing,VA-EB-PL2,1662.0,DUP-PAYMENT,DUP-PAYMENT,,,N,,False,0.0,False
TK-249358,2026-01,2026Q1,A3005,Payal Bhatia,Chat Frontline,VA-EB-PL1,1999.0,DOA-REPL,DOA-REPL,GW-OTHER,issue: connection dropping | chk fw 2.6.0,Y,True,True,1460.0,False
TK-249360,2026-01,2026Q1,A3009,Sukhwinder Singh,Chat Frontline,VA-SP-MINI,2249.0,LOST-TRANSIT,LOST-TRANSIT,,,N,,False,0.0,False
TK-249368,2026-01,2026Q1,A3007,Abhishek Gupta,Chat Frontline,VA-EB-PL2,3499.0,CANCEL,CANCEL,,,N,,False,0.0,False
TK-249373,2026-01,2026Q1,A3038,Ankit Dhillon,Returns Desk,VA-EB-PL1,2374.0,GW-OTHER,LOST-TRANSIT,LOST-TRANSIT,pkp missed. Re-raised pkp,N,False,False,0.0,True
TK-249389,2026-01,2026Q1,A3035,Dev Kulkarni,Billing,VA-EB-PL2,6648.0,RETURN-QC-OK,RETURN-QC-OK,,,N,,False,0.0,False
TK-249404,2026-01,2026Q1,A3034,Tanvi Rathore,Billing,VA-HP-ST3,5599.0,DUP-PAYMENT,DUP-PAYMENT,,,N,,False,0.0,False
TK-249405,2026-01,2026Q1,A3034,Tanvi Rathore,Billing,VA-EB-PL2,3324.0,DUP-PAYMENT,DUP-PAYMENT,,,N,,False,0.0,False
TK-249415,2026-01,2026Q1,A3032,Sneha Bansal,Billing,VA-EB-PL2,6998.0,DUP-PAYMENT,DUP-PAYMENT,,,N,,False,0.0,False
TK-249418,2026-01,2026Q1,A3033,Vikram Banerjee,Billing,VA-EB-PL1,475.0,GW-OTHER,DUP-PAYMENT,DUP-PAYMENT,double charge,N,False,False,0.0,False
TK-249425,2026-01,2026Q1,A3038,Ankit Dhillon,Returns Desk,VA-HP-ST3,6299.0,GW-OTHER,LOST-TRANSIT,LOST-TRANSIT,Pickup missed,N,False,False,0.0,True
TK-249427,2026-01,2026Q1,A3012,Lakshmi Srivastava,Chat Frontline,VA-EB-PL2,3149.0,GW-OTHER,GW-OTHER,GW-OTHER,both refund & replacement given,N,True,True,1820.0,True
TK-249436,2026-01,2026Q1,A3008,Meera Malhotra,Chat Frontline,VA-EB-PL2,3149.0,CANCEL,CANCEL,,,N,,False,0.0,False
TK-249441,2026-01,2026Q1,A3001,Suresh Kaur,Chat Frontline,VA-SW-NX2,5524.0,DOA-REPL,DOA-REPL,GW-OTHER,sent a new unit and released the money,Y,True,True,2790.0,False
TK-249447,2026-01,2026Q1,A3030,Aishwarya Trivedi,Logistics,VA-EB-PL2,630.0,RETURN-QC-OK,RETURN-QC-OK,LOST-TRANSIT,Ticket raised for pkp missed,N,False,False,0.0,False
TK-249451,2026-01,2026Q1,A3039,Reyansh Mishra,Escalations & Warranty,VA-EB-PL2,3149.0,WTY-BUYBACK,WTY-BUYBACK,WTY-BUYBACK,re: warranty claim status,N,False,False,0.0,False
TK-249457,2026-01,2026Q1,A3031,Zaid Desai,Logistics,VA-HP-ST2,4499.0,DOA-REPL,DOA-REPL,LOST-TRANSIT,damaged in transit,N,False,False,0.0,False
TK-249488,2026-01,2026Q1,A3006,Varun Bhatt,Chat Frontline,VA-EB-PL2,3499.0,GW-OTHER,DOA-REPL,DOA-REPL,cx opted for refund,N,False,False,0.0,True
TK-249490,2026-01,2026Q1,A3037,Manish Iyer,Returns Desk,VA-EB-PL2,2974.0,GW-OTHER,GW-OTHER,GW-OTHER,Received the wrong item,N,True,True,1820.0,True
TK-249501,2026-01,2026Q1,A3033,Vikram Banerjee,Billing,VA-SP-ORB,540.0,GW-OTHER,DUP-PAYMENT,DUP-PAYMENT,failed ord after payment,N,False,False,0.0,True
TK-249516,2026-01,2026Q1,A3035,Dev Kulkarni,Billing,VA-SW-FIT,850.0,RETURN-QC-OK,RETURN-QC-OK,RETURN-QC-OK,Checked reverse pickup QC status,N,False,False,0.0,False
TK-249520,2026-01,2026Q1,A3033,Vikram Banerjee,Billing,VA-EB-PL2,332.0,CANCEL,CANCEL,,,N,,False,0.0,False
TK-249521,2026-01,2026Q1,A3003,Komal Singh,Chat Frontline,VA-NB-ARC,1299.0,CANCEL,CANCEL,,,N,,False,0.0,False
TK-249522,2026-01,2026Q1,A3013,Rohit Nair,Chat Frontline,VA-EB-PL2,3499.0,CANCEL,CANCEL,,,N,,False,0.0,False
TK-249527,2026-01,2026Q1,A3038,Ankit Dhillon,Returns Desk,VA-EB-PL2,2799.0,GW-OTHER,RETURN-QC-OK,RETURN-QC-OK,chk reverse pkp QC status,N,False,False,0.0,True
TK-249528,2026-01,2026Q1,A3029,Rajat Mukherjee,Logistics,VA-SP-MINI,1999.0,LOST-TRANSIT,LOST-TRANSIT,,,N,,False,0.0,False
TK-249530,2026-01,2026Q1,A3034,Tanvi Rathore,Billing,VA-EB-PL2,2799.0,GW-OTHER,DUP-PAYMENT,DUP-PAYMENT,"payment debited, no ord",N,False,False,0.0,True
TK-249535,2026-01,2026Q1,A3008,Meera Malhotra,Chat Frontline,VA-SP-MINI,500.0,GW-OTHER,DUP-PAYMENT,DUP-PAYMENT,"payment debited, no ord",N,False,False,0.0,False
TK-249537,2026-01,2026Q1,A3026,Aadhya Deshpande,Voice Frontline,VA-SP-MINI,2374.0,GW-OTHER,DUP-PAYMENT,DUP-PAYMENT,amount deducted without ord,N,False,False,0.0,True
TK-249538,2026-01,2026Q1,A3008,Meera Malhotra,Chat Frontline,VA-SW-NX1,400.0,PRICE-ADJ,PRICE-ADJ,,,N,,False,0.0,False
TK-249566,2026-01,2026Q1,A3036,Ritika D'Souza,Returns Desk,VA-EB-PL2,3324.0,GW-OTHER,LOST-TRANSIT,LOST-TRANSIT,pkp not done,N,False,False,0.0,True
TK-249572,2026-01,2026Q1,A3035,Dev Kulkarni,Billing,VA-EB-AIR,1619.0,GW-OTHER,DUP-PAYMENT,DUP-PAYMENT,Money debited but order not showing,N,False,False,0.0,True
TK-249577,2026-01,2026Q1,A3018,Krishna Bhatt,Email Frontline,VA-NB-ARC,1299.0,WTY-BUYBACK,WTY-BUYBACK,,,N,,False,0.0,False
TK-249585,2026-01,2026Q1,A3038,Ankit Dhillon,Returns Desk,VA-SW-NX2,520.0,GW-OTHER,LOST-TRANSIT,LOST-TRANSIT,rescheduled pickup twice,N,False,False,0.0,True
TK-249591,2026-01,2026Q1,A3011,Rohit Gill,Chat Frontline,VA-HP-ST3,6299.0,GW-OTHER,GW-OTHER,GW-OTHER,rfnd done & new unit sent,N,True,True,2990.0,True
TK-249592,2026-01,2026Q1,A3032,Sneha Bansal,Billing,VA-SW-NX2,6499.0,DUP-PAYMENT,DUP-PAYMENT,,,N,,False,0.0,False
TK-249599,2026-01,2026Q1,A3030,Aishwarya Trivedi,Logistics,VA-EB-PL2,3499.0,RETURN-QC-OK,RETURN-QC-OK,,,N,,False,0.0,False
TK-249614,2026-01,2026Q1,A3013,Rohit Nair,Chat Frontline,VA-NB-ARC,2468.0,DUP-PAYMENT,DUP-PAYMENT,,,N,,False,0.0,False
TK-249615,2026-01,2026Q1,A3038,Ankit Dhillon,Returns Desk,VA-EB-PL2,280.0,DUP-PAYMENT,DUP-PAYMENT,,,N,,False,0.0,False
TK-249625,2026-01,2026Q1,A3018,Krishna Bhatt,Email Frontline,VA-SW-NX2,1300.0,CANCEL,CANCEL,,,N,,False,0.0,False
TK-249630,2026-02,2026Q1,A3037,Manish Iyer,Returns Desk,VA-SP-MINI,2499.0,GW-OTHER,RETURN-QC-OK,RETURN-QC-OK,chk reverse pkp qc status,N,False,False,0.0,True
TK-249631,2026-01,2026Q1,A3016,Thomas Kumar,Email Frontline,VA-EB-PL2,630.0,CANCEL,CANCEL,,,N,,False,0.0,False
TK-249638,2026-01,2026Q1,A3038,Ankit Dhillon,Returns Desk,VA-SP-MINI,2249.0,RETURN-QC-OK,RETURN-QC-OK,,,N,,False,0.0,False
TK-249651,2026-01,2026Q1,A3035,Dev Kulkarni,Billing,VA-EB-PL1,1999.0,DUP-PAYMENT,DUP-PAYMENT,,,N,,False,0.0,False
TK-249652,2026-01,2026Q1,A3026,Aadhya Deshpande,Voice Frontline,VA-SW-NX2,5524.0,DUP-PAYMENT,DUP-PAYMENT,,,N,,False,0.0,False
TK-249672,2026-01,2026Q1,A3035,Dev Kulkarni,Billing,VA-SP-MINI,2499.0,DUP-PAYMENT,DUP-PAYMENT,,,N,,False,0.0,False
TK-249675,2026-02,2026Q1,A3028,Sameer Kapoor,Logistics,VA-EB-PL2,2974.0,RETURN-QC-OK,RETURN-QC-OK,,,N,,False,0.0,False
TK-249677,2026-02,2026Q1,A3038,Ankit Dhillon,Returns Desk,VA-NB-ARC,2468.0,RETURN-QC-OK,RETURN-QC-OK,,,N,,False,0.0,False
TK-249687,2026-01,2026Q1,A3015,Sameer Jadhav,Chat Frontline,VA-EB-PL2,2974.0,CANCEL,CANCEL,,,N,,False,0.0,False
TK-249701,2026-01,2026Q1,A3032,Sneha Bansal,Billing,VA-HP-ST3,6649.0,GW-OTHER,DUP-PAYMENT,DUP-PAYMENT,"payment debited, no order",N,False,False,0.0,True
TK-249706,2026-02,2026Q1,A3038,Ankit Dhillon,Returns Desk,VA-EB-PL2,1574.0,RETURN-QC-OK,RETURN-QC-OK,,,N,,False,0.0,False
TK-249707,2026-02,2026Q1,A3037,Manish Iyer,Returns Desk,VA-EB-PL2,3149.0,RETURN-QC-OK,RETURN-QC-OK,LOST-TRANSIT,reverse pkp pending. checked pkp awb,N,False,False,0.0,False
TK-249713,2026-02,2026Q1,A3031,Zaid Desai,Logistics,VA-EB-PL2,3499.0,GW-OTHER,GW-OTHER,GW-OTHER,Full refund issued and replacement dispatched as goodwill,N,True,True,1820.0,True
TK-249715,2026-02,2026Q1,A3038,Ankit Dhillon,Returns Desk,VA-SW-NX1,450.0,GW-OTHER,LOST-TRANSIT,LOST-TRANSIT,pickup missed | checked pickup awb,N,False,False,0.0,False
TK-249723,2026-02,2026Q1,A3036,Ritika D'Souza,Returns Desk,VA-EB-PL2,2799.0,RETURN-QC-OK,RETURN-QC-OK,,,N,,False,0.0,False
TK-249725,2026-02,2026Q1,A3030,Aishwarya Trivedi,Logistics,VA-SW-FIT,1699.0,GW-OTHER,LOST-TRANSIT,LOST-TRANSIT,Refund initiated as lost in transit,N,True,True,1190.0,True
TK-249730,2026-02,2026Q1,A3002,Steven Ansari,Chat Frontline,VA-EB-PL2,3499.0,GW-OTHER,GW-OTHER,GW-OTHER,"reset done, paired ok",N,True,True,1820.0,True
TK-249731,2026-02,2026Q1,A3003,Komal Singh,Chat Frontline,VA-EB-PL2,420.0,CANCEL,CANCEL,,,N,,False,0.0,False
TK-249738,2026-02,2026Q1,A3038,Ankit Dhillon,Returns Desk,VA-EB-PL2,3149.0,RETURN-QC-OK,RETURN-QC-OK,,,N,,False,0.0,False
TK-249741,2026-02,2026Q1,A3017,Kabir Singh,Email Frontline,VA-SW-NX2,650.0,GW-OTHER,DUP-PAYMENT,DUP-PAYMENT,customer states duplicate payment,N,False,False,0.0,True
TK-249755,2026-02,2026Q1,A3018,Krishna Bhatt,Email Frontline,VA-SP-MINI,2124.0,GW-OTHER,GW-OTHER,GW-OTHER,resolved. | Issued refund + replacement both,N,True,True,1320.0,True
TK-249757,2026-02,2026Q1,A3026,Aadhya Deshpande,Voice Frontline,VA-EB-PL2,332.0,WTY-BUYBACK,WTY-BUYBACK,,,N,,False,0.0,False
TK-249759,2026-02,2026Q1,A3033,Vikram Banerjee,Billing,VA-EB-PL1,1999.0,PRICE-ADJ,PRICE-ADJ,,,N,,False,0.0,False
TK-249761,2026-02,2026Q1,A3032,Sneha Bansal,Billing,VA-AC-CASE,1299.0,GW-OTHER,RETURN-QC-OK,RETURN-QC-OK,refund not credited,Y,True,True,960.0,True
TK-249774,2026-02,2026Q1,A3018,Krishna Bhatt,Email Frontline,VA-EB-PL2,3149.0,GW-OTHER,GW-OTHER,GW-OTHER,"advised pin cleaning, cx confirmed ok",Y,True,True,1820.0,True
TK-249782,2026-02,2026Q1,A3029,Rajat Mukherjee,Logistics,VA-EB-AIR,1799.0,RETURN-QC-OK,RETURN-QC-OK,,,N,,False,0.0,False
TK-249785,2026-02,2026Q1,A3010,Tenzin Mathew,Chat Frontline,VA-EB-PL2,3149.0,DUP-PAYMENT,DUP-PAYMENT,,,N,,False,0.0,False
TK-249788,2026-02,2026Q1,A3036,Ritika D'Souza,Returns Desk,VA-SW-NX2,6174.0,GW-OTHER,RETURN-QC-OK,RETURN-QC-OK,Contact re refund delay,N,False,False,0.0,True
TK-249790,2026-02,2026Q1,A3035,Dev Kulkarni,Billing,VA-EB-PL2,350.0,GW-OTHER,PRICE-ADJ,PRICE-ADJ,Ticket raised for discount not applied,N,False,False,0.0,False
TK-249803,2026-02,2026Q1,A3032,Sneha Bansal,Billing,VA-SW-NX2,5199.0,GW-OTHER,PRICE-ADJ,PRICE-ADJ,coupon not applied,N,False,False,0.0,True
TK-249810,2026-02,2026Q1,A3010,Tenzin Mathew,Chat Frontline,VA-EB-PL2,3324.0,DOA-REPL,DOA-REPL,GW-OTHER,batteyr draining fast. Checked FW 1.4.12,Y,True,True,1820.0,False
TK-249811,2026-02,2026Q1,A3027,Priya Agarwal,Logistics,VA-EB-AIR,1799.0,GW-OTHER,LOST-TRANSIT,LOST-TRANSIT,rplc dispatched. Issue: transit damage.,N,True,True,1100.0,True
TK-249812,2026-02,2026Q1,A3007,Abhishek Gupta,Chat Frontline,VA-EB-PL2,3499.0,DOA-REPL,DOA-REPL,GW-OTHER,sorted. | rfnd done & new unit sent,Y,True,True,1820.0,False
TK-249833,2026-02,2026Q1,A3030,Aishwarya Trivedi,Logistics,VA-EB-PL1,1250.0,GW-OTHER,LOST-TRANSIT,LOST-TRANSIT,Contact re reverse pkp pending,N,False,False,0.0,True
TK-249847,2026-02,2026Q1,A3038,Ankit Dhillon,Returns Desk,VA-EB-PL2,350.0,RETURN-QC-OK,RETURN-QC-OK,,,N,,False,0.0,False
TK-249850,2026-02,2026Q1,A3023,Ritika Gaikwad,Voice Frontline,VA-SW-NX1,3999.0,CANCEL,CANCEL,,,N,,False,0.0,False
TK-249853,2026-02,2026Q1,A3028,Sameer Kapoor,Logistics,VA-EB-PL2,700.0,GW-OTHER,LOST-TRANSIT,LOST-TRANSIT,ord not delivered,N,False,False,0.0,True
TK-249856,2026-02,2026Q1,A3035,Dev Kulkarni,Billing,VA-EB-PL2,5598.0,PRICE-ADJ,PRICE-ADJ,,,N,,False,0.0,False
TK-249869,2026-02,2026Q1,A3014,Anjali D'Souza,Chat Frontline,VA-EB-PL2,3499.0,CANCEL,CANCEL,,,N,,False,0.0,False
TK-249872,2026-02,2026Q1,A3036,Ritika D'Souza,Returns Desk,VA-EB-PL1,2499.0,GW-OTHER,RETURN-QC-OK,RETURN-QC-OK,Ticket raised for rfnd not credited,N,False,False,0.0,True
TK-249873,2026-02,2026Q1,A3027,Priya Agarwal,Logistics,VA-EB-PL2,2799.0,RETURN-QC-OK,RETURN-QC-OK,GW-OTHER,Incorrect product shipped,N,False,False,0.0,False
TK-249890,2026-02,2026Q1,A3035,Dev Kulkarni,Billing,VA-EB-PL2,3499.0,GW-OTHER,RETURN-QC-OK,RETURN-QC-OK,Checked reverse pkp QC status,N,False,False,0.0,True
TK-249893,2026-02,2026Q1,A3036,Ritika D'Souza,Returns Desk,VA-EB-PL2,3499.0,RETURN-QC-OK,RETURN-QC-OK,,,N,,False,0.0,False
TK-249896,2026-02,2026Q1,A3036,Ritika D'Souza,Returns Desk,VA-SP-MINI,2499.0,GW-OTHER,GW-OTHER,GW-OTHER,Money back to source and a fresh pair shipped.,N,True,True,1320.0,True
TK-249897,2026-02,2026Q1,A3018,Krishna Bhatt,Email Frontline,VA-EB-PL1,475.0,GW-OTHER,LOST-TRANSIT,LOST-TRANSIT,issue: delivery delayed | checked awb with courier -> full refund processed,N,False,False,0.0,False
TK-249900,2026-02,2026Q1,A3030,Aishwarya Trivedi,Logistics,VA-EB-PL2,3499.0,DOA-REPL,DOA-REPL,,,N,,False,0.0,False
TK-249903,2026-02,2026Q1,A3034,Tanvi Rathore,Billing,VA-SW-NX1,600.0,PRICE-ADJ,PRICE-ADJ,,,N,,False,0.0,False
TK-249912,2026-02,2026Q1,A3037,Manish Iyer,Returns Desk,VA-EB-PL2,3149.0,GW-OTHER,UNCLEAR,UNCLEAR,issue: refund not credited. checked refund status on pg.,N,False,False,0.0,True
TK-249913,2026-02,2026Q1,A3032,Sneha Bansal,Billing,VA-EB-PL2,3324.0,RETURN-QC-OK,RETURN-QC-OK,,,N,,False,0.0,False
TK-249919,2026-02,2026Q1,A3032,Sneha Bansal,Billing,VA-SP-MINI,2499.0,DUP-PAYMENT,DUP-PAYMENT,,,N,,False,0.0,False
TK-249925,2026-02,2026Q1,A3030,Aishwarya Trivedi,Logistics,VA-SW-NX1,4999.0,RETURN-QC-OK,RETURN-QC-OK,,,N,,False,0.0,False
TK-249931,2026-02,2026Q1,A3028,Sameer Kapoor,Logistics,VA-EB-AIR,1619.0,RETURN-QC-OK,RETURN-QC-OK,RETURN-QC-OK,Checked reverse pkp QC status,N,False,False,0.0,False
TK-249933,2026-02,2026Q1,A3030,Aishwarya Trivedi,Logistics,VA-SP-MINI,2499.0,DOA-REPL,DOA-REPL,,,N,,False,0.0,False
TK-249952,2026-02,2026Q1,A3038,Ankit Dhillon,Returns Desk,VA-EB-PL2,2974.0,GW-OTHER,RETURN-QC-OK,RETURN-QC-OK,Checked reverse pickup QC status. rfnd of Rs 2974 initiated,N,False,False,0.0,True
TK-249960,2026-02,2026Q1,A3038,Ankit Dhillon,Returns Desk,VA-EB-PL2,3499.0,GW-OTHER,UNCLEAR,UNCLEAR,"rfnd pending, Checked rfnd status on PG",N,False,False,0.0,True
TK-249970,2026-02,2026Q1,A3035,Dev Kulkarni,Billing,VA-EB-PL2,350.0,DUP-PAYMENT,DUP-PAYMENT,,,N,,False,0.0,False
TK-249977,2026-02,2026Q1,A3028,Sameer Kapoor,Logistics,VA-EB-PL2,3324.0,WTY-BUYBACK,WTY-BUYBACK,GW-OTHER,cust contacted re incorrect product shipped. processed fr & raised rma,Y,True,True,1820.0,False
TK-249993,2026-02,2026Q1,A3031,Zaid Desai,Logistics,VA-SW-FIT,1799.0,GW-OTHER,RETURN-QC-OK,RETURN-QC-OK,return pickup has not happened,N,False,False,0.0,True
TK-249996,2026-02,2026Q1,A3038,Ankit Dhillon,Returns Desk,VA-EB-PL1,1999.0,GW-OTHER,UNCLEAR,UNCLEAR,see prev,N,False,False,0.0,True
TK-250008,2026-02,2026Q1,A3038,Ankit Dhillon,Returns Desk,VA-EB-PL2,3499.0,GW-OTHER,RETURN-QC-OK,RETURN-QC-OK,Checked reverse pkp QC status. Refund of Rs 3499 initiated,N,False,False,0.0,True
TK-250012,2026-02,2026Q1,A3018,Krishna Bhatt,Email Frontline,VA-EB-PL1,2374.0,GW-OTHER,DUP-PAYMENT,DUP-PAYMENT,cx: failed order afetr payyment | checked pg dashboard for txn,N,False,False,0.0,True
TK-250021,2026-02,2026Q1,A3009,Sukhwinder Singh,Chat Frontline,VA-SW-NX2,585.0,CANCEL,CANCEL,,,N,,False,0.0,False
TK-250022,2026-02,2026Q1,A3005,Payal Bhatia,Chat Frontline,VA-EB-PL2,3324.0,GW-OTHER,GW-OTHER,GW-OTHER,Full refund issued & replacement dispatched as goodwill.,Y,True,True,1820.0,True
TK-250031,2026-02,2026Q1,A3037,Manish Iyer,Returns Desk,VA-EB-PL2,2799.0,RETURN-QC-OK,RETURN-QC-OK,,,N,,False,0.0,False
TK-250032,2026-02,2026Q1,A3032,Sneha Bansal,Billing,VA-EB-PL1,2374.0,DUP-PAYMENT,DUP-PAYMENT,,,N,,False,0.0,False
TK-250044,2026-02,2026Q1,A3036,Ritika D'Souza,Returns Desk,VA-EB-AIR,1619.0,GW-OTHER,GW-OTHER,GW-OTHER,"Issued refund + replacement both, TL aware.",N,True,True,1100.0,True
TK-250054,2026-02,2026Q1,A3033,Vikram Banerjee,Billing,VA-SW-NX2,3250.0,DUP-PAYMENT,DUP-PAYMENT,,,N,,False,0.0,False
TK-250056,2026-02,2026Q1,A3038,Ankit Dhillon,Returns Desk,VA-EB-PL2,2974.0,RETURN-QC-OK,RETURN-QC-OK,,,N,,False,0.0,False
TK-250061,2026-02,2026Q1,A3010,Tenzin Mathew,Chat Frontline,VA-EB-PL2,420.0,CANCEL,CANCEL,,,N,,False,0.0,False
TK-250072,2026-02,2026Q1,A3034,Tanvi Rathore,Billing,VA-SP-MINI,1250.0,PRICE-ADJ,PRICE-ADJ,,,N,,False,0.0,False
TK-250082,2026-02,2026Q1,A3037,Manish Iyer,Returns Desk,VA-EB-PL2,3149.0,RETURN-QC-OK,RETURN-QC-OK,,,N,,False,0.0,False
TK-250085,2026-02,2026Q1,A3037,Manish Iyer,Returns Desk,VA-SW-NX2,6174.0,RETURN-QC-OK,RETURN-QC-OK,,,N,,False,0.0,False
TK-250087,2026-02,2026Q1,A3007,Abhishek Gupta,Chat Frontline,VA-EB-PL2,2974.0,GW-OTHER,GW-OTHER,GW-OTHER,"reset done, paired ok. -- amount returned to card; fresh unit shipped",N,True,True,1820.0,True
TK-250091,2026-02,2026Q1,A3033,Vikram Banerjee,Billing,VA-AC-CH65,1274.0,PRICE-ADJ,PRICE-ADJ,,,N,,False,0.0,False
TK-250094,2026-02,2026Q1,A3035,Dev Kulkarni,Billing,VA-SP-MINI,2124.0,GW-OTHER,CANCEL,CANCEL,Cancelled before dispatch. rfnd of Rs 2124 initiated to source.,N,False,False,0.0,True
TK-250095,2026-02,2026Q1,A3036,Ritika D'Souza,Returns Desk,VA-EB-PL2,3499.0,RETURN-QC-OK,RETURN-QC-OK,RETURN-QC-OK,Checked reverse pickup QC status. rfnd reprocessed.,N,False,False,0.0,False
TK-250108,2026-02,2026Q1,A3029,Rajat Mukherjee,Logistics,VA-SP-MINI,319.0,GW-OTHER,CANCEL,CANCEL,issue: order cancellation. cancelled before dispatch.,N,False,False,0.0,False
TK-250119,2026-02,2026Q1,A3032,Sneha Bansal,Billing,VA-EB-PL2,3324.0,DUP-PAYMENT,DUP-PAYMENT,DUP-PAYMENT,double charge,N,False,False,0.0,False
TK-250120,2026-02,2026Q1,A3037,Manish Iyer,Returns Desk,VA-EB-AIR,270.0,GW-OTHER,UNCLEAR,UNCLEAR,refund delay. checked refund status on pg. refunded rs 270.,N,False,False,0.0,False
TK-250131,2026-02,2026Q1,A3035,Dev Kulkarni,Billing,VA-EB-PL2,2799.0,PRICE-ADJ,PRICE-ADJ,,,N,,False,0.0,False
TK-250137,2026-02,2026Q1,A3034,Tanvi Rathore,Billing,VA-EB-PL2,3149.0,GW-OTHER,DUP-PAYMENT,DUP-PAYMENT,Double payment deducted.,N,False,False,0.0,True
TK-250139,2026-02,2026Q1,A3034,Tanvi Rathore,Billing,VA-EB-PL1,356.0,GW-OTHER,UNCLEAR,UNCLEAR,cx ok (sop 4.2),N,False,False,0.0,False
TK-250140,2026-02,2026Q1,A3033,Vikram Banerjee,Billing,VA-EB-PL2,3499.0,GW-OTHER,DUP-PAYMENT,DUP-PAYMENT,cx reported charged twice. confirmed utrs. refunded rs 3499.,N,False,False,0.0,True
TK-250151,2026-02,2026Q1,A3038,Ankit Dhillon,Returns Desk,VA-AC-CASE,195.0,RETURN-QC-OK,RETURN-QC-OK,,,N,,False,0.0,False
TK-250155,2026-02,2026Q1,A3036,Ritika D'Souza,Returns Desk,VA-EB-PL2,2799.0,GW-OTHER,RETURN-QC-OK,RETURN-QC-OK,chk reverse pickup qc status -> full refund processed,N,False,False,0.0,True
TK-250162,2026-02,2026Q1,A3035,Dev Kulkarni,Billing,VA-EB-PL2,2974.0,DUP-PAYMENT,DUP-PAYMENT,,,N,,False,0.0,False
TK-250180,2026-02,2026Q1,A3033,Vikram Banerjee,Billing,VA-HP-ST3,5949.0,DUP-PAYMENT,DUP-PAYMENT,,,N,,False,0.0,False
TK-250182,2026-02,2026Q1,A3005,Payal Bhatia,Chat Frontline,VA-EB-PL2,700.0,GW-OTHER,GW-OTHER,GW-OTHER,Contact re poor battery backup. Fulll refund processed,N,False,False,0.0,True
TK-250183,2026-02,2026Q1,A3035,Dev Kulkarni,Billing,VA-EB-PL2,6998.0,DUP-PAYMENT,DUP-PAYMENT,,,N,,False,0.0,False
TK-250202,2026-02,2026Q1,A3032,Sneha Bansal,Billing,VA-SP-ORB,960.0,DUP-PAYMENT,DUP-PAYMENT,,,N,,False,0.0,False
TK-250207,2026-02,2026Q1,A3039,Reyansh Mishra,Escalations & Warranty,VA-SP-ORB,5099.0,DOA-REPL,DOA-REPL,WTY-BUYBACK,issue: warranty claim status. -- money back to source and a fresh pair shipped,N,True,True,2640.0,False
TK-250209,2026-02,2026Q1,A3007,Abhishek Gupta,Chat Frontline,VA-EB-PL2,2974.0,GW-OTHER,LOST-TRANSIT,LOST-TRANSIT,"Order not delivered, tracking not updating... rfnd + rplc",N,True,True,1820.0,True
TK-250210,2026-02,2026Q1,A3033,Vikram Banerjee,Billing,VA-HP-ST3,6999.0,DUP-PAYMENT,DUP-PAYMENT,,,N,,False,0.0,False
TK-250215,2026-02,2026Q1,A3032,Sneha Bansal,Billing,VA-EB-AIR,1799.0,GW-OTHER,PRICE-ADJ,PRICE-ADJ,UR AD SAID 20% OFF AND THE CART SAYS FULL PRICE,N,False,False,0.0,True
TK-250219,2026-02,2026Q1,A3029,Rajat Mukherjee,Logistics,VA-SW-FIT,1799.0,LOST-TRANSIT,LOST-TRANSIT,,,N,,False,0.0,False
TK-250228,2026-02,2026Q1,A3036,Ritika D'Souza,Returns Desk,VA-NB-ARC,1299.0,RETURN-QC-OK,RETURN-QC-OK,,,N,,False,0.0,False
TK-250234,2026-02,2026Q1,A3038,Ankit Dhillon,Returns Desk,VA-SW-NX2,5524.0,DOA-REPL,DOA-REPL,RETURN-QC-OK,chk reverse pickup QC status,Y,True,True,2790.0,False
TK-250251,2026-02,2026Q1,A3020,Aadhya Singh,Email Frontline,VA-EB-PL2,2799.0,GW-OTHER,PRICE-ADJ,PRICE-ADJ,ticket raised for promo code invalid. chk cart eligibility. refund,N,False,False,0.0,True
TK-250255,2026-02,2026Q1,A3038,Ankit Dhillon,Returns Desk,VA-HP-ST3,630.0,GW-OTHER,RETURN-QC-OK,RETURN-QC-OK,where is the money for the return,N,False,False,0.0,True
TK-250260,2026-02,2026Q1,A3018,Krishna Bhatt,Email Frontline,VA-HP-ST3,6299.0,PRICE-ADJ,PRICE-ADJ,,,N,,False,0.0,False
TK-250266,2026-02,2026Q1,A3038,Ankit Dhillon,Returns Desk,VA-SP-ORB,540.0,RETURN-QC-OK,RETURN-QC-OK,,,N,,False,0.0,False
TK-250314,2026-02,2026Q1,A3036,Ritika D'Souza,Returns Desk,VA-SW-NX2,6499.0,RETURN-QC-OK,RETURN-QC-OK,RETURN-QC-OK,The return was accpeted but the amount is nowhere,N,False,False,0.0,False
TK-250341,2026-02,2026Q1,A3034,Tanvi Rathore,Billing,VA-EB-PL2,499.0,GW-OTHER,DUP-PAYMENT,DUP-PAYMENT,"upi shows success, your app shows nothing",N,False,False,0.0,False
TK-250345,2026-02,2026Q1,A3028,Sameer Kapoor,Logistics,VA-SW-FIT,1899.0,GW-OTHER,LOST-TRANSIT,LOST-TRANSIT,tracking has said out for delivery for a week now,N,False,False,0.0,True
TK-250359,2026-02,2026Q1,A3026,Aadhya Deshpande,Voice Frontline,VA-EB-PL1,1999.0,GW-OTHER,GW-OTHER,GW-OTHER,"repair completed, shipped back. Processed FR & raised RMA for new set",Y,True,True,1460.0,True
TK-250370,2026-02,2026Q1,A3016,Thomas Kumar,Email Frontline,VA-EB-PL2,3149.0,GW-OTHER,GW-OTHER,GW-OTHER,"Re-pair successful, resolved on chat... Refund processed... replacement unit also shipped",Y,True,True,1820.0,True
TK-250375,2026-02,2026Q1,A3036,Ritika D'Souza,Returns Desk,VA-SW-NX2,2924.0,RETURN-QC-OK,RETURN-QC-OK,,,N,,False,0.0,False
TK-250377,2026-02,2026Q1,A3034,Tanvi Rathore,Billing,VA-EB-PL2,3149.0,DUP-PAYMENT,DUP-PAYMENT,,,N,,False,0.0,False
TK-250383,2026-02,2026Q1,A3038,Ankit Dhillon,Returns Desk,VA-SW-FIT,380.0,RETURN-QC-OK,RETURN-QC-OK,,,N,,False,0.0,False
TK-250388,2026-02,2026Q1,A3036,Ritika D'Souza,Returns Desk,VA-AC-CBL,339.0,RETURN-QC-OK,RETURN-QC-OK,,,N,,False,0.0,False
TK-250389,2026-02,2026Q1,A3035,Dev Kulkarni,Billing,VA-EB-PL2,3324.0,DUP-PAYMENT,DUP-PAYMENT,,,N,,False,0.0,False
TK-250398,2026-02,2026Q1,A3017,Kabir Singh,Email Frontline,VA-SP-MINI,2124.0,CANCEL,CANCEL,,,N,,False,0.0,False
TK-250422,2026-02,2026Q1,A3035,Dev Kulkarni,Billing,VA-SW-NX1,4999.0,GW-OTHER,DUP-PAYMENT,DUP-PAYMENT,Two entries of Rs 2499 on my statement for one pair,N,False,False,0.0,True
TK-250428,2026-02,2026Q1,A3030,Aishwarya Trivedi,Logistics,VA-AC-CH65,1274.0,GW-OTHER,LOST-TRANSIT,LOST-TRANSIT,shipment not received. RTO confirmed,N,True,True,950.0,True
TK-250446,2026-02,2026Q1,A3032,Sneha Bansal,Billing,VA-EB-PL2,1750.0,GW-OTHER,DUP-PAYMENT,DUP-PAYMENT,amount deducted without ord,N,False,False,0.0,True
TK-250453,2026-02,2026Q1,A3035,Dev Kulkarni,Billing,VA-SW-NX2,5199.0,GW-OTHER,DUP-PAYMENT,DUP-PAYMENT,failed ord affter payment. Asked for UTR. Ful rfnd processed,N,False,False,0.0,True
TK-250456,2026-02,2026Q1,A3037,Manish Iyer,Returns Desk,VA-HP-ST3,945.0,RETURN-QC-OK,RETURN-QC-OK,,,N,,False,0.0,False
TK-250466,2026-02,2026Q1,A3018,Krishna Bhatt,Email Frontline,VA-SW-NX1,8498.0,DUP-PAYMENT,DUP-PAYMENT,,,N,,False,0.0,False
TK-250470,2026-02,2026Q1,A3038,Ankit Dhillon,Returns Desk,VA-SW-NX2,11048.0,GW-OTHER,RETURN-QC-OK,RETURN-QC-OK,the return was accepted but the amount is nowhere,N,False,False,0.0,True
TK-250471,2026-02,2026Q1,A3042,Swati Bhatia,Escalations & Warranty,VA-HP-ST3,5949.0,GW-OTHER,WTY-BUYBACK,WTY-BUYBACK,issue: warranty claim status | checked rma status -> rfnd,N,False,False,0.0,True
TK-250489,2026-02,2026Q1,A3036,Ritika D'Souza,Returns Desk,VA-EB-PL1,500.0,GW-OTHER,RETURN-QC-OK,RETURN-QC-OK,Checked reveerse pickup QC status. Reffund of Rs 500,N,False,False,0.0,False
TK-250499,2026-02,2026Q1,A3005,Payal Bhatia,Chat Frontline,VA-EB-AIR,1439.0,GW-OTHER,GW-OTHER,GW-OTHER,Contact re pairing failure. Asked cx to reset... Reset done... fresh pair shipped,Y,True,True,1100.0,True
TK-250501,2026-02,2026Q1,A3016,Thomas Kumar,Email Frontline,VA-EB-AIR,1619.0,CANCEL,CANCEL,,,N,,False,0.0,False
TK-250509,2026-02,2026Q1,A3033,Vikram Banerjee,Billing,VA-EB-AIR,243.0,DUP-PAYMENT,DUP-PAYMENT,,,N,,False,0.0,False
TK-250524,2026-02,2026Q1,A3035,Dev Kulkarni,Billing,VA-AC-CASE,2468.0,DUP-PAYMENT,DUP-PAYMENT,,,N,,False,0.0,False
TK-250537,2026-02,2026Q1,A3038,Ankit Dhillon,Returns Desk,VA-EB-AIR,720.0,RETURN-QC-OK,RETURN-QC-OK,DOA-REPL,"Replacement was offered earlier by chat team, cx opted for rfnd.",N,False,False,0.0,False
TK-250542,2026-02,2026Q1,A3037,Manish Iyer,Returns Desk,VA-EB-PL2,3149.0,RETURN-QC-OK,RETURN-QC-OK,,,N,,False,0.0,False
TK-250554,2026-02,2026Q1,A3026,Aadhya Deshpande,Voice Frontline,VA-EB-PL2,3499.0,GW-OTHER,GW-OTHER,GW-OTHER,Refund processed to source; rplc unit also shipped.,N,True,True,1820.0,True
TK-250559,2026-02,2026Q1,A3029,Rajat Mukherjee,Logistics,VA-EB-AIR,306.0,DOA-REPL,DOA-REPL,LOST-TRANSIT,unit received damaged,N,False,False,0.0,False
TK-250570,2026-02,2026Q1,A3032,Sneha Bansal,Billing,VA-AC-CASE,185.0,DUP-PAYMENT,DUP-PAYMENT,,,N,,False,0.0,False
TK-250571,2026-02,2026Q1,A3037,Manish Iyer,Returns Desk,VA-EB-PL2,2974.0,RETURN-QC-OK,RETURN-QC-OK,,,N,,False,0.0,False
TK-250576,2026-03,2026Q1,A3022,Daniel Arora,Email Frontline,VA-AC-CBL,319.0,DOA-REPL,DOA-REPL,LOST-TRANSIT,Customer states shipment not received. Checked AWB w/ courier. RTO confirmed,Y,True,True,319.0,False
TK-250580,2026-02,2026Q1,A3027,Priya Agarwal,Logistics,VA-SW-NX2,12348.0,GW-OTHER,GW-OTHER,GW-OTHER,Incorrect product shipped,N,False,False,0.0,True
TK-250584,2026-02,2026Q1,A3021,Meera Mathew,Email Frontline,VA-SW-NX2,6499.0,DOA-REPL,DOA-REPL,GW-OTHER,"re-pair successful, rslvd on chat. rfnd processed... rplc unit also shipped",N,True,True,2790.0,False
TK-250586,2026-02,2026Q1,A3027,Priya Agarwal,Logistics,VA-SP-MINI,2374.0,RETURN-QC-OK,RETURN-QC-OK,GW-OTHER,Incorrect product shipped,N,False,False,0.0,False
TK-250588,2026-02,2026Q1,A3007,Abhishek Gupta,Chat Frontline,VA-EB-PL2,332.0,GW-OTHER,DUP-PAYMENT,DUP-PAYMENT,"payment debited, no ord",N,False,False,0.0,False
TK-250592,2026-02,2026Q1,A3036,Ritika D'Souza,Returns Desk,VA-HP-ST2,4749.0,RETURN-QC-OK,RETURN-QC-OK,LOST-TRANSIT,Customer states reverse pkp pending. Re-raised pkp w/ courier,N,False,False,0.0,False
TK-250604,2026-02,2026Q1,A3021,Meera Mathew,Email Frontline,VA-EB-PL2,3499.0,GW-OTHER,CANCEL,CANCEL,Cancelled before dispatch,N,False,False,0.0,True
TK-250608,2026-02,2026Q1,A3035,Dev Kulkarni,Billing,VA-NB-ARC,247.0,GW-OTHER,DUP-PAYMENT,DUP-PAYMENT,Contact re chargged twice. chk PG for duplicate txn,N,False,False,0.0,False
TK-250624,2026-03,2026Q1,A3039,Reyansh Mishra,Escalations & Warranty,VA-EB-AIR,1619.0,GW-OTHER,GW-OTHER,GW-OTHER,issued refund + replacement both,N,True,True,1100.0,True
TK-250626,2026-02,2026Q1,A3033,Vikram Banerjee,Billing,VA-AC-CASE,1299.0,GW-OTHER,RETURN-QC-OK,RETURN-QC-OK,refund not credited,N,False,False,0.0,True
TK-250632,2026-03,2026Q1,A3038,Ankit Dhillon,Returns Desk,VA-SW-NX2,5524.0,GW-OTHER,UNCLEAR,UNCLEAR,Refund pending,N,False,False,0.0,True
TK-250633,2026-02,2026Q1,A3026,Aadhya Deshpande,Voice Frontline,VA-SW-FIT,1699.0,GW-OTHER,GW-OTHER,GW-OTHER,"adv fw update via app, rslvd. Money back to source & a fresh pair shipped",Y,True,True,1190.0,True
TK-250634,2026-02,2026Q1,A3036,Ritika D'Souza,Returns Desk,VA-EB-PL2,350.0,GW-OTHER,LOST-TRANSIT,LOST-TRANSIT,Cx reported reverse pkp pending,N,False,False,0.0,False
TK-250635,2026-02,2026Q1,A3036,Ritika D'Souza,Returns Desk,VA-HP-ST3,997.0,RETURN-QC-OK,RETURN-QC-OK,RETURN-QC-OK,money for the return,N,False,False,0.0,False
TK-250666,2026-03,2026Q1,A3041,Mohammed Mehta,Escalations & Warranty,VA-SP-MINI,2499.0,GW-OTHER,GW-OTHER,GW-OTHER,Both rfnd and rplc given as cx threatened social media,N,True,True,1320.0,True
TK-250667,2026-03,2026Q1,A3036,Ritika D'Souza,Returns Desk,VA-EB-PL2,3499.0,RETURN-QC-OK,RETURN-QC-OK,RETURN-QC-OK,chk reverse pkp QC status,N,False,False,0.0,False
TK-250668,2026-03,2026Q1,A3034,Tanvi Rathore,Billing,VA-EB-PL2,2799.0,DUP-PAYMENT,DUP-PAYMENT,,,N,,False,0.0,False
TK-250673,2026-03,2026Q1,A3003,Komal Singh,Chat Frontline,VA-EB-PL2,3499.0,DUP-PAYMENT,DUP-PAYMENT,,,N,,False,0.0,False
TK-250681,2026-03,2026Q1,A3037,Manish Iyer,Returns Desk,VA-AC-CASE,2078.0,RETURN-QC-OK,RETURN-QC-OK,,,N,,False,0.0,False
TK-250694,2026-03,2026Q1,A3003,Komal Singh,Chat Frontline,VA-EB-AIR,1799.0,DOA-REPL,DOA-REPL,GW-OTHER,Reset rslvd... Issued rfnd + replacement both,Y,True,True,1100.0,False
TK-250701,2026-03,2026Q1,A3010,Tenzin Mathew,Chat Frontline,VA-EB-PL1,2249.0,GW-OTHER,GW-OTHER,GW-OTHER,reset resolved... refund + rplc,Y,True,True,1460.0,True
TK-250703,2026-03,2026Q1,A3009,Sukhwinder Singh,Chat Frontline,VA-EB-PL1,2374.0,GW-OTHER,WTY-BUYBACK,WTY-BUYBACK,cx states mic not working on calls. Refunded Rs 2374,N,False,False,0.0,True
TK-250704,2026-03,2026Q1,A3030,Aishwarya Trivedi,Logistics,VA-SP-MINI,1999.0,WTY-BUYBACK,WTY-BUYBACK,GW-OTHER,"rfnd + rplc, cx escalation avoided",Y,True,True,1320.0,False
TK-250713,2026-03,2026Q1,A3031,Zaid Desai,Logistics,VA-EB-PL2,499.0,CANCEL,CANCEL,,,N,,False,0.0,False
TK-250719,2026-03,2026Q1,A3034,Tanvi Rathore,Billing,VA-EB-PL2,2974.0,DUP-PAYMENT,DUP-PAYMENT,,,N,,False,0.0,False
TK-250720,2026-03,2026Q1,A3035,Dev Kulkarni,Billing,VA-HP-ST3,5599.0,GW-OTHER,RETURN-QC-OK,RETURN-QC-OK,The return was accepted but the amount is nowhere,N,False,False,0.0,True
TK-250722,2026-03,2026Q1,A3030,Aishwarya Trivedi,Logistics,VA-EB-PL2,560.0,GW-OTHER,GW-OTHER,GW-OTHER,"RTO conf, reshipped",N,True,True,560.0,True
TK-250731,2026-03,2026Q1,A3036,Ritika D'Souza,Returns Desk,VA-SW-NX2,6174.0,RETURN-QC-OK,RETURN-QC-OK,,,N,,False,0.0,False
TK-250744,2026-03,2026Q1,A3001,Suresh Kaur,Chat Frontline,VA-AC-CH65,1274.0,CANCEL,CANCEL,,,N,,False,0.0,False
TK-250745,2026-03,2026Q1,A3037,Manish Iyer,Returns Desk,VA-EB-PL1,500.0,RETURN-QC-OK,RETURN-QC-OK,RETURN-QC-OK,issue: reverse pkp pending,N,False,False,0.0,False
TK-250747,2026-03,2026Q1,A3003,Komal Singh,Chat Frontline,VA-SP-MINI,1187.0,CANCEL,CANCEL,,,N,,False,0.0,False
TK-250749,2026-03,2026Q1,A3016,Thomas Kumar,Email Frontline,VA-EB-AIR,1799.0,GW-OTHER,DOA-REPL,DOA-REPL,charging case dead,N,False,False,0.0,True
TK-250754,2026-03,2026Q1,A3038,Ankit Dhillon,Returns Desk,VA-EB-PL2,5598.0,GW-OTHER,RETURN-QC-OK,RETURN-QC-OK,Nobody came for the pickup,N,False,False,0.0,True
TK-250758,2026-03,2026Q1,A3007,Abhishek Gupta,Chat Frontline,VA-EB-PL1,500.0,GW-OTHER,CANCEL,CANCEL,cancelled before dispatch,N,False,False,0.0,False
TK-250762,2026-03,2026Q1,A3034,Tanvi Rathore,Billing,VA-EB-AIR,1439.0,DUP-PAYMENT,DUP-PAYMENT,,,N,,False,0.0,False
TK-250764,2026-03,2026Q1,A3037,Manish Iyer,Returns Desk,VA-EB-PL2,3499.0,GW-OTHER,RETURN-QC-OK,RETURN-QC-OK,pkp missed,N,False,False,0.0,True
TK-250771,2026-03,2026Q1,A3030,Aishwarya Trivedi,Logistics,VA-SP-ORB,5999.0,LOST-TRANSIT,LOST-TRANSIT,,,N,,False,0.0,False
TK-250779,2026-03,2026Q1,A3035,Dev Kulkarni,Billing,VA-SW-NX1,4749.0,DUP-PAYMENT,DUP-PAYMENT,,,N,,False,0.0,False
TK-250780,2026-03,2026Q1,A3026,Aadhya Deshpande,Voice Frontline,VA-NB-ARC,1234.0,LOST-TRANSIT,LOST-TRANSIT,GW-OTHER,re-shipped from warehouse,N,True,True,880.0,False
TK-250782,2026-03,2026Q1,A3016,Thomas Kumar,Email Frontline,VA-AC-CASE,1299.0,CANCEL,CANCEL,,,N,,False,0.0,False
TK-250792,2026-03,2026Q1,A3002,Steven Ansari,Chat Frontline,VA-AC-CASE,156.0,RETURN-QC-OK,RETURN-QC-OK,,,N,,False,0.0,False
TK-250795,2026-03,2026Q1,A3038,Ankit Dhillon,Returns Desk,VA-AC-CASE,2468.0,RETURN-QC-OK,RETURN-QC-OK,,,N,,False,0.0,False
TK-250813,2026-03,2026Q1,A3010,Tenzin Mathew,Chat Frontline,VA-SW-NX2,926.0,GW-OTHER,CANCEL,CANCEL,want to cancel my order,N,False,False,0.0,True
TK-250814,2026-03,2026Q1,A3019,Kavya Agarwal,Email Frontline,VA-EB-PL2,3149.0,RETURN-QC-OK,RETURN-QC-OK,,,N,,False,0.0,False
TK-250823,2026-03,2026Q1,A3035,Dev Kulkarni,Billing,VA-SP-MINI,1999.0,GW-OTHER,UNCLEAR,UNCLEAR,Contact re rfnd not credited,N,False,False,0.0,True
TK-250827,2026-03,2026Q1,A3016,Thomas Kumar,Email Frontline,VA-EB-PL1,1999.0,DOA-REPL,DOA-REPL,,,Y,,True,1460.0,False
TK-250828,2026-03,2026Q1,A3031,Zaid Desai,Logistics,VA-HP-ST2,3999.0,DOA-REPL,DOA-REPL,LOST-TRANSIT,box was crushed and the Strata 2 is cracked,N,True,True,2440.0,False
TK-250829,2026-03,2026Q1,A3034,Tanvi Rathore,Billing,VA-EB-PL2,3324.0,DUP-PAYMENT,DUP-PAYMENT,,,N,,False,0.0,False
TK-250833,2026-03,2026Q1,A3029,Rajat Mukherjee,Logistics,VA-SW-FIT,1999.0,WTY-BUYBACK,WTY-BUYBACK,LOST-TRANSIT,refund initiated as lost in transit,Y,True,True,1190.0,False
TK-250852,2026-03,2026Q1,A3035,Dev Kulkarni,Billing,VA-HP-ST3,665.0,DUP-PAYMENT,DUP-PAYMENT,,,N,,False,0.0,False
TK-250857,2026-03,2026Q1,A3026,Aadhya Deshpande,Voice Frontline,VA-EB-AIR,1799.0,DUP-PAYMENT,DUP-PAYMENT,,,N,,False,0.0,False
TK-250860,2026-03,2026Q1,A3035,Dev Kulkarni,Billing,VA-EB-PL2,332.0,RETURN-QC-OK,RETURN-QC-OK,,,N,,False,0.0,False
TK-250866,2026-03,2026Q1,A3002,Steven Ansari,Chat Frontline,VA-AC-CH65,2848.0,DUP-PAYMENT,DUP-PAYMENT,,,N,,False,0.0,False
TK-250877,2026-03,2026Q1,A3033,Vikram Banerjee,Billing,VA-EB-AIR,2878.0,GW-OTHER,DUP-PAYMENT,DUP-PAYMENT,amount deducted without ord,N,False,False,0.0,True
TK-250880,2026-03,2026Q1,A3021,Meera Mathew,Email Frontline,VA-EB-PL2,525.0,GW-OTHER,CANCEL,CANCEL,Ticket raised for cancel order,N,False,False,0.0,True
TK-250884,2026-03,2026Q1,A3006,Varun Bhatt,Chat Frontline,VA-EB-PL2,2974.0,CANCEL,CANCEL,,,N,,False,0.0,False
TK-250886,2026-03,2026Q1,A3041,Mohammed Mehta,Escalations & Warranty,VA-SW-NX2,12348.0,GW-OTHER,GW-OTHER,GW-OTHER,Sent a new unit and released the money,Y,True,True,2790.0,True
TK-250889,2026-03,2026Q1,A3035,Dev Kulkarni,Billing,VA-HP-ST3,1400.0,DUP-PAYMENT,DUP-PAYMENT,,,N,,False,0.0,False
TK-250890,2026-03,2026Q1,A3036,Ritika D'Souza,Returns Desk,VA-EB-PL2,280.0,RETURN-QC-OK,RETURN-QC-OK,,,N,,False,0.0,False
TK-250891,2026-03,2026Q1,A3035,Dev Kulkarni,Billing,VA-SW-FIT,3198.0,GW-OTHER,DUP-PAYMENT,DUP-PAYMENT,Ticket raised for duplicate payment,N,False,False,0.0,True
TK-250899,2026-03,2026Q1,A3006,Varun Bhatt,Chat Frontline,VA-AC-CBL,359.0,CANCEL,CANCEL,,,N,,False,0.0,False
TK-250905,2026-03,2026Q1,A3024,Amit Deshpande,Voice Frontline,VA-EB-PL2,3324.0,DUP-PAYMENT,DUP-PAYMENT,,,N,,False,0.0,False
TK-250906,2026-03,2026Q1,A3030,Aishwarya Trivedi,Logistics,VA-SP-ORB,5999.0,GW-OTHER,GW-OTHER,GW-OTHER,Refund done and new unit sent,N,True,True,2640.0,True
TK-250922,2026-03,2026Q1,A3006,Varun Bhatt,Chat Frontline,VA-SP-ORB,2160.0,GW-OTHER,DUP-PAYMENT,DUP-PAYMENT,"payment debited, no order",N,False,False,0.0,True
TK-250932,2026-03,2026Q1,A3030,Aishwarya Trivedi,Logistics,VA-SP-MINI,2124.0,DOA-REPL,DOA-REPL,,,N,,False,0.0,False
TK-250948,2026-03,2026Q1,A3039,Reyansh Mishra,Escalations & Warranty,VA-EB-PL1,2499.0,GW-OTHER,WTY-BUYBACK,WTY-BUYBACK,"replacement declined by cx, refund issued instead",N,False,False,0.0,True
TK-250954,2026-03,2026Q1,A3030,Aishwarya Trivedi,Logistics,VA-AC-CBL,359.0,GW-OTHER,GW-OTHER,GW-OTHER,wrong variant rcvd. Verified ord vs delivered item photos. Full refund processed,N,False,False,0.0,False
TK-250967,2026-03,2026Q1,A3015,Sameer Jadhav,Chat Frontline,VA-HP-ST2,425.0,CANCEL,CANCEL,,,N,,False,0.0,False
TK-250970,2026-03,2026Q1,A3016,Thomas Kumar,Email Frontline,VA-SP-MINI,450.0,RETURN-QC-OK,RETURN-QC-OK,,,N,,False,0.0,False
TK-250974,2026-03,2026Q1,A3028,Sameer Kapoor,Logistics,VA-EB-PL2,3499.0,GW-OTHER,LOST-TRANSIT,LOST-TRANSIT,cx says order not delivered. raised ticket with crr partner. replacement raised,Y,True,True,1820.0,True
TK-250975,2026-03,2026Q1,A3037,Manish Iyer,Returns Desk,VA-EB-PL2,2799.0,RETURN-QC-OK,RETURN-QC-OK,,,N,,False,0.0,False
TK-250977,2026-03,2026Q1,A3006,Varun Bhatt,Chat Frontline,VA-EB-PL2,3499.0,GW-OTHER,GW-OTHER,GW-OTHER,reset resolved. issue: right side silent. issued refund + replacement both,Y,True,True,1820.0,True
TK-250980,2026-03,2026Q1,A3011,Rohit Gill,Chat Frontline,VA-EB-PL2,3149.0,DUP-PAYMENT,DUP-PAYMENT,,,N,,False,0.0,False
TK-250988,2026-03,2026Q1,A3030,Aishwarya Trivedi,Logistics,VA-SW-NX2,6174.0,GW-OTHER,CANCEL,CANCEL,Cancelled before dispatch. Refunded Rs 6174,N,False,False,0.0,True
TK-251001,2026-03,2026Q1,A3035,Dev Kulkarni,Billing,VA-EB-PL2,3499.0,GW-OTHER,CANCEL,CANCEL,Canceleld before dispatch. rffnd of Rs 3499 initiiated,N,False,False,0.0,True
TK-251013,2026-03,2026Q1,A3031,Zaid Desai,Logistics,VA-EB-PL2,3324.0,RETURN-QC-OK,RETURN-QC-OK,,,N,,False,0.0,False
TK-251017,2026-03,2026Q1,A3032,Sneha Bansal,Billing,VA-SW-NX2,520.0,GW-OTHER,DUP-PAYMENT,DUP-PAYMENT,"payment debited, no order. refunded rs 520",N,False,False,0.0,True
TK-251021,2026-03,2026Q1,A3035,Dev Kulkarni,Billing,VA-EB-PL1,500.0,GW-OTHER,CANCEL,CANCEL,Cancelled before dispatch. rfnd approved,N,False,False,0.0,False
TK-251027,2026-03,2026Q1,A3035,Dev Kulkarni,Billing,VA-SP-MINI,2374.0,DUP-PAYMENT,DUP-PAYMENT,,,N,,False,0.0,False
TK-251031,2026-03,2026Q1,A3014,Anjali D'Souza,Chat Frontline,VA-HP-ST3,6649.0,GW-OTHER,GW-OTHER,GW-OTHER,Replacement raised after test. Issue: poor battery backup. Reversed the payment & dispatched a new one,Y,True,True,2990.0,True
TK-251042,2026-03,2026Q1,A3028,Sameer Kapoor,Logistics,VA-SP-MINI,2499.0,GW-OTHER,LOST-TRANSIT,LOST-TRANSIT,damaged in transit,N,True,True,1320.0,True
TK-251044,2026-03,2026Q1,A3038,Ankit Dhillon,Returns Desk,VA-EB-PL2,1260.0,RETURN-QC-OK,RETURN-QC-OK,,,N,,False,0.0,False
TK-251059,2026-03,2026Q1,A3018,Krishna Bhatt,Email Frontline,VA-AC-CASE,208.0,CANCEL,CANCEL,,,N,,False,0.0,False
TK-251070,2026-03,2026Q1,A3018,Krishna Bhatt,Email Frontline,VA-EB-PL2,3499.0,GW-OTHER,CANCEL,CANCEL,cancelled beore dispatch -> full refund processed,N,False,False,0.0,True
TK-251081,2026-03,2026Q1,A3037,Manish Iyer,Returns Desk,VA-SW-NX2,6174.0,RETURN-QC-OK,RETURN-QC-OK,,,N,,False,0.0,False
TK-251094,2026-03,2026Q1,A3033,Vikram Banerjee,Billing,VA-EB-PL2,3499.0,GW-OTHER,DUP-PAYMENT,DUP-PAYMENT,charged twice. chk pg for duplicate txn. full refund processed,N,False,False,0.0,True
TK-251107,2026-03,2026Q1,A3031,Zaid Desai,Logistics,VA-EB-PL2,280.0,DUP-PAYMENT,DUP-PAYMENT,,,N,,False,0.0,False
TK-251115,2026-03,2026Q1,A3031,Zaid Desai,Logistics,VA-EB-PL2,665.0,GW-OTHER,GW-OTHER,GW-OTHER,"Incorrect product shipped. Refund issued, cx did not want replacement.",N,False,False,0.0,True
TK-251127,2026-03,2026Q1,A3033,Vikram Banerjee,Billing,VA-SW-FIT,300.0,DUP-PAYMENT,DUP-PAYMENT,,,N,,False,0.0,False
TK-251139,2026-03,2026Q1,A3009,Sukhwinder Singh,Chat Frontline,VA-EB-PL2,3149.0,GW-OTHER,GW-OTHER,GW-OTHER,Customer states poor battery backup. rfnd done & new unit sent as one-time gesture.,N,True,True,1820.0,True
TK-251146,2026-03,2026Q1,A3026,Aadhya Deshpande,Voice Frontline,VA-EB-PL2,3499.0,GW-OTHER,GW-OTHER,GW-OTHER,"rfnd + rplc, cx escalation avoided.",N,True,True,1820.0,True
TK-251151,2026-03,2026Q1,A3032,Sneha Bansal,Billing,VA-EB-PL2,3324.0,GW-OTHER,UNCLEAR,UNCLEAR,refund not reecived yet,N,False,False,0.0,True
TK-251158,2026-03,2026Q1,A3038,Ankit Dhillon,Returns Desk,VA-AC-CBL,72.0,RETURN-QC-OK,RETURN-QC-OK,,,N,,False,0.0,False
TK-251174,2026-03,2026Q1,A3036,Ritika D'Souza,Returns Desk,VA-EB-PL2,700.0,RETURN-QC-OK,RETURN-QC-OK,,,N,,False,0.0,False
TK-251186,2026-03,2026Q1,A3038,Ankit Dhillon,Returns Desk,VA-EB-PL2,446.0,GW-OTHER,RETURN-QC-OK,RETURN-QC-OK,Pickup not done. Re-raised pickup w/ crr. Refund of Rs 446 initiated,N,False,False,0.0,False
TK-251191,2026-03,2026Q1,A3030,Aishwarya Trivedi,Logistics,VA-EB-PL2,3499.0,DOA-REPL,DOA-REPL,LOST-TRANSIT,"Damaged in transit. Photos received, damage confirmed. Full rfnd processed",N,False,False,0.0,False
TK-251200,2026-03,2026Q1,A3027,Priya Agarwal,Logistics,VA-EB-PL1,2124.0,GW-OTHER,RETURN-QC-OK,RETURN-QC-OK,Reverse pickup pending. Re-raised pickup with courier. Refunded Rs 2124,N,False,False,0.0,True
TK-251208,2026-03,2026Q1,A3038,Ankit Dhillon,Returns Desk,VA-EB-PL1,400.0,RETURN-QC-OK,RETURN-QC-OK,,,N,,False,0.0,False
TK-251209,2026-03,2026Q1,A3027,Priya Agarwal,Logistics,VA-EB-PL2,2974.0,LOST-TRANSIT,LOST-TRANSIT,,,N,,False,0.0,False
TK-251212,2026-03,2026Q1,A3033,Vikram Banerjee,Billing,VA-HP-ST3,6649.0,DUP-PAYMENT,DUP-PAYMENT,,,N,,False,0.0,False
TK-251219,2026-03,2026Q1,A3035,Dev Kulkarni,Billing,VA-SW-NX1,8498.0,PRICE-ADJ,PRICE-ADJ,,,N,,False,0.0,False
TK-251237,2026-03,2026Q1,A3020,Aadhya Singh,Email Frontline,VA-AC-CASE,104.0,GW-OTHER,CANCEL,CANCEL,"ordered the wrong colour, don't ship it. refund approved",N,False,False,0.0,False
TK-251241,2026-03,2026Q1,A3038,Ankit Dhillon,Returns Desk,VA-SW-NX2,6499.0,RETURN-QC-OK,RETURN-QC-OK,,,N,,False,0.0,False
TK-251244,2026-03,2026Q1,A3018,Krishna Bhatt,Email Frontline,VA-AC-CASE,650.0,DUP-PAYMENT,DUP-PAYMENT,,,N,,False,0.0,False
TK-251247,2026-03,2026Q1,A3040,Thomas Jadhav,Escalations & Warranty,VA-EB-AIR,1529.0,WTY-BUYBACK,WTY-BUYBACK,GW-OTHER,poor battery backup. Reversed the payment & dispatched a new one under RMA.,N,True,True,1100.0,False
TK-251248,2026-03,2026Q1,A3005,Payal Bhatia,Chat Frontline,VA-SW-NX1,4999.0,GW-OTHER,GW-OTHER,GW-OTHER,"Reset done, paired ok. rfnd + rplc",Y,True,True,2240.0,True
TK-251265,2026-03,2026Q1,A3040,Thomas Jadhav,Escalations & Warranty,VA-EB-PL2,3324.0,GW-OTHER,GW-OTHER,GW-OTHER,"warranty claim status. Cx got the amount back, also sending a new set",N,True,True,1820.0,True
TK-251274,2026-03,2026Q1,A3037,Manish Iyer,Returns Desk,VA-EB-PL2,2974.0,GW-OTHER,RETURN-QC-OK,RETURN-QC-OK,issue: pickup not done. re-raised pickup w/ courier. rfnd approved,N,False,False,0.0,True
TK-251282,2026-03,2026Q1,A3038,Ankit Dhillon,Returns Desk,VA-AC-CASE,110.0,GW-OTHER,RETURN-QC-OK,RETURN-QC-OK,checked reverse pickup qc status -> refunded rs 110,N,False,False,0.0,False
TK-251284,2026-03,2026Q1,A3031,Zaid Desai,Logistics,VA-EB-PL2,1662.0,GW-OTHER,LOST-TRANSIT,LOST-TRANSIT,"Issue: transit damage. Photos received, damage confirmed.",Y,False,True,1662.0,True
TK-251307,2026-03,2026Q1,A3034,Tanvi Rathore,Billing,VA-EB-PL1,2499.0,GW-OTHER,DUP-PAYMENT,DUP-PAYMENT,"cx says payment debited, no order.",N,False,False,0.0,True
TK-251308,2026-03,2026Q1,A3031,Zaid Desai,Logistics,VA-SW-NX2,6499.0,LOST-TRANSIT,LOST-TRANSIT,LOST-TRANSIT,"RTO confirmed, reshipped.",N,True,True,2790.0,False
TK-251319,2026-03,2026Q1,A3024,Amit Deshpande,Voice Frontline,VA-NB-ARC,1299.0,WTY-BUYBACK,WTY-BUYBACK,,,Y,,True,880.0,False
TK-251320,2026-03,2026Q1,A3039,Reyansh Mishra,Escalations & Warranty,VA-EB-PL2,6998.0,WTY-BUYBACK,WTY-BUYBACK,WTY-BUYBACK,checked rma status -> full refund processed,N,False,False,0.0,False
TK-251321,2026-03,2026Q1,A3037,Manish Iyer,Returns Desk,VA-EB-PL2,6998.0,RETURN-QC-OK,RETURN-QC-OK,RETURN-QC-OK,chk reverse pickup qc status.,N,False,False,0.0,False
TK-251323,2026-03,2026Q1,A3011,Rohit Gill,Chat Frontline,VA-EB-PL2,2974.0,DUP-PAYMENT,DUP-PAYMENT,,,N,,False,0.0,False
TK-251331,2026-03,2026Q1,A3030,Aishwarya Trivedi,Logistics,VA-EB-PL1,1999.0,GW-OTHER,LOST-TRANSIT,LOST-TRANSIT,Contact re shipment not received.,N,False,False,0.0,True
TK-251335,2026-03,2026Q1,A3014,Anjali D'Souza,Chat Frontline,VA-EB-AIR,3058.0,DOA-REPL,DOA-REPL,GW-OTHER,"Reset resolved. Cx got the amount back, also sending a new set",N,True,True,1100.0,False
TK-251336,2026-03,2026Q1,A3030,Aishwarya Trivedi,Logistics,VA-EB-PL1,2499.0,RETURN-QC-OK,RETURN-QC-OK,RETURN-QC-OK,Checked pkp AWB. Refund approved,N,False,False,0.0,False
TK-251337,2026-03,2026Q1,A3035,Dev Kulkarni,Billing,VA-EB-AIR,3058.0,CANCEL,CANCEL,,,N,,False,0.0,False
TK-251341,2026-03,2026Q1,A3037,Manish Iyer,Returns Desk,VA-EB-PL1,2499.0,RETURN-QC-OK,RETURN-QC-OK,,,N,,False,0.0,False
TK-251347,2026-03,2026Q1,A3038,Ankit Dhillon,Returns Desk,VA-EB-PL2,3499.0,RETURN-QC-OK,RETURN-QC-OK,,,N,,False,0.0,False
TK-251351,2026-03,2026Q1,A3001,Suresh Kaur,Chat Frontline,VA-HP-ST3,6999.0,PRICE-ADJ,PRICE-ADJ,,,N,,False,0.0,False
TK-251353,2026-03,2026Q1,A3016,Thomas Kumar,Email Frontline,VA-EB-PL1,2499.0,DOA-REPL,DOA-REPL,,,N,,False,0.0,False
TK-251356,2026-03,2026Q1,A3032,Sneha Bansal,Billing,VA-EB-AIR,360.0,CANCEL,CANCEL,,,N,,False,0.0,False
TK-251358,2026-03,2026Q1,A3039,Reyansh Mishra,Escalations & Warranty,VA-EB-PL2,2799.0,DOA-REPL,DOA-REPL,,,N,,False,0.0,False
TK-251360,2026-03,2026Q1,A3003,Komal Singh,Chat Frontline,VA-AC-CASE,1234.0,DUP-PAYMENT,DUP-PAYMENT,,,N,,False,0.0,False
TK-251369,2026-03,2026Q1,A3037,Manish Iyer,Returns Desk,VA-SW-NX2,5199.0,GW-OTHER,RETURN-QC-OK,RETURN-QC-OK,checked reverse pkp qc status -> rfnd approved,N,False,False,0.0,True
TK-251373,2026-03,2026Q1,A3018,Krishna Bhatt,Email Frontline,VA-EB-PL2,2974.0,CANCEL,CANCEL,,,N,,False,0.0,False
TK-251374,2026-03,2026Q1,A3029,Rajat Mukherjee,Logistics,VA-HP-ST3,6999.0,RETURN-QC-OK,RETURN-QC-OK,,,N,,False,0.0,False
TK-251375,2026-03,2026Q1,A3036,Ritika D'Souza,Returns Desk,VA-SP-MINI,2499.0,RETURN-QC-OK,RETURN-QC-OK,,,N,,False,0.0,False
TK-251377,2026-03,2026Q1,A3037,Manish Iyer,Returns Desk,VA-EB-PL2,3324.0,RETURN-QC-OK,RETURN-QC-OK,RETURN-QC-OK,checked refund status on pg,N,False,False,0.0,False
TK-251380,2026-03,2026Q1,A3037,Manish Iyer,Returns Desk,VA-HP-ST2,3999.0,GW-OTHER,RETURN-QC-OK,RETURN-QC-OK,chk reverse pickup qc status,N,False,False,0.0,True
TK-251387,2026-03,2026Q1,A3033,Vikram Banerjee,Billing,VA-AC-CBL,638.0,GW-OTHER,DUP-PAYMENT,DUP-PAYMENT,"payment debited, no ord",N,False,False,0.0,True
TK-251395,2026-03,2026Q1,A3033,Vikram Banerjee,Billing,VA-EB-PL2,3324.0,RETURN-QC-OK,RETURN-QC-OK,,,N,,False,0.0,False
TK-251397,2026-03,2026Q1,A3035,Dev Kulkarni,Billing,VA-AC-CASE,1299.0,DUP-PAYMENT,DUP-PAYMENT,,,N,,False,0.0,False
TK-251401,2026-03,2026Q1,A3015,Sameer Jadhav,Chat Frontline,VA-EB-AIR,900.0,GW-OTHER,CANCEL,CANCEL,Issue: cancellation request. Cancelled before dispatch.,N,False,False,0.0,True
TK-251408,2026-03,2026Q1,A3019,Kavya Agarwal,Email Frontline,VA-AC-CH65,1199.0,GW-OTHER,DUP-PAYMENT,DUP-PAYMENT,"payment debited, no ord",N,False,False,0.0,True
TK-251410,2026-03,2026Q1,A3010,Tenzin Mathew,Chat Frontline,VA-HP-ST3,5599.0,GW-OTHER,GW-OTHER,GW-OTHER,Reset resolved. Cx informed. -- Payment reversed... New piece dispatched,Y,True,True,2990.0,True
TK-251413,2026-03,2026Q1,A3030,Aishwarya Trivedi,Logistics,VA-SW-NX2,5524.0,DOA-REPL,DOA-REPL,LOST-TRANSIT,unit received damaged. Checked w/ crr for damage claim,N,False,False,0.0,False
TK-251436,2026-03,2026Q1,A3019,Kavya Agarwal,Email Frontline,VA-HP-ST3,1120.0,DOA-REPL,DOA-REPL,,,N,,False,0.0,False
TK-251438,2026-03,2026Q1,A3005,Payal Bhatia,Chat Frontline,VA-AC-CH65,1199.0,GW-OTHER,RETURN-QC-OK,RETURN-QC-OK,Checked reverse pickup QC status,N,False,False,0.0,True
TK-251443,2026-03,2026Q1,A3013,Rohit Nair,Chat Frontline,VA-SP-ORB,5399.0,GW-OTHER,LOST-TRANSIT,LOST-TRANSIT,courier marked it delivered but nobody in my house got anything,N,False,False,0.0,True
TK-251451,2026-03,2026Q1,A3036,Ritika D'Souza,Returns Desk,VA-EB-PL2,560.0,GW-OTHER,RETURN-QC-OK,RETURN-QC-OK,Checked reverse pickup QC status.,N,False,False,0.0,True
TK-251456,2026-03,2026Q1,A3036,Ritika D'Souza,Returns Desk,VA-AC-CASE,1104.0,RETURN-QC-OK,RETURN-QC-OK,,,N,,False,0.0,False
TK-251459,2026-03,2026Q1,A3035,Dev Kulkarni,Billing,VA-EB-PL2,2799.0,DUP-PAYMENT,DUP-PAYMENT,,,N,,False,0.0,False
TK-251463,2026-03,2026Q1,A3035,Dev Kulkarni,Billing,VA-EB-PL2,3149.0,GW-OTHER,DUP-PAYMENT,DUP-PAYMENT,amount deducted without ord.,N,False,False,0.0,True
TK-251467,2026-03,2026Q1,A3003,Komal Singh,Chat Frontline,VA-EB-PL2,1487.0,CANCEL,CANCEL,,,N,,False,0.0,False
TK-251470,2026-03,2026Q1,A3038,Ankit Dhillon,Returns Desk,VA-SW-NX2,6174.0,RETURN-QC-OK,RETURN-QC-OK,,,N,,False,0.0,False
TK-251472,2026-03,2026Q1,A3029,Rajat Mukherjee,Logistics,VA-EB-PL2,3324.0,DOA-REPL,DOA-REPL,LOST-TRANSIT,refund initiated as lost in transit... both refund and replacement given,N,True,True,1820.0,False
TK-251476,2026-03,2026Q1,A3031,Zaid Desai,Logistics,VA-AC-CASE,1299.0,DOA-REPL,DOA-REPL,GW-OTHER,incorrect product shipped. Issued refund + replacement both,Y,True,True,960.0,False
TK-251484,2026-03,2026Q1,A3033,Vikram Banerjee,Billing,VA-EB-AIR,1799.0,GW-OTHER,PRICE-ADJ,PRICE-ADJ,promo code invalid... refunded rs 1799,N,False,False,0.0,True
TK-251493,2026-03,2026Q1,A3035,Dev Kulkarni,Billing,VA-SP-ORB,1080.0,DUP-PAYMENT,DUP-PAYMENT,,,N,,False,0.0,False
TK-251494,2026-03,2026Q1,A3035,Dev Kulkarni,Billing,VA-SW-NX2,1170.0,GW-OTHER,DUP-PAYMENT,DUP-PAYMENT,amount deducted without ord. chk PG dashboard,N,False,False,0.0,True
TK-251500,2026-03,2026Q1,A3036,Ritika D'Souza,Returns Desk,VA-HP-ST2,2500.0,GW-OTHER,UNCLEAR,UNCLEAR,done (SOP 3.1),N,False,False,0.0,True
TK-251513,2026-03,2026Q1,A3038,Ankit Dhillon,Returns Desk,VA-EB-PL1,2499.0,RETURN-QC-OK,RETURN-QC-OK,,,N,,False,0.0,False
TK-251515,2026-03,2026Q1,A3038,Ankit Dhillon,Returns Desk,VA-EB-PL2,5598.0,RETURN-QC-OK,RETURN-QC-OK,RETURN-QC-OK,Reverse pickup pending... Refunded Rs 5598,N,False,False,0.0,False
TK-251519,2026-03,2026Q1,A3007,Abhishek Gupta,Chat Frontline,VA-SP-ORB,5699.0,GW-OTHER,GW-OTHER,GW-OTHER,connection dropping... full rfnd processed,N,False,False,0.0,True
TK-251523,2026-03,2026Q1,A3035,Dev Kulkarni,Billing,VA-EB-PL2,1487.0,GW-OTHER,DUP-PAYMENT,DUP-PAYMENT,cx states charged twice. conf UTRs. rfnd approved,N,False,False,0.0,True
TK-251537,2026-03,2026Q1,A3003,Komal Singh,Chat Frontline,VA-EB-PL2,3149.0,WTY-BUYBACK,WTY-BUYBACK,GW-OTHER,FW update adv... Money back to source and a fresh pair shipped,Y,True,True,1820.0,False
TK-251542,2026-03,2026Q1,A3039,Reyansh Mishra,Escalations & Warranty,VA-SW-NX1,3999.0,DOA-REPL,DOA-REPL,WTY-BUYBACK,strap pin issue... full refund processed (3999) (sop 5.4),N,False,False,0.0,False
TK-251555,2026-03,2026Q1,A3018,Krishna Bhatt,Email Frontline,VA-SP-MINI,500.0,CANCEL,CANCEL,,,N,,False,0.0,False
TK-251559,2026-03,2026Q1,A3036,Ritika D'Souza,Returns Desk,VA-EB-PL1,2249.0,RETURN-QC-OK,RETURN-QC-OK,RETURN-QC-OK,refund delay. Checked reverse picckup QC status. Refuund,N,False,False,0.0,False
TK-251570,2026-03,2026Q1,A3037,Manish Iyer,Returns Desk,VA-SW-FIT,1000.0,RETURN-QC-OK,RETURN-QC-OK,,,N,,False,0.0,False
TK-251571,2026-03,2026Q1,A3017,Kabir Singh,Email Frontline,VA-NB-ARC,1299.0,WTY-BUYBACK,WTY-BUYBACK,GW-OTHER,full rfnd issued & rplc dispatched as goodwill,Y,True,True,880.0,False
TK-251598,2026-03,2026Q1,A3030,Aishwarya Trivedi,Logistics,VA-SP-MINI,4248.0,LOST-TRANSIT,LOST-TRANSIT,LOST-TRANSIT,dlvry delayed. Raised ticket with courier,N,False,False,0.0,False
TK-251601,2026-03,2026Q1,A3005,Payal Bhatia,Chat Frontline,VA-SW-FIT,1899.0,GW-OTHER,DUP-PAYMENT,DUP-PAYMENT,ammount ddeucted without ord. conf with payment gateway,N,False,False,0.0,True
TK-251613,2026-03,2026Q1,A3029,Rajat Mukherjee,Logistics,VA-SW-NX2,5199.0,LOST-TRANSIT,LOST-TRANSIT,,,N,,False,0.0,False
TK-251620,2026-03,2026Q1,A3013,Rohit Nair,Chat Frontline,VA-NB-ARC,1299.0,GW-OTHER,GW-OTHER,GW-OTHER,connection droppping... refunded rs 1299 and also raised replacement,Y,True,True,880.0,True
TK-251630,2026-03,2026Q1,A3036,Ritika D'Souza,Returns Desk,VA-SP-MINI,2249.0,DUP-PAYMENT,DUP-PAYMENT,,,N,,False,0.0,False
TK-251633,2026-03,2026Q1,A3014,Anjali D'Souza,Chat Frontline,VA-SW-FIT,1999.0,GW-OTHER,GW-OTHER,GW-OTHER,Re-pair successful... rfnd processed to source; rplc unit also shipped,N,True,True,1190.0,True
TK-251635,2026-03,2026Q1,A3016,Thomas Kumar,Email Frontline,VA-EB-PL1,2499.0,DOA-REPL,DOA-REPL,GW-OTHER,Walked through reset. Refunded Rs 2499,Y,False,True,1460.0,False
TK-251638,2026-03,2026Q1,A3034,Tanvi Rathore,Billing,VA-EB-PL2,2799.0,GW-OTHER,DUP-PAYMENT,DUP-PAYMENT,sorted,N,False,False,0.0,True
TK-251644,2026-04,2026Q2,A3038,Ankit Dhillon,Returns Desk,VA-EB-PL2,630.0,GW-OTHER,RETURN-QC-OK,RETURN-QC-OK,Refund delay. Checked refund status on PG. Full refund processed,N,False,False,0.0,True
TK-251655,2026-04,2026Q2,A3030,Aishwarya Trivedi,Logistics,VA-EB-PL2,3499.0,WTY-BUYBACK,WTY-BUYBACK,LOST-TRANSIT,package not delivered... Issued rfnd + replacement both,Y,True,True,1820.0,False
TK-251666,2026-03,2026Q1,A3035,Dev Kulkarni,Billing,VA-HP-ST2,4499.0,DUP-PAYMENT,DUP-PAYMENT,,,N,,False,0.0,False
TK-251690,2026-03,2026Q1,A3018,Krishna Bhatt,Email Frontline,VA-EB-AIR,720.0,CANCEL,CANCEL,,,N,,False,0.0,False
TK-251701,2026-04,2026Q2,A3036,Ritika D'Souza,Returns Desk,VA-SW-FIT,160.0,RETURN-QC-OK,RETURN-QC-OK,,,N,,False,0.0,False
TK-251705,2026-03,2026Q1,A3035,Dev Kulkarni,Billing,VA-EB-AIR,810.0,CANCEL,CANCEL,,,N,,False,0.0,False
TK-251706,2026-03,2026Q1,A3004,Geeta Dutta,Chat Frontline,VA-EB-PL2,3499.0,GW-OTHER,GW-OTHER,GW-OTHER,sorted. | processed fr and raised rma for new set,Y,True,True,1820.0,True
TK-251708,2026-04,2026Q2,A3030,Aishwarya Trivedi,Logistics,VA-EB-PL2,2974.0,GW-OTHER,LOST-TRANSIT,LOST-TRANSIT,Refund initiated as lost in transit. | Refund processed to source; replacement unit also shipped,N,True,True,1820.0,True
TK-251720,2026-04,2026Q2,A3033,Vikram Banerjee,Billing,VA-EB-PL2,3324.0,GW-OTHER,DUP-PAYMENT,DUP-PAYMENT,amount deducted without order,N,False,False,0.0,True
TK-251723,2026-04,2026Q2,A3020,Aadhya Singh,Email Frontline,VA-AC-CBL,144.0,GW-OTHER,CANCEL,CANCEL,cancelled before dispatch. full rfnd processed,N,False,False,0.0,False
TK-251724,2026-04,2026Q2,A3007,Abhishek Gupta,Chat Frontline,VA-EB-AIR,900.0,CANCEL,CANCEL,,,N,,False,0.0,False
TK-251725,2026-04,2026Q2,A3034,Tanvi Rathore,Billing,VA-AC-CBL,399.0,DUP-PAYMENT,DUP-PAYMENT,,,N,,False,0.0,False
TK-251727,2026-04,2026Q2,A3037,Manish Iyer,Returns Desk,VA-EB-PL2,525.0,RETURN-QC-OK,RETURN-QC-OK,,,N,,False,0.0,False
TK-251729,2026-04,2026Q2,A3018,Krishna Bhatt,Email Frontline,VA-SP-MINI,2374.0,DUP-PAYMENT,DUP-PAYMENT,,,N,,False,0.0,False
TK-251738,2026-04,2026Q2,A3026,Aadhya Deshpande,Voice Frontline,VA-EB-AIR,1439.0,GW-OTHER,PRICE-ADJ,PRICE-ADJ,re: discount not applied,N,False,False,0.0,True
TK-251760,2026-04,2026Q2,A3035,Dev Kulkarni,Billing,VA-SW-FIT,300.0,PRICE-ADJ,PRICE-ADJ,,,N,,False,0.0,False
TK-251770,2026-04,2026Q2,A3028,Sameer Kapoor,Logistics,VA-SW-FIT,1999.0,LOST-TRANSIT,LOST-TRANSIT,,,N,,False,0.0,False
TK-251777,2026-04,2026Q2,A3032,Sneha Bansal,Billing,VA-SP-ORB,4799.0,GW-OTHER,DUP-PAYMENT,DUP-PAYMENT,"payment debited, no ord",N,False,False,0.0,True
TK-251798,2026-04,2026Q2,A3012,Lakshmi Srivastava,Chat Frontline,VA-SW-FIT,400.0,CANCEL,CANCEL,,,N,,False,0.0,False
TK-251802,2026-04,2026Q2,A3035,Dev Kulkarni,Billing,VA-EB-PL1,475.0,DUP-PAYMENT,DUP-PAYMENT,,,N,,False,0.0,False
TK-251804,2026-04,2026Q2,A3034,Tanvi Rathore,Billing,VA-EB-PL1,2124.0,DUP-PAYMENT,DUP-PAYMENT,,,N,,False,0.0,False
TK-251806,2026-04,2026Q2,A3032,Sneha Bansal,Billing,VA-SP-MINI,2499.0,DUP-PAYMENT,DUP-PAYMENT,,,N,,False,0.0,False
TK-251809,2026-04,2026Q2,A3037,Manish Iyer,Returns Desk,VA-SW-NX2,552.0,GW-OTHER,RETURN-QC-OK,RETURN-QC-OK,Refund not received yet,N,False,False,0.0,True
TK-251812,2026-04,2026Q2,A3029,Rajat Mukherjee,Logistics,VA-NB-ARC,1299.0,DOA-REPL,DOA-REPL,LOST-TRANSIT,issue: transit damage,N,False,False,0.0,False
TK-251817,2026-04,2026Q2,A3023,Ritika Gaikwad,Voice Frontline,VA-EB-PL2,3149.0,CANCEL,CANCEL,,,N,,False,0.0,False
TK-251818,2026-04,2026Q2,A3039,Reyansh Mishra,Escalations & Warranty,VA-EB-PL2,2799.0,DOA-REPL,DOA-REPL,GW-OTHER,refunded rs 2799 and also raised replacement,N,True,True,1820.0,False
TK-251821,2026-04,2026Q2,A3038,Ankit Dhillon,Returns Desk,VA-EB-PL2,1487.0,RETURN-QC-OK,RETURN-QC-OK,,,N,,False,0.0,False
TK-251823,2026-04,2026Q2,A3011,Rohit Gill,Chat Frontline,VA-HP-ST3,6999.0,CANCEL,CANCEL,,,N,,False,0.0,False
TK-251826,2026-04,2026Q2,A3020,Aadhya Singh,Email Frontline,VA-AC-CBL,80.0,DUP-PAYMENT,DUP-PAYMENT,,,N,,False,0.0,False
TK-251828,2026-04,2026Q2,A3037,Manish Iyer,Returns Desk,VA-HP-ST3,6999.0,RETURN-QC-OK,RETURN-QC-OK,,,N,,False,0.0,False
TK-251831,2026-04,2026Q2,A3036,Ritika D'Souza,Returns Desk,VA-HP-ST2,9498.0,GW-OTHER,RETURN-QC-OK,RETURN-QC-OK,chk reverse pickup QC status,N,False,False,0.0,True
TK-251837,2026-04,2026Q2,A3030,Aishwarya Trivedi,Logistics,VA-SW-FIT,340.0,RETURN-QC-OK,RETURN-QC-OK,,,N,,False,0.0,False
TK-251840,2026-04,2026Q2,A3030,Aishwarya Trivedi,Logistics,VA-EB-PL2,3499.0,GW-OTHER,LOST-TRANSIT,LOST-TRANSIT,"RTO confirmed, reshipped. -- Credited full amount, new unit also going out",Y,True,True,1820.0,True
TK-251842,2026-04,2026Q2,A3030,Aishwarya Trivedi,Logistics,VA-HP-ST3,1050.0,LOST-TRANSIT,LOST-TRANSIT,,,N,,False,0.0,False
TK-251849,2026-04,2026Q2,A3015,Sameer Jadhav,Chat Frontline,VA-EB-PL1,2124.0,GW-OTHER,DOA-REPL,DOA-REPL,"Replacement declined by cx, refund issued instead",N,False,False,0.0,True
TK-251853,2026-04,2026Q2,A3038,Ankit Dhillon,Returns Desk,VA-EB-PL2,280.0,RETURN-QC-OK,RETURN-QC-OK,,,N,,False,0.0,False
TK-251856,2026-04,2026Q2,A3034,Tanvi Rathore,Billing,VA-HP-ST3,6999.0,GW-OTHER,UNCLEAR,UNCLEAR,cx ok,N,False,False,0.0,True
TK-251857,2026-04,2026Q2,A3037,Manish Iyer,Returns Desk,VA-EB-PL2,2974.0,GW-OTHER,GW-OTHER,GW-OTHER,issue: wrong variant received,N,False,False,0.0,True
TK-251860,2026-04,2026Q2,A3031,Zaid Desai,Logistics,VA-SW-FIT,1999.0,DOA-REPL,DOA-REPL,,,N,,False,0.0,False
TK-251863,2026-04,2026Q2,A3007,Abhishek Gupta,Chat Frontline,VA-HP-ST2,4249.0,GW-OTHER,UNCLEAR,UNCLEAR,closed,N,False,False,0.0,True
TK-251865,2026-04,2026Q2,A3041,Mohammed Mehta,Escalations & Warranty,VA-SW-NX1,1000.0,GW-OTHER,WTY-BUYBACK,WTY-BUYBACK,Checked wty eligibility | Refunded Rs 1000,N,False,False,0.0,True
TK-251866,2026-04,2026Q2,A3036,Ritika D'Souza,Returns Desk,VA-SP-MINI,2249.0,RETURN-QC-OK,RETURN-QC-OK,,,N,,False,0.0,False
TK-251873,2026-04,2026Q2,A3039,Reyansh Mishra,Escalations & Warranty,VA-EB-PL1,375.0,DOA-REPL,DOA-REPL,GW-OTHER,replacement raised for full set,N,True,True,375.0,False
TK-251880,2026-04,2026Q2,A3017,Kabir Singh,Email Frontline,VA-EB-PL2,3499.0,WTY-BUYBACK,WTY-BUYBACK,GW-OTHER,rfnd done and new unit sent as one-time gesture,Y,True,True,1820.0,False
TK-251900,2026-04,2026Q2,A3037,Manish Iyer,Returns Desk,VA-SW-FIT,1999.0,GW-OTHER,RETURN-QC-OK,RETURN-QC-OK,chk reverse pkp qc status,N,False,False,0.0,True
TK-251905,2026-04,2026Q2,A3032,Sneha Bansal,Billing,VA-SW-FIT,1999.0,GW-OTHER,DUP-PAYMENT,DUP-PAYMENT,"payment debited, no ord",N,False,False,0.0,True
TK-251908,2026-04,2026Q2,A3033,Vikram Banerjee,Billing,VA-EB-PL2,499.0,PRICE-ADJ,PRICE-ADJ,,,N,,False,0.0,False
TK-251925,2026-04,2026Q2,A3031,Zaid Desai,Logistics,VA-EB-AIR,180.0,RETURN-QC-OK,RETURN-QC-OK,RETURN-QC-OK,Checked reverse pickup QC status,N,False,False,0.0,False
TK-251928,2026-04,2026Q2,A3027,Priya Agarwal,Logistics,VA-EB-PL2,3324.0,GW-OTHER,GW-OTHER,GW-OTHER,wrong item delivered,N,False,False,0.0,True
TK-251939,2026-04,2026Q2,A3038,Ankit Dhillon,Returns Desk,VA-SW-NX1,2500.0,RETURN-QC-OK,RETURN-QC-OK,,,N,,False,0.0,False
TK-251940,2026-04,2026Q2,A3026,Aadhya Deshpande,Voice Frontline,VA-EB-PL2,2799.0,CANCEL,CANCEL,,,N,,False,0.0,False
TK-251952,2026-04,2026Q2,A3036,Ritika D'Souza,Returns Desk,VA-SW-NX2,6174.0,WTY-BUYBACK,WTY-BUYBACK,GW-OTHER,Refunded Rs 6174 and also raised replacement,N,True,True,2790.0,False
TK-251954,2026-04,2026Q2,A3032,Sneha Bansal,Billing,VA-SP-MINI,1999.0,RETURN-QC-OK,RETURN-QC-OK,,,N,,False,0.0,False
TK-251955,2026-04,2026Q2,A3035,Dev Kulkarni,Billing,VA-EB-PL1,2499.0,GW-OTHER,DUP-PAYMENT,DUP-PAYMENT,"Ticket raised for payment debited, no ord",N,False,False,0.0,True
TK-251959,2026-04,2026Q2,A3015,Sameer Jadhav,Chat Frontline,VA-EB-PL2,3324.0,PRICE-ADJ,PRICE-ADJ,,,N,,False,0.0,False
TK-251965,2026-04,2026Q2,A3038,Ankit Dhillon,Returns Desk,VA-EB-AIR,1799.0,RETURN-QC-OK,RETURN-QC-OK,,,N,,False,0.0,False
TK-251970,2026-04,2026Q2,A3038,Ankit Dhillon,Returns Desk,VA-EB-PL2,3499.0,PRICE-ADJ,PRICE-ADJ,,,N,,False,0.0,False
TK-251988,2026-04,2026Q2,A3018,Krishna Bhatt,Email Frontline,VA-EB-PL2,6998.0,GW-OTHER,CANCEL,CANCEL,cancellation request | checked shipment status -> refund,N,False,False,0.0,True
TK-251991,2026-04,2026Q2,A3030,Aishwarya Trivedi,Logistics,VA-EB-AIR,1799.0,DOA-REPL,DOA-REPL,LOST-TRANSIT,dlvry delayed. Raised ticket w/ crr partner.,Y,True,True,1100.0,False
TK-251996,2026-04,2026Q2,A3036,Ritika D'Souza,Returns Desk,VA-EB-PL2,3499.0,RETURN-QC-OK,RETURN-QC-OK,,,N,,False,0.0,False
TK-252004,2026-04,2026Q2,A3037,Manish Iyer,Returns Desk,VA-EB-PL2,1487.0,GW-OTHER,RETURN-QC-OK,RETURN-QC-OK,The return was accepted but the amount is nowhere,N,False,False,0.0,True
TK-252010,2026-04,2026Q2,A3031,Zaid Desai,Logistics,VA-HP-ST3,6999.0,GW-OTHER,LOST-TRANSIT,LOST-TRANSIT,Issue: order not delivered. Confirmed address. refund + rplc,Y,True,True,2990.0,True
TK-252020,2026-04,2026Q2,A3036,Ritika D'Souza,Returns Desk,VA-EB-PL2,3499.0,GW-OTHER,RETURN-QC-OK,RETURN-QC-OK,Cx says pkp not done. Checked pkp AWB. Refunded,N,False,False,0.0,True
TK-252024,2026-04,2026Q2,A3027,Priya Agarwal,Logistics,VA-EB-PL1,2499.0,GW-OTHER,GW-OTHER,GW-OTHER,Sent a new unit and released the money as well,Y,True,True,1460.0,True
TK-252029,2026-04,2026Q2,A3027,Priya Agarwal,Logistics,VA-HP-ST3,5599.0,DOA-REPL,DOA-REPL,LOST-TRANSIT,Damaged in transit ... Replacement dispatched,N,True,True,2990.0,False
TK-252031,2026-04,2026Q2,A3038,Ankit Dhillon,Returns Desk,VA-EB-PL2,3324.0,RETURN-QC-OK,RETURN-QC-OK,GW-OTHER,Wrong item delivered,N,False,False,0.0,False
TK-252034,2026-04,2026Q2,A3006,Varun Bhatt,Chat Frontline,VA-EB-PL1,2124.0,DOA-REPL,DOA-REPL,,,N,,False,0.0,False
TK-252060,2026-04,2026Q2,A3036,Ritika D'Souza,Returns Desk,VA-EB-AIR,1709.0,RETURN-QC-OK,RETURN-QC-OK,,,N,,False,0.0,False
TK-252063,2026-04,2026Q2,A3036,Ritika D'Souza,Returns Desk,VA-AC-CBL,32.0,GW-OTHER,GW-OTHER,GW-OTHER,Issue: incorrect product shipped.,N,False,False,0.0,False
TK-252071,2026-04,2026Q2,A3030,Aishwarya Trivedi,Logistics,VA-SW-NX1,4999.0,RETURN-QC-OK,RETURN-QC-OK,,,N,,False,0.0,False
TK-252073,2026-04,2026Q2,A3001,Suresh Kaur,Chat Frontline,VA-EB-PL2,6298.0,GW-OTHER,CANCEL,CANCEL,cancelled before dispatch. refunded rs 6298,N,False,False,0.0,True
TK-252076,2026-04,2026Q2,A3038,Ankit Dhillon,Returns Desk,VA-HP-ST3,6999.0,GW-OTHER,RETURN-QC-OK,RETURN-QC-OK,chk reverse pkp QC status | Refunded Rs 6999,N,False,False,0.0,True
TK-252081,2026-04,2026Q2,A3037,Manish Iyer,Returns Desk,VA-SW-NX2,6499.0,GW-OTHER,RETURN-QC-OK,RETURN-QC-OK,issue: refund delay. chk reverse pkp qc status,N,False,False,0.0,True
TK-252082,2026-04,2026Q2,A3021,Meera Mathew,Email Frontline,VA-EB-PL2,2799.0,GW-OTHER,GW-OTHER,GW-OTHER,Single side audio only,N,False,False,0.0,True
TK-252087,2026-04,2026Q2,A3031,Zaid Desai,Logistics,VA-SP-MINI,1250.0,GW-OTHER,DUP-PAYMENT,DUP-PAYMENT,failed order after payment. Confirmed with payment gateway,N,False,False,0.0,True
TK-252097,2026-04,2026Q2,A3003,Komal Singh,Chat Frontline,VA-EB-PL2,3499.0,GW-OTHER,GW-OTHER,GW-OTHER,App crash on device page | Refund approved,N,False,False,0.0,True
TK-252099,2026-04,2026Q2,A3032,Sneha Bansal,Billing,VA-EB-PL2,700.0,DUP-PAYMENT,DUP-PAYMENT,,,N,,False,0.0,False
TK-252112,2026-04,2026Q2,A3036,Ritika D'Souza,Returns Desk,VA-EB-PL2,2799.0,RETURN-QC-OK,RETURN-QC-OK,,,N,,False,0.0,False
TK-252116,2026-04,2026Q2,A3004,Geeta Dutta,Chat Frontline,VA-EB-AIR,1529.0,CANCEL,CANCEL,,,N,,False,0.0,False
TK-252118,2026-04,2026Q2,A3036,Ritika D'Souza,Returns Desk,VA-SW-NX2,2470.0,GW-OTHER,RETURN-QC-OK,RETURN-QC-OK,Issue: pkp missed. Re-raised pkp w/ crr,N,False,False,0.0,True
TK-252119,2026-04,2026Q2,A3038,Ankit Dhillon,Returns Desk,VA-EB-AIR,1619.0,RETURN-QC-OK,RETURN-QC-OK,,,N,,False,0.0,False
TK-252125,2026-04,2026Q2,A3033,Vikram Banerjee,Billing,VA-EB-PL2,2974.0,GW-OTHER,DUP-PAYMENT,DUP-PAYMENT,double charge | chk pg for duplicate txn,N,False,False,0.0,True
TK-252135,2026-04,2026Q2,A3029,Rajat Mukherjee,Logistics,VA-EB-PL2,630.0,RETURN-QC-OK,RETURN-QC-OK,,,N,,False,0.0,False
TK-252137,2026-04,2026Q2,A3032,Sneha Bansal,Billing,VA-EB-PL2,297.0,GW-OTHER,WTY-BUYBACK,WTY-BUYBACK,warranty claim pending for 21 days | full rfnd processed,N,False,False,0.0,False
TK-252146,2026-04,2026Q2,A3032,Sneha Bansal,Billing,VA-EB-PL1,2374.0,DOA-REPL,DOA-REPL,GW-OTHER,processed fr and raised rma for new set,Y,True,True,1460.0,False
TK-252158,2026-04,2026Q2,A3036,Ritika D'Souza,Returns Desk,VA-EB-PL2,3499.0,LOST-TRANSIT,LOST-TRANSIT,,,N,,False,0.0,False
TK-252168,2026-04,2026Q2,A3040,Thomas Jadhav,Escalations & Warranty,VA-NB-ARC,1299.0,DOA-REPL,DOA-REPL,GW-OTHER,"Cx got the amount back, also sending a new set",N,True,True,880.0,False
TK-252170,2026-04,2026Q2,A3037,Manish Iyer,Returns Desk,VA-EB-AIR,1619.0,RETURN-QC-OK,RETURN-QC-OK,,,N,,False,0.0,False
TK-252173,2026-04,2026Q2,A3038,Ankit Dhillon,Returns Desk,VA-HP-ST3,6299.0,GW-OTHER,GW-OTHER,GW-OTHER,Pairing failure | Walked through forget + re-pair,N,False,False,0.0,True
TK-252174,2026-04,2026Q2,A3030,Aishwarya Trivedi,Logistics,VA-SP-MINI,2499.0,LOST-TRANSIT,LOST-TRANSIT,,,N,,False,0.0,False
TK-252181,2026-04,2026Q2,A3034,Tanvi Rathore,Billing,VA-EB-PL2,1750.0,GW-OTHER,DUP-PAYMENT,DUP-PAYMENT,Double payment deducted,N,False,False,0.0,True
TK-252185,2026-04,2026Q2,A3011,Rohit Gill,Chat Frontline,VA-EB-PL2,2799.0,GW-OTHER,DOA-REPL,DOA-REPL,New unit shpped under DOA,N,True,True,1820.0,True
TK-252188,2026-04,2026Q2,A3027,Priya Agarwal,Logistics,VA-AC-CBL,379.0,GW-OTHER,LOST-TRANSIT,LOST-TRANSIT,Damaged in transit,N,False,False,0.0,False
TK-252195,2026-04,2026Q2,A3036,Ritika D'Souza,Returns Desk,VA-EB-PL2,3499.0,RETURN-QC-OK,RETURN-QC-OK,,,N,,False,0.0,False
TK-252200,2026-04,2026Q2,A3036,Ritika D'Souza,Returns Desk,VA-AC-CASE,1234.0,RETURN-QC-OK,RETURN-QC-OK,,,N,,False,0.0,False
TK-252207,2026-04,2026Q2,A3038,Ankit Dhillon,Returns Desk,VA-EB-AIR,1799.0,GW-OTHER,RETURN-QC-OK,RETURN-QC-OK,rfnd not credited,N,False,False,0.0,True
TK-252212,2026-04,2026Q2,A3007,Abhishek Gupta,Chat Frontline,VA-EB-PL2,3149.0,GW-OTHER,UNCLEAR,UNCLEAR,see prev,N,False,False,0.0,True
TK-252214,2026-04,2026Q2,A3035,Dev Kulkarni,Billing,VA-AC-CBL,399.0,GW-OTHER,PRICE-ADJ,PRICE-ADJ,discount not applied,N,False,False,0.0,False
TK-252215,2026-04,2026Q2,A3037,Manish Iyer,Returns Desk,VA-SW-NX1,4249.0,RETURN-QC-OK,RETURN-QC-OK,,,N,,False,0.0,False
TK-252230,2026-04,2026Q2,A3035,Dev Kulkarni,Billing,VA-EB-AIR,2878.0,GW-OTHER,CANCEL,CANCEL,Cancellation request,N,False,False,0.0,True
TK-252233,2026-04,2026Q2,A3035,Dev Kulkarni,Billing,VA-SW-NX1,3999.0,GW-OTHER,DUP-PAYMENT,DUP-PAYMENT,amount deducted without ord,N,False,False,0.0,True
TK-252235,2026-04,2026Q2,A3036,Ritika D'Souza,Returns Desk,VA-EB-AIR,1709.0,GW-OTHER,UNCLEAR,UNCLEAR,resolved on call,N,False,False,0.0,True
TK-252243,2026-04,2026Q2,A3010,Tenzin Mathew,Chat Frontline,VA-EB-PL1,2499.0,GW-OTHER,GW-OTHER,GW-OTHER,conf fw 1.6.3 -> full rfnd processed,N,False,False,0.0,True
TK-252245,2026-04,2026Q2,A3036,Ritika D'Souza,Returns Desk,VA-SP-MINI,2374.0,RETURN-QC-OK,RETURN-QC-OK,,,N,,False,0.0,False
TK-252260,2026-04,2026Q2,A3012,Lakshmi Srivastava,Chat Frontline,VA-SP-MINI,1250.0,WTY-BUYBACK,WTY-BUYBACK,GW-OTHER,"replacement was offered earlier by chat team, cx opted for refund",N,False,False,0.0,False
TK-252262,2026-04,2026Q2,A3034,Tanvi Rathore,Billing,VA-EB-PL2,3499.0,GW-OTHER,DUP-PAYMENT,DUP-PAYMENT,two entries of Rs 1799 on my statement,N,False,False,0.0,True
TK-252264,2026-04,2026Q2,A3032,Sneha Bansal,Billing,VA-EB-PL2,3499.0,DUP-PAYMENT,DUP-PAYMENT,,,N,,False,0.0,False
TK-252280,2026-04,2026Q2,A3025,Komal Malhotra,Voice Frontline,VA-EB-PL2,3149.0,GW-OTHER,CANCEL,CANCEL,issue: cancel ord,N,False,False,0.0,True
TK-252281,2026-04,2026Q2,A3027,Priya Agarwal,Logistics,VA-EB-PL2,3499.0,DOA-REPL,DOA-REPL,LOST-TRANSIT,order not delivered. Issued rfnd + rplc both,N,True,True,1820.0,False
TK-252291,2026-04,2026Q2,A3008,Meera Malhotra,Chat Frontline,VA-EB-PL2,3149.0,GW-OTHER,CANCEL,CANCEL,Cancelled before dispatch,N,False,False,0.0,True
TK-252297,2026-04,2026Q2,A3035,Dev Kulkarni,Billing,VA-EB-PL2,350.0,GW-OTHER,PRICE-ADJ,PRICE-ADJ,Discount not applied,N,False,False,0.0,False
TK-252303,2026-04,2026Q2,A3032,Sneha Bansal,Billing,VA-EB-PL2,2799.0,CANCEL,CANCEL,,,N,,False,0.0,False
TK-252308,2026-04,2026Q2,A3028,Sameer Kapoor,Logistics,VA-SW-NX2,6499.0,GW-OTHER,LOST-TRANSIT,LOST-TRANSIT,Package not delivered... processed fr & raised rma,N,True,True,2790.0,True
TK-252314,2026-04,2026Q2,A3035,Dev Kulkarni,Billing,VA-EB-AIR,1799.0,PRICE-ADJ,PRICE-ADJ,,,N,,False,0.0,False
TK-252326,2026-04,2026Q2,A3037,Manish Iyer,Returns Desk,VA-SP-MINI,500.0,RETURN-QC-OK,RETURN-QC-OK,,,N,,False,0.0,False
TK-252328,2026-04,2026Q2,A3026,Aadhya Deshpande,Voice Frontline,VA-HP-ST3,1260.0,GW-OTHER,UNCLEAR,UNCLEAR,"FW update, cx to monitor",N,False,False,0.0,True
TK-252334,2026-04,2026Q2,A3021,Meera Mathew,Email Frontline,VA-AC-CH65,1274.0,CANCEL,CANCEL,,,N,,False,0.0,False
TK-252335,2026-04,2026Q2,A3037,Manish Iyer,Returns Desk,VA-EB-PL2,1050.0,GW-OTHER,RETURN-QC-OK,RETURN-QC-OK,chk reverse pickup qc status,N,False,False,0.0,True
TK-252346,2026-04,2026Q2,A3036,Ritika D'Souza,Returns Desk,VA-EB-PL2,1487.0,GW-OTHER,RETURN-QC-OK,RETURN-QC-OK,money for the return,N,False,False,0.0,True
TK-252347,2026-04,2026Q2,A3036,Ritika D'Souza,Returns Desk,VA-EB-AIR,1799.0,RETURN-QC-OK,RETURN-QC-OK,,,N,,False,0.0,False
TK-252353,2026-04,2026Q2,A3030,Aishwarya Trivedi,Logistics,VA-HP-ST3,6649.0,CANCEL,CANCEL,,,N,,False,0.0,False
TK-252357,2026-04,2026Q2,A3035,Dev Kulkarni,Billing,VA-NB-ARC,1299.0,GW-OTHER,RETURN-QC-OK,RETURN-QC-OK,chk reverse pickup QC status... New piece dispatched same day,N,True,True,880.0,True
TK-252358,2026-04,2026Q2,A3030,Aishwarya Trivedi,Logistics,VA-EB-PL2,3499.0,CANCEL,CANCEL,,,N,,False,0.0,False
TK-252359,2026-04,2026Q2,A3036,Ritika D'Souza,Returns Desk,VA-EB-PL1,2499.0,RETURN-QC-OK,RETURN-QC-OK,,,N,,False,0.0,False
TK-252364,2026-04,2026Q2,A3037,Manish Iyer,Returns Desk,VA-AC-CH65,1499.0,RETURN-QC-OK,RETURN-QC-OK,,,N,,False,0.0,False
TK-252370,2026-04,2026Q2,A3034,Tanvi Rathore,Billing,VA-EB-PL2,2799.0,GW-OTHER,DUP-PAYMENT,DUP-PAYMENT,my bank says Rs 4999 went to you but your site says I have no orders,N,False,False,0.0,True
TK-252384,2026-04,2026Q2,A3015,Sameer Jadhav,Chat Frontline,VA-EB-PL2,2799.0,GW-OTHER,DUP-PAYMENT,DUP-PAYMENT,Issue: duplicate payment,N,False,False,0.0,True
TK-252393,2026-04,2026Q2,A3036,Ritika D'Souza,Returns Desk,VA-EB-AIR,1619.0,RETURN-QC-OK,RETURN-QC-OK,,,N,,False,0.0,False
TK-252397,2026-04,2026Q2,A3018,Krishna Bhatt,Email Frontline,VA-EB-PL2,6648.0,PRICE-ADJ,PRICE-ADJ,UNCLEAR,checked cart eligibility,N,False,False,0.0,False
TK-252400,2026-04,2026Q2,A3036,Ritika D'Souza,Returns Desk,VA-SW-NX2,6499.0,GW-OTHER,RETURN-QC-OK,RETURN-QC-OK,Checked reverse pickup QC status. Refund of Rs 6499 initiated,N,False,False,0.0,True
TK-252404,2026-04,2026Q2,A3036,Ritika D'Souza,Returns Desk,VA-EB-PL2,630.0,RETURN-QC-OK,RETURN-QC-OK,,,N,,False,0.0,False
TK-252405,2026-04,2026Q2,A3030,Aishwarya Trivedi,Logistics,VA-EB-PL2,3499.0,GW-OTHER,LOST-TRANSIT,LOST-TRANSIT,received damaged product,N,False,False,0.0,True
TK-252408,2026-04,2026Q2,A3030,Aishwarya Trivedi,Logistics,VA-EB-PL2,3499.0,GW-OTHER,LOST-TRANSIT,LOST-TRANSIT,"Reported: damaged in transit. Photos received, damage confirmed. rplc approved",N,True,True,1820.0,True
TK-252409,2026-04,2026Q2,A3034,Tanvi Rathore,Billing,VA-EB-PL2,3499.0,DUP-PAYMENT,DUP-PAYMENT,,,N,,False,0.0,False
TK-252414,2026-04,2026Q2,A3033,Vikram Banerjee,Billing,VA-SW-NX2,6499.0,GW-OTHER,DUP-PAYMENT,DUP-PAYMENT,1. amount deducted without order,N,False,False,0.0,True
TK-252415,2026-04,2026Q2,A3037,Manish Iyer,Returns Desk,VA-AC-CBL,200.0,DOA-REPL,DOA-REPL,,,N,,False,0.0,False
TK-252416,2026-04,2026Q2,A3007,Abhishek Gupta,Chat Frontline,VA-SP-MINI,2374.0,CANCEL,CANCEL,,,N,,False,0.0,False
TK-252428,2026-04,2026Q2,A3037,Manish Iyer,Returns Desk,VA-SP-ORB,5999.0,RETURN-QC-OK,RETURN-QC-OK,,,N,,False,0.0,False
TK-252437,2026-04,2026Q2,A3035,Dev Kulkarni,Billing,VA-AC-CASE,1234.0,DUP-PAYMENT,DUP-PAYMENT,,,N,,False,0.0,False
TK-252440,2026-04,2026Q2,A3035,Dev Kulkarni,Billing,VA-NB-ARC,1234.0,RETURN-QC-OK,RETURN-QC-OK,,,N,,False,0.0,False
TK-252446,2026-04,2026Q2,A3038,Ankit Dhillon,Returns Desk,VA-AC-CASE,1299.0,RETURN-QC-OK,RETURN-QC-OK,DOA-REPL,"Offered replacement, cx preferred rfnd. rfnd processed.",N,False,False,0.0,False
TK-252460,2026-04,2026Q2,A3002,Steven Ansari,Chat Frontline,VA-EB-PL2,2799.0,GW-OTHER,GW-OTHER,GW-OTHER,full refund issued and replacement dispatched as goodwill,N,True,True,1820.0,True
TK-252466,2026-04,2026Q2,A3013,Rohit Nair,Chat Frontline,VA-SP-MINI,2499.0,WTY-BUYBACK,WTY-BUYBACK,,,Y,,True,1320.0,False
TK-252470,2026-04,2026Q2,A3017,Kabir Singh,Email Frontline,VA-EB-AIR,1799.0,RETURN-QC-OK,RETURN-QC-OK,,,N,,False,0.0,False
TK-252472,2026-05,2026Q2,A3039,Reyansh Mishra,Escalations & Warranty,VA-EB-PL2,2799.0,WTY-BUYBACK,WTY-BUYBACK,,,N,,False,0.0,False
TK-252492,2026-04,2026Q2,A3028,Sameer Kapoor,Logistics,VA-SP-MINI,500.0,GW-OTHER,LOST-TRANSIT,LOST-TRANSIT,cust contacted re dlvry delayed,N,False,False,0.0,False
TK-252505,2026-04,2026Q2,A3018,Krishna Bhatt,Email Frontline,VA-EB-PL2,700.0,GW-OTHER,CANCEL,CANCEL,cancel order | cancelled before dispatch,N,False,False,0.0,True
TK-252512,2026-04,2026Q2,A3036,Ritika D'Souza,Returns Desk,VA-EB-PL2,3499.0,RETURN-QC-OK,RETURN-QC-OK,,,N,,False,0.0,False
TK-252513,2026-04,2026Q2,A3036,Ritika D'Souza,Returns Desk,VA-EB-PL2,560.0,GW-OTHER,RETURN-QC-OK,RETURN-QC-OK,the return was accepted but the amount is nowhere,N,False,False,0.0,True
TK-252514,2026-04,2026Q2,A3003,Komal Singh,Chat Frontline,VA-EB-PL2,3149.0,GW-OTHER,GW-OTHER,GW-OTHER,rfnd processed to source; rplc unit also shipped.,N,True,True,1820.0,True
TK-252517,2026-04,2026Q2,A3032,Sneha Bansal,Billing,VA-EB-PL1,2499.0,GW-OTHER,DUP-PAYMENT,DUP-PAYMENT,1. double charge,N,False,False,0.0,True
TK-252531,2026-04,2026Q2,A3037,Manish Iyer,Returns Desk,VA-HP-ST3,2100.0,RETURN-QC-OK,RETURN-QC-OK,RETURN-QC-OK,where is teh money for the return,N,False,False,0.0,False
TK-252532,2026-04,2026Q2,A3037,Manish Iyer,Returns Desk,VA-EB-PL2,3149.0,GW-OTHER,RETURN-QC-OK,RETURN-QC-OK,checked reverse pickup qc status,N,False,False,0.0,True
TK-252537,2026-04,2026Q2,A3026,Aadhya Deshpande,Voice Frontline,VA-AC-CH65,1499.0,GW-OTHER,DUP-PAYMENT,DUP-PAYMENT,payment went through but i got no order id,N,False,False,0.0,True
TK-252538,2026-04,2026Q2,A3036,Ritika D'Souza,Returns Desk,VA-NB-ARC,195.0,RETURN-QC-OK,RETURN-QC-OK,,,N,,False,0.0,False
TK-252552,2026-05,2026Q2,A3038,Ankit Dhillon,Returns Desk,VA-SW-NX2,5524.0,RETURN-QC-OK,RETURN-QC-OK,,,N,,False,0.0,False
TK-252563,2026-04,2026Q2,A3018,Krishna Bhatt,Email Frontline,VA-HP-ST2,3999.0,CANCEL,CANCEL,,,N,,False,0.0,False
TK-252577,2026-04,2026Q2,A3035,Dev Kulkarni,Billing,VA-EB-PL1,2374.0,GW-OTHER,DUP-PAYMENT,DUP-PAYMENT,Cx reported double charge. conf UTRs.,N,False,False,0.0,True
TK-252581,2026-05,2026Q2,A3006,Varun Bhatt,Chat Frontline,VA-SW-FIT,340.0,GW-OTHER,RETURN-QC-OK,RETURN-QC-OK,checked refund status on pg,N,False,False,0.0,False
TK-252590,2026-04,2026Q2,A3026,Aadhya Deshpande,Voice Frontline,VA-EB-PL2,3499.0,DUP-PAYMENT,DUP-PAYMENT,,,N,,False,0.0,False
TK-252599,2026-04,2026Q2,A3034,Tanvi Rathore,Billing,VA-EB-AIR,1619.0,DUP-PAYMENT,DUP-PAYMENT,,,N,,False,0.0,False
TK-252601,2026-05,2026Q2,A3038,Ankit Dhillon,Returns Desk,VA-AC-CH65,1499.0,GW-OTHER,GW-OTHER,GW-OTHER,Refund processed without pkp as goodwill. | Full refund issued and replacement dispatched,N,True,True,950.0,True
TK-252603,2026-05,2026Q2,A3037,Manish Iyer,Returns Desk,VA-EB-PL2,630.0,GW-OTHER,RETURN-QC-OK,RETURN-QC-OK,checked refund status on pg,N,False,False,0.0,True
TK-252604,2026-05,2026Q2,A3037,Manish Iyer,Returns Desk,VA-EB-PL2,3499.0,GW-OTHER,RETURN-QC-OK,RETURN-QC-OK,where is the money for the return,N,False,False,0.0,True
TK-252627,2026-05,2026Q2,A3015,Sameer Jadhav,Chat Frontline,VA-SW-NX2,5199.0,GW-OTHER,LOST-TRANSIT,LOST-TRANSIT,shipment not received,N,False,False,0.0,True
TK-252629,2026-05,2026Q2,A3037,Manish Iyer,Returns Desk,VA-AC-CASE,185.0,DOA-REPL,DOA-REPL,,,N,,False,0.0,False
TK-252630,2026-05,2026Q2,A3032,Sneha Bansal,Billing,VA-HP-ST3,595.0,RETURN-QC-OK,RETURN-QC-OK,LOST-TRANSIT,refund only,N,False,False,0.0,False
TK-252634,2026-05,2026Q2,A3006,Varun Bhatt,Chat Frontline,VA-SW-FIT,1599.0,GW-OTHER,CANCEL,CANCEL,cancellation request,N,False,False,0.0,True
TK-252635,2026-05,2026Q2,A3032,Sneha Bansal,Billing,VA-SP-MINI,1999.0,DUP-PAYMENT,DUP-PAYMENT,,,N,,False,0.0,False
TK-252636,2026-05,2026Q2,A3018,Krishna Bhatt,Email Frontline,VA-EB-PL2,1574.0,GW-OTHER,DUP-PAYMENT,DUP-PAYMENT,"payment debited, no order",N,False,False,0.0,True
TK-252641,2026-05,2026Q2,A3030,Aishwarya Trivedi,Logistics,VA-HP-ST3,6999.0,RETURN-QC-OK,RETURN-QC-OK,,,N,,False,0.0,False
TK-252644,2026-05,2026Q2,A3020,Aadhya Singh,Email Frontline,VA-EB-PL2,1400.0,GW-OTHER,RETURN-QC-OK,RETURN-QC-OK,checked reverse pkp qc status,N,False,False,0.0,True
TK-252647,2026-05,2026Q2,A3036,Ritika D'Souza,Returns Desk,VA-SW-NX2,780.0,RETURN-QC-OK,RETURN-QC-OK,,,N,,False,0.0,False
TK-252660,2026-05,2026Q2,A3011,Rohit Gill,Chat Frontline,VA-EB-PL2,3324.0,DOA-REPL,DOA-REPL,,,N,,False,0.0,False
TK-252672,2026-05,2026Q2,A3038,Ankit Dhillon,Returns Desk,VA-HP-ST2,4999.0,RETURN-QC-OK,RETURN-QC-OK,,,N,,False,0.0,False
TK-252675,2026-05,2026Q2,A3040,Thomas Jadhav,Escalations & Warranty,VA-SP-MINI,2499.0,GW-OTHER,WTY-BUYBACK,WTY-BUYBACK,Processed FR and raised RMA for new set.,Y,True,True,1320.0,True
TK-252678,2026-05,2026Q2,A3030,Aishwarya Trivedi,Logistics,VA-EB-PL2,2799.0,GW-OTHER,GW-OTHER,GW-OTHER,Received the wrong item.,Y,False,True,1820.0,True
TK-252680,2026-05,2026Q2,A3006,Varun Bhatt,Chat Frontline,VA-SP-ORB,1020.0,CANCEL,CANCEL,,,N,,False,0.0,False
TK-252684,2026-05,2026Q2,A3037,Manish Iyer,Returns Desk,VA-SW-FIT,3398.0,RETURN-QC-OK,RETURN-QC-OK,,,N,,False,0.0,False
TK-252689,2026-05,2026Q2,A3037,Manish Iyer,Returns Desk,VA-EB-PL2,665.0,RETURN-QC-OK,RETURN-QC-OK,,,N,,False,0.0,False
TK-252693,2026-05,2026Q2,A3036,Ritika D'Souza,Returns Desk,VA-SW-NX2,5849.0,GW-OTHER,RETURN-QC-OK,RETURN-QC-OK,chk reversse pikcup QC status,N,False,False,0.0,True
TK-252694,2026-05,2026Q2,A3003,Komal Singh,Chat Frontline,VA-EB-PL1,2124.0,RETURN-QC-OK,RETURN-QC-OK,RETURN-QC-OK,Checked reverse pickup QC status,N,False,False,0.0,False
TK-252699,2026-05,2026Q2,A3016,Thomas Kumar,Email Frontline,VA-EB-PL2,6998.0,GW-OTHER,GW-OTHER,GW-OTHER,pairing failure,N,False,False,0.0,True
TK-252700,2026-05,2026Q2,A3036,Ritika D'Souza,Returns Desk,VA-SP-MINI,2374.0,RETURN-QC-OK,RETURN-QC-OK,,,N,,False,0.0,False
TK-252701,2026-05,2026Q2,A3036,Ritika D'Souza,Returns Desk,VA-EB-PL1,2124.0,RETURN-QC-OK,RETURN-QC-OK,,,N,,False,0.0,False
TK-252702,2026-05,2026Q2,A3030,Aishwarya Trivedi,Logistics,VA-EB-PL1,319.0,GW-OTHER,DOA-REPL,DOA-REPL,product arrived damaged,N,False,False,0.0,False
TK-252703,2026-05,2026Q2,A3008,Meera Malhotra,Chat Frontline,VA-HP-ST2,7998.0,GW-OTHER,GW-OTHER,GW-OTHER,Reversed the payment & dispatched a new one under RMA,Y,True,True,2440.0,True
TK-252718,2026-05,2026Q2,A3034,Tanvi Rathore,Billing,VA-SP-MINI,2249.0,GW-OTHER,PRICE-ADJ,PRICE-ADJ,Discount was not applied at checkout,N,False,False,0.0,True
TK-252723,2026-05,2026Q2,A3036,Ritika D'Souza,Returns Desk,VA-EB-PL2,3499.0,GW-OTHER,UNCLEAR,UNCLEAR,Cx reported refund pending,N,False,False,0.0,True
TK-252726,2026-05,2026Q2,A3013,Rohit Nair,Chat Frontline,VA-HP-ST2,4499.0,GW-OTHER,WTY-BUYBACK,WTY-BUYBACK,single side audio only,N,False,False,0.0,True
TK-252727,2026-05,2026Q2,A3043,Nikhil Gupta,Escalations & Warranty,VA-NB-ARC,1169.0,GW-OTHER,GW-OTHER,GW-OTHER,pairing light blinks,N,False,False,0.0,True
TK-252729,2026-05,2026Q2,A3037,Manish Iyer,Returns Desk,VA-EB-AIR,900.0,RETURN-QC-OK,RETURN-QC-OK,RETURN-QC-OK,checked reverse pickup qc status,N,False,False,0.0,False
TK-252735,2026-05,2026Q2,A3034,Tanvi Rathore,Billing,VA-SP-MINI,2499.0,GW-OTHER,DUP-PAYMENT,DUP-PAYMENT,payment was deducted but no order was created,N,False,False,0.0,True
TK-252737,2026-05,2026Q2,A3037,Manish Iyer,Returns Desk,VA-EB-PL2,665.0,RETURN-QC-OK,RETURN-QC-OK,,,N,,False,0.0,False
TK-252771,2026-05,2026Q2,A3037,Manish Iyer,Returns Desk,VA-SW-FIT,1999.0,RETURN-QC-OK,RETURN-QC-OK,RETURN-QC-OK,checked pickup awb,N,False,False,0.0,False
TK-252775,2026-05,2026Q2,A3023,Ritika Gaikwad,Voice Frontline,VA-EB-AIR,1439.0,CANCEL,CANCEL,,,N,,False,0.0,False
TK-252780,2026-05,2026Q2,A3037,Manish Iyer,Returns Desk,VA-EB-AIR,1799.0,RETURN-QC-OK,RETURN-QC-OK,,,N,,False,0.0,False
TK-252788,2026-05,2026Q2,A3034,Tanvi Rathore,Billing,VA-AC-CH65,1349.0,DUP-PAYMENT,DUP-PAYMENT,,,N,,False,0.0,False
TK-252794,2026-05,2026Q2,A3036,Ritika D'Souza,Returns Desk,VA-SW-FIT,1899.0,GW-OTHER,RETURN-QC-OK,RETURN-QC-OK,chk reverse picukp QC status,N,False,False,0.0,True
TK-252845,2026-05,2026Q2,A3034,Tanvi Rathore,Billing,VA-EB-PL2,420.0,DUP-PAYMENT,DUP-PAYMENT,,,N,,False,0.0,False
TK-252850,2026-05,2026Q2,A3037,Manish Iyer,Returns Desk,VA-SP-MINI,2499.0,RETURN-QC-OK,RETURN-QC-OK,,,N,,False,0.0,False
TK-252865,2026-05,2026Q2,A3032,Sneha Bansal,Billing,VA-EB-PL2,350.0,DUP-PAYMENT,DUP-PAYMENT,,,N,,False,0.0,False
TK-252869,2026-05,2026Q2,A3033,Vikram Banerjee,Billing,VA-EB-PL2,3499.0,GW-OTHER,PRICE-ADJ,PRICE-ADJ,promo code invalid,N,False,False,0.0,True
TK-252889,2026-05,2026Q2,A3032,Sneha Bansal,Billing,VA-AC-CBL,399.0,DUP-PAYMENT,DUP-PAYMENT,,,N,,False,0.0,False
TK-252890,2026-05,2026Q2,A3035,Dev Kulkarni,Billing,VA-SP-MINI,2499.0,GW-OTHER,GW-OTHER,GW-OTHER,FW update rslvd,N,False,False,0.0,True
TK-252891,2026-05,2026Q2,A3002,Steven Ansari,Chat Frontline,VA-SW-FIT,3398.0,CANCEL,CANCEL,,,N,,False,0.0,False
TK-252901,2026-05,2026Q2,A3034,Tanvi Rathore,Billing,VA-SP-MINI,1999.0,DUP-PAYMENT,DUP-PAYMENT,,,N,,False,0.0,False
TK-252907,2026-05,2026Q2,A3038,Ankit Dhillon,Returns Desk,VA-SW-FIT,1999.0,RETURN-QC-OK,RETURN-QC-OK,,,N,,False,0.0,False
TK-252919,2026-05,2026Q2,A3033,Vikram Banerjee,Billing,VA-EB-AIR,1799.0,DUP-PAYMENT,DUP-PAYMENT,,,N,,False,0.0,False
TK-252929,2026-05,2026Q2,A3034,Tanvi Rathore,Billing,VA-EB-PL2,560.0,GW-OTHER,PRICE-ADJ,PRICE-ADJ,coupon code not working,N,False,False,0.0,True
TK-252934,2026-05,2026Q2,A3018,Krishna Bhatt,Email Frontline,VA-EB-PL1,1187.0,GW-OTHER,GW-OTHER,GW-OTHER,checked interference sources -> full refund processed,N,False,False,0.0,True
TK-252937,2026-05,2026Q2,A3036,Ritika D'Souza,Returns Desk,VA-EB-PL1,2499.0,RETURN-QC-OK,RETURN-QC-OK,GW-OTHER,Refund processed without pickup as goodwill,N,False,False,0.0,False
TK-252950,2026-05,2026Q2,A3033,Vikram Banerjee,Billing,VA-SW-FIT,1999.0,DUP-PAYMENT,DUP-PAYMENT,,,N,,False,0.0,False
TK-252952,2026-05,2026Q2,A3007,Abhishek Gupta,Chat Frontline,VA-SW-NX2,5524.0,WTY-BUYBACK,WTY-BUYBACK,GW-OTHER,processed fr & raised rma for new set,N,True,True,2790.0,False
TK-252956,2026-05,2026Q2,A3006,Varun Bhatt,Chat Frontline,VA-SW-NX2,552.0,DUP-PAYMENT,DUP-PAYMENT,,,N,,False,0.0,False
TK-252965,2026-05,2026Q2,A3035,Dev Kulkarni,Billing,VA-SP-MINI,2124.0,GW-OTHER,DUP-PAYMENT,DUP-PAYMENT,duplicate payment,N,False,False,0.0,True
TK-252973,2026-05,2026Q2,A3044,Arjun Kumar,Escalations & Warranty,VA-EB-PL2,5598.0,DOA-REPL,DOA-REPL,GW-OTHER,Replacement unit dispatched. Money back to source,N,True,True,1820.0,False
TK-252978,2026-05,2026Q2,A3032,Sneha Bansal,Billing,VA-EB-PL2,3149.0,GW-OTHER,LOST-TRANSIT,LOST-TRANSIT,pkp missed,N,False,False,0.0,True
TK-252982,2026-05,2026Q2,A3030,Aishwarya Trivedi,Logistics,VA-EB-PL2,3499.0,WTY-BUYBACK,WTY-BUYBACK,,,Y,,True,1820.0,False
TK-253021,2026-05,2026Q2,A3026,Aadhya Deshpande,Voice Frontline,VA-HP-ST3,6649.0,WTY-BUYBACK,WTY-BUYBACK,GW-OTHER,rplc unit dispatched. Refunded Rs 6649 & also raised replacement,N,True,True,2990.0,False
TK-253023,2026-05,2026Q2,A3030,Aishwarya Trivedi,Logistics,VA-SW-FIT,1999.0,GW-OTHER,LOST-TRANSIT,LOST-TRANSIT,dlvry delayed,N,False,False,0.0,True
TK-253024,2026-05,2026Q2,A3036,Ritika D'Souza,Returns Desk,VA-SW-NX2,6174.0,GW-OTHER,DOA-REPL,DOA-REPL,"rplc was offered earlier by chat team, cx opted for rfnd",N,False,False,0.0,True
TK-253035,2026-05,2026Q2,A3037,Manish Iyer,Returns Desk,VA-EB-PL2,3499.0,GW-OTHER,UNCLEAR,UNCLEAR,cust contacted re refund delay,N,False,False,0.0,True
TK-253036,2026-05,2026Q2,A3033,Vikram Banerjee,Billing,VA-SW-NX2,5199.0,PRICE-ADJ,PRICE-ADJ,,,N,,False,0.0,False
TK-253046,2026-05,2026Q2,A3037,Manish Iyer,Returns Desk,VA-SW-FIT,1999.0,RETURN-QC-OK,RETURN-QC-OK,RETURN-QC-OK,checked reverse pickup qc status,N,False,False,0.0,False
TK-253055,2026-05,2026Q2,A3030,Aishwarya Trivedi,Logistics,VA-EB-PL2,3149.0,DOA-REPL,DOA-REPL,,,N,,False,0.0,False
TK-253061,2026-05,2026Q2,A3036,Ritika D'Souza,Returns Desk,VA-AC-CH65,300.0,GW-OTHER,LOST-TRANSIT,LOST-TRANSIT,Ticket raised for reverse pickup pending,N,False,False,0.0,False
TK-253076,2026-05,2026Q2,A3035,Dev Kulkarni,Billing,VA-EB-AIR,810.0,RETURN-QC-OK,RETURN-QC-OK,,,N,,False,0.0,False
TK-253078,2026-05,2026Q2,A3036,Ritika D'Souza,Returns Desk,VA-SP-MINI,2249.0,RETURN-QC-OK,RETURN-QC-OK,UNCLEAR,Ticket raised for refund not credited,N,False,False,0.0,False
TK-253091,2026-05,2026Q2,A3036,Ritika D'Souza,Returns Desk,VA-EB-PL2,3499.0,RETURN-QC-OK,RETURN-QC-OK,DOA-REPL,"Offered rplc, cx preferred refund",N,False,False,0.0,False
TK-253123,2026-05,2026Q2,A3036,Ritika D'Souza,Returns Desk,VA-SP-ORB,765.0,GW-OTHER,LOST-TRANSIT,LOST-TRANSIT,Contact re pickup missed,N,False,False,0.0,True
TK-253126,2026-05,2026Q2,A3036,Ritika D'Souza,Returns Desk,VA-EB-AIR,1619.0,RETURN-QC-OK,RETURN-QC-OK,UNCLEAR,Cx reported refund not credited,N,False,False,0.0,False
TK-253129,2026-05,2026Q2,A3035,Dev Kulkarni,Billing,VA-EB-PL2,2974.0,GW-OTHER,DUP-PAYMENT,DUP-PAYMENT,amount deducted without ord,N,False,False,0.0,True
TK-253133,2026-05,2026Q2,A3002,Steven Ansari,Chat Frontline,VA-NB-ARC,195.0,GW-OTHER,CANCEL,CANCEL,cancellation request | cancelled before dispatch,N,False,False,0.0,False
TK-253135,2026-05,2026Q2,A3026,Aadhya Deshpande,Voice Frontline,VA-EB-PL2,3499.0,GW-OTHER,GW-OTHER,GW-OTHER,Both rfnd and rplc given as cx threatened social media.,N,True,True,1820.0,True
TK-253136,2026-05,2026Q2,A3030,Aishwarya Trivedi,Logistics,VA-EB-PL2,2974.0,DOA-REPL,DOA-REPL,,,N,,False,0.0,False
TK-253140,2026-05,2026Q2,A3020,Aadhya Singh,Email Frontline,VA-HP-ST3,2800.0,RETURN-QC-OK,RETURN-QC-OK,,,N,,False,0.0,False
TK-253146,2026-05,2026Q2,A3011,Rohit Gill,Chat Frontline,VA-SW-NX2,5524.0,GW-OTHER,CANCEL,CANCEL,issue: cancel ord | chk shipment status -> rfnd approved,N,False,False,0.0,True
TK-253149,2026-05,2026Q2,A3034,Tanvi Rathore,Billing,VA-NB-ARC,1299.0,DUP-PAYMENT,DUP-PAYMENT,,,N,,False,0.0,False
TK-253156,2026-05,2026Q2,A3037,Manish Iyer,Returns Desk,VA-SW-NX2,6499.0,RETURN-QC-OK,RETURN-QC-OK,,,N,,False,0.0,False
TK-253162,2026-05,2026Q2,A3030,Aishwarya Trivedi,Logistics,VA-EB-PL2,3499.0,GW-OTHER,LOST-TRANSIT,LOST-TRANSIT,Cx reported damaged in transit.,N,True,True,1820.0,True
TK-253166,2026-05,2026Q2,A3036,Ritika D'Souza,Returns Desk,VA-EB-PL2,3499.0,GW-OTHER,RETURN-QC-OK,RETURN-QC-OK,Checked revrse pkp QC status.,N,False,False,0.0,True
TK-253178,2026-05,2026Q2,A3039,Reyansh Mishra,Escalations & Warranty,VA-SW-FIT,3198.0,GW-OTHER,UNCLEAR,UNCLEAR,cx ok (sop 4.2),N,False,False,0.0,True
TK-253184,2026-05,2026Q2,A3010,Tenzin Mathew,Chat Frontline,VA-EB-PL2,2974.0,CANCEL,CANCEL,,,N,,False,0.0,False
TK-253197,2026-05,2026Q2,A3036,Ritika D'Souza,Returns Desk,VA-EB-PL2,3149.0,GW-OTHER,RETURN-QC-OK,RETURN-QC-OK,The return was accepted but the amount is nowhere,N,True,True,1820.0,True
TK-253201,2026-05,2026Q2,A3035,Dev Kulkarni,Billing,VA-AC-CH65,1349.0,RETURN-QC-OK,RETURN-QC-OK,,,N,,False,0.0,False
TK-253203,2026-05,2026Q2,A3036,Ritika D'Souza,Returns Desk,VA-SP-MINI,2499.0,RETURN-QC-OK,RETURN-QC-OK,,,N,,False,0.0,False
TK-253206,2026-05,2026Q2,A3015,Sameer Jadhav,Chat Frontline,VA-SW-NX1,4999.0,PRICE-ADJ,PRICE-ADJ,,,N,,False,0.0,False
TK-253223,2026-05,2026Q2,A3010,Tenzin Mathew,Chat Frontline,VA-HP-ST3,6999.0,CANCEL,CANCEL,,,N,,False,0.0,False
TK-253239,2026-05,2026Q2,A3035,Dev Kulkarni,Billing,VA-HP-ST3,5949.0,PRICE-ADJ,PRICE-ADJ,,,N,,False,0.0,False
TK-253244,2026-05,2026Q2,A3036,Ritika D'Souza,Returns Desk,VA-EB-PL2,3499.0,DOA-REPL,DOA-REPL,,,N,,False,0.0,False
TK-253247,2026-05,2026Q2,A3005,Payal Bhatia,Chat Frontline,VA-SW-NX2,6499.0,CANCEL,CANCEL,,,N,,False,0.0,False
TK-253253,2026-05,2026Q2,A3037,Manish Iyer,Returns Desk,VA-EB-PL2,3149.0,RETURN-QC-OK,RETURN-QC-OK,,,N,,False,0.0,False
TK-253269,2026-05,2026Q2,A3030,Aishwarya Trivedi,Logistics,VA-SW-NX2,1105.0,RETURN-QC-OK,RETURN-QC-OK,,,N,,False,0.0,False
TK-253280,2026-05,2026Q2,A3035,Dev Kulkarni,Billing,VA-EB-PL2,1750.0,DUP-PAYMENT,DUP-PAYMENT,,,N,,False,0.0,False
TK-253283,2026-05,2026Q2,A3006,Varun Bhatt,Chat Frontline,VA-EB-PL2,3499.0,CANCEL,CANCEL,,,N,,False,0.0,False
TK-253284,2026-05,2026Q2,A3039,Reyansh Mishra,Escalations & Warranty,VA-HP-ST2,4749.0,WTY-BUYBACK,WTY-BUYBACK,,,N,,False,0.0,False
TK-253293,2026-05,2026Q2,A3027,Priya Agarwal,Logistics,VA-SP-MINI,2499.0,RETURN-QC-OK,RETURN-QC-OK,,,N,,False,0.0,False
TK-253297,2026-05,2026Q2,A3030,Aishwarya Trivedi,Logistics,VA-HP-ST3,12598.0,LOST-TRANSIT,LOST-TRANSIT,LOST-TRANSIT,"order not delivered, tracking not updating",N,False,False,0.0,False
TK-253301,2026-05,2026Q2,A3030,Aishwarya Trivedi,Logistics,VA-EB-PL2,446.0,LOST-TRANSIT,LOST-TRANSIT,LOST-TRANSIT,Customer states delivery delayed.,N,False,False,0.0,False
TK-253305,2026-05,2026Q2,A3030,Aishwarya Trivedi,Logistics,VA-EB-PL2,3499.0,GW-OTHER,LOST-TRANSIT,LOST-TRANSIT,Cx says dlvry delayed.,N,False,False,0.0,True
TK-253307,2026-05,2026Q2,A3039,Reyansh Mishra,Escalations & Warranty,VA-EB-PL2,2799.0,GW-OTHER,GW-OTHER,GW-OTHER,connection dropping | checked interference sources -> refund approved,N,False,False,0.0,True
TK-253309,2026-05,2026Q2,A3032,Sneha Bansal,Billing,VA-EB-PL2,3499.0,GW-OTHER,DUP-PAYMENT,DUP-PAYMENT,"payment debited, no order",N,False,False,0.0,True
TK-253312,2026-05,2026Q2,A3033,Vikram Banerjee,Billing,VA-EB-PL2,350.0,GW-OTHER,DUP-PAYMENT,DUP-PAYMENT,amount deducted without order,N,False,False,0.0,False
TK-253329,2026-05,2026Q2,A3035,Dev Kulkarni,Billing,VA-SP-MINI,2499.0,RETURN-QC-OK,RETURN-QC-OK,RETURN-QC-OK,chk reverse pkp QC status.,N,False,False,0.0,False
TK-253335,2026-05,2026Q2,A3036,Ritika D'Souza,Returns Desk,VA-AC-CASE,1104.0,GW-OTHER,RETURN-QC-OK,RETURN-QC-OK,Checked reverse pkp QC status.,N,False,False,0.0,True
TK-253339,2026-05,2026Q2,A3035,Dev Kulkarni,Billing,VA-EB-PL2,2799.0,GW-OTHER,DUP-PAYMENT,DUP-PAYMENT,cx states chargged twice.,N,False,False,0.0,True
TK-253341,2026-05,2026Q2,A3018,Krishna Bhatt,Email Frontline,VA-EB-PL2,3499.0,DOA-REPL,DOA-REPL,GW-OTHER,"Credited full amount, new unit also going out",N,True,True,1820.0,False
TK-253342,2026-05,2026Q2,A3036,Ritika D'Souza,Returns Desk,VA-EB-PL2,3149.0,GW-OTHER,RETURN-QC-OK,RETURN-QC-OK,Cx says pickup not done. Checked pickup AWB.,N,False,False,0.0,True
TK-253345,2026-06,2026Q2,A3017,Kabir Singh,Email Frontline,VA-SP-MINI,2124.0,GW-OTHER,GW-OTHER,GW-OTHER,"cx got the amount back, also sending a new set",Y,True,True,1320.0,True
TK-253348,2026-05,2026Q2,A3028,Sameer Kapoor,Logistics,VA-EB-PL2,1662.0,GW-OTHER,GW-OTHER,GW-OTHER,re: no audio one side | chk balance settings,N,False,False,0.0,True
TK-253349,2026-05,2026Q2,A3016,Thomas Kumar,Email Frontline,VA-EB-PL2,2974.0,DOA-REPL,DOA-REPL,GW-OTHER,Refunded Rs 2974 and also raised replacement,Y,True,True,1820.0,False
TK-253354,2026-05,2026Q2,A3038,Ankit Dhillon,Returns Desk,VA-EB-PL2,3499.0,GW-OTHER,RETURN-QC-OK,RETURN-QC-OK,Checked reverse pickup QC status,N,False,False,0.0,True
TK-253358,2026-05,2026Q2,A3028,Sameer Kapoor,Logistics,VA-HP-ST3,892.0,GW-OTHER,CANCEL,CANCEL,cust contacted re cancel ord,N,False,False,0.0,True
TK-253362,2026-05,2026Q2,A3031,Zaid Desai,Logistics,VA-SW-NX2,6174.0,GW-OTHER,CANCEL,CANCEL,cancellation request | checked shipment status,N,False,False,0.0,True
TK-253368,2026-05,2026Q2,A3027,Priya Agarwal,Logistics,VA-EB-PL2,3499.0,PRICE-ADJ,PRICE-ADJ,,,N,,False,0.0,False
TK-253376,2026-05,2026Q2,A3030,Aishwarya Trivedi,Logistics,VA-EB-PL1,2499.0,RETURN-QC-OK,RETURN-QC-OK,RETURN-QC-OK,Cx reported pickup not done. chk pickup AWB. Full refund processed,N,False,False,0.0,False
TK-253378,2026-05,2026Q2,A3002,Steven Ansari,Chat Frontline,VA-EB-PL2,2799.0,GW-OTHER,LOST-TRANSIT,LOST-TRANSIT,refund initiated as lost in transit,N,True,True,1820.0,True
TK-253393,2026-05,2026Q2,A3037,Manish Iyer,Returns Desk,VA-SP-MINI,2124.0,RETURN-QC-OK,RETURN-QC-OK,,,N,,False,0.0,False
TK-253395,2026-05,2026Q2,A3038,Ankit Dhillon,Returns Desk,VA-HP-ST2,2124.0,GW-OTHER,RETURN-QC-OK,RETURN-QC-OK,chk reverse pkp QC status,N,False,False,0.0,True
TK-253397,2026-05,2026Q2,A3037,Manish Iyer,Returns Desk,VA-AC-CH65,1274.0,GW-OTHER,RETURN-QC-OK,RETURN-QC-OK,chk reverse pkp qc status,N,False,False,0.0,True
TK-253405,2026-05,2026Q2,A3019,Kavya Agarwal,Email Frontline,VA-SP-MINI,2499.0,GW-OTHER,GW-OTHER,GW-OTHER,re: wrong item delivered,N,False,False,0.0,True
TK-253406,2026-05,2026Q2,A3010,Tenzin Mathew,Chat Frontline,VA-EB-PL2,3499.0,GW-OTHER,CANCEL,CANCEL,cancelled before dispatch -> refunded rs 3499,N,False,False,0.0,True
TK-253418,2026-05,2026Q2,A3034,Tanvi Rathore,Billing,VA-AC-CASE,175.0,DUP-PAYMENT,DUP-PAYMENT,,,N,,False,0.0,False
TK-253419,2026-05,2026Q2,A3004,Geeta Dutta,Chat Frontline,VA-SW-NX1,4499.0,GW-OTHER,DUP-PAYMENT,DUP-PAYMENT,duplicate payment,N,False,False,0.0,True
TK-253422,2026-05,2026Q2,A3012,Lakshmi Srivastava,Chat Frontline,VA-SW-NX2,6499.0,GW-OTHER,CANCEL,CANCEL,ord cancellation,N,False,False,0.0,True
TK-253437,2026-05,2026Q2,A3027,Priya Agarwal,Logistics,VA-SW-NX2,5199.0,WTY-BUYBACK,WTY-BUYBACK,LOST-TRANSIT,Shipment not receivde,N,True,True,2790.0,False
TK-253448,2026-05,2026Q2,A3035,Dev Kulkarni,Billing,VA-EB-PL2,1400.0,CANCEL,CANCEL,,,N,,False,0.0,False
TK-253451,2026-05,2026Q2,A3009,Sukhwinder Singh,Chat Frontline,VA-HP-ST3,6999.0,GW-OTHER,GW-OTHER,GW-OTHER,Refund processed to source; rplc unit also shipped,N,True,True,2990.0,True
TK-253453,2026-05,2026Q2,A3017,Kabir Singh,Email Frontline,VA-SP-MINI,2124.0,PRICE-ADJ,PRICE-ADJ,,,N,,False,0.0,False
TK-253466,2026-05,2026Q2,A3034,Tanvi Rathore,Billing,VA-AC-CH65,712.0,GW-OTHER,DUP-PAYMENT,DUP-PAYMENT,payment went through but i got no order id,N,False,False,0.0,True
TK-253474,2026-05,2026Q2,A3038,Ankit Dhillon,Returns Desk,VA-SP-MINI,2249.0,GW-OTHER,RETURN-QC-OK,RETURN-QC-OK,chk reverse pickup QC status,N,False,False,0.0,True
TK-253476,2026-05,2026Q2,A3035,Dev Kulkarni,Billing,VA-HP-ST2,4999.0,DUP-PAYMENT,DUP-PAYMENT,,,N,,False,0.0,False
TK-253498,2026-05,2026Q2,A3035,Dev Kulkarni,Billing,VA-EB-AIR,1529.0,GW-OTHER,PRICE-ADJ,PRICE-ADJ,chk coupon validity -> refunded rs 1529,N,False,False,0.0,True
TK-253508,2026-05,2026Q2,A3036,Ritika D'Souza,Returns Desk,VA-AC-CASE,1234.0,RETURN-QC-OK,RETURN-QC-OK,,,N,,False,0.0,False
TK-253510,2026-05,2026Q2,A3004,Geeta Dutta,Chat Frontline,VA-EB-PL2,350.0,GW-OTHER,CANCEL,CANCEL,cancelled before dispatch,N,False,False,0.0,False
TK-253511,2026-05,2026Q2,A3002,Steven Ansari,Chat Frontline,VA-EB-AIR,162.0,DOA-REPL,DOA-REPL,,,N,,False,0.0,False
TK-253515,2026-05,2026Q2,A3014,Anjali D'Souza,Chat Frontline,VA-EB-PL2,3499.0,WTY-BUYBACK,WTY-BUYBACK,GW-OTHER,"adv FW update via app, rslvd",Y,True,True,1820.0,False
TK-253521,2026-05,2026Q2,A3034,Tanvi Rathore,Billing,VA-SP-ORB,5999.0,GW-OTHER,DUP-PAYMENT,DUP-PAYMENT,amount deducted without order,N,False,False,0.0,True
TK-253558,2026-05,2026Q2,A3036,Ritika D'Souza,Returns Desk,VA-AC-CASE,1299.0,GW-OTHER,GW-OTHER,GW-OTHER,wrong variant rcvd,N,False,False,0.0,True
TK-253559,2026-06,2026Q2,A3036,Ritika D'Souza,Returns Desk,VA-SW-NX2,552.0,GW-OTHER,UNCLEAR,UNCLEAR,chk rfnd status on pg -> arn shared,N,False,False,0.0,True
TK-253561,2026-05,2026Q2,A3028,Sameer Kapoor,Logistics,VA-SP-MINI,2124.0,GW-OTHER,GW-OTHER,GW-OTHER,rfnd processed without pickup as goodwill,N,False,False,0.0,True
TK-253563,2026-06,2026Q2,A3028,Sameer Kapoor,Logistics,VA-SW-NX2,1040.0,GW-OTHER,LOST-TRANSIT,LOST-TRANSIT,cust contacted re ord not delivered,N,False,False,0.0,True
TK-253569,2026-06,2026Q2,A3036,Ritika D'Souza,Returns Desk,VA-SW-FIT,1999.0,GW-OTHER,GW-OTHER,GW-OTHER,"refund + rplc, cx escalation avoided",Y,True,True,1190.0,True
TK-253570,2026-05,2026Q2,A3018,Krishna Bhatt,Email Frontline,VA-EB-PL2,665.0,GW-OTHER,GW-OTHER,GW-OTHER,issue: intermittent disconnects,N,False,False,0.0,True
TK-253572,2026-05,2026Q2,A3032,Sneha Bansal,Billing,VA-HP-ST3,6999.0,RETURN-QC-OK,RETURN-QC-OK,,,N,,False,0.0,False
TK-253584,2026-05,2026Q2,A3024,Amit Deshpande,Voice Frontline,VA-EB-PL2,3324.0,WTY-BUYBACK,WTY-BUYBACK,,,N,,False,0.0,False
TK-253589,2026-05,2026Q2,A3030,Aishwarya Trivedi,Logistics,VA-EB-PL2,3499.0,DOA-REPL,DOA-REPL,GW-OTHER,Refund done and new unit sent as one-time gesture,N,True,True,1820.0,False
TK-253595,2026-05,2026Q2,A3026,Aadhya Deshpande,Voice Frontline,VA-HP-ST3,6999.0,CANCEL,CANCEL,,,N,,False,0.0,False
TK-253597,2026-05,2026Q2,A3005,Payal Bhatia,Chat Frontline,VA-EB-PL2,2974.0,GW-OTHER,DUP-PAYMENT,DUP-PAYMENT,"payment debited, no order. Asked for UTR. Rfeund processed",N,False,False,0.0,True
TK-253599,2026-06,2026Q2,A3039,Reyansh Mishra,Escalations & Warranty,VA-SW-NX1,4749.0,GW-OTHER,GW-OTHER,GW-OTHER,"credited full amount, new unit also going out",Y,True,True,2240.0,True
TK-253608,2026-06,2026Q2,A3005,Payal Bhatia,Chat Frontline,VA-SW-NX2,585.0,CANCEL,CANCEL,,,N,,False,0.0,False
TK-253615,2026-06,2026Q2,A3011,Rohit Gill,Chat Frontline,VA-EB-PL2,2974.0,GW-OTHER,GW-OTHER,GW-OTHER,Full rfnd issued & replacement dispatched as goodwill,Y,True,True,1820.0,True
TK-253616,2026-06,2026Q2,A3037,Manish Iyer,Returns Desk,VA-SP-MINI,2499.0,RETURN-QC-OK,RETURN-QC-OK,,,N,,False,0.0,False
TK-253621,2026-06,2026Q2,A3028,Sameer Kapoor,Logistics,VA-HP-ST3,6999.0,LOST-TRANSIT,LOST-TRANSIT,,,N,,False,0.0,False
TK-253622,2026-06,2026Q2,A3018,Krishna Bhatt,Email Frontline,VA-EB-PL2,3499.0,CANCEL,CANCEL,,,N,,False,0.0,False
TK-253623,2026-06,2026Q2,A3036,Ritika D'Souza,Returns Desk,VA-AC-CASE,1104.0,GW-OTHER,RETURN-QC-OK,RETURN-QC-OK,chk reverse pickup QC status. Refund approved,N,False,False,0.0,True
TK-253630,2026-06,2026Q2,A3015,Sameer Jadhav,Chat Frontline,VA-EB-PL2,3499.0,DOA-REPL,DOA-REPL,GW-OTHER,Sent a new unit & released the money as well,N,True,True,1820.0,False
TK-253632,2026-06,2026Q2,A3036,Ritika D'Souza,Returns Desk,VA-SP-MINI,2499.0,GW-OTHER,RETURN-QC-OK,RETURN-QC-OK,chk reverse pickup QC status. rfnd conf credited,N,False,False,0.0,True
TK-253639,2026-06,2026Q2,A3017,Kabir Singh,Email Frontline,VA-AC-CASE,1169.0,CANCEL,CANCEL,,,N,,False,0.0,False
TK-253649,2026-06,2026Q2,A3032,Sneha Bansal,Billing,VA-HP-ST3,5949.0,RETURN-QC-OK,RETURN-QC-OK,,,N,,False,0.0,False
TK-253652,2026-06,2026Q2,A3009,Sukhwinder Singh,Chat Frontline,VA-SW-FIT,1999.0,GW-OTHER,DUP-PAYMENT,DUP-PAYMENT,duplicate payment. Checked PG for duplicate txn,N,False,False,0.0,True
TK-253663,2026-06,2026Q2,A3005,Payal Bhatia,Chat Frontline,VA-EB-PL2,2799.0,DOA-REPL,DOA-REPL,GW-OTHER,"refund + rplc, cx escalation avoided",N,True,True,1820.0,False
TK-253666,2026-06,2026Q2,A3036,Ritika D'Souza,Returns Desk,VA-SP-ORB,5399.0,RETURN-QC-OK,RETURN-QC-OK,,,N,,False,0.0,False
TK-253668,2026-06,2026Q2,A3034,Tanvi Rathore,Billing,VA-EB-PL2,2974.0,GW-OTHER,DUP-PAYMENT,DUP-PAYMENT,refund processed to source,N,False,False,0.0,True
TK-253675,2026-06,2026Q2,A3010,Tenzin Mathew,Chat Frontline,VA-HP-ST3,6999.0,DOA-REPL,DOA-REPL,GW-OTHER,Issued rfnd + replacement both,N,True,True,2990.0,False
TK-253678,2026-06,2026Q2,A3034,Tanvi Rathore,Billing,VA-EB-PL2,3149.0,CANCEL,CANCEL,,,N,,False,0.0,False
TK-253679,2026-06,2026Q2,A3038,Ankit Dhillon,Returns Desk,VA-EB-PL2,2799.0,GW-OTHER,RETURN-QC-OK,RETURN-QC-OK,chk reverse pkp QC status. Processed FR and raised RMA,N,True,True,1820.0,True
TK-253682,2026-06,2026Q2,A3031,Zaid Desai,Logistics,VA-EB-PL2,3499.0,GW-OTHER,GW-OTHER,GW-OTHER,issue: incorrect product shipped,N,False,False,0.0,True
TK-253692,2026-06,2026Q2,A3002,Steven Ansari,Chat Frontline,VA-EB-PL2,3149.0,CANCEL,CANCEL,,,N,,False,0.0,False
TK-253705,2026-06,2026Q2,A3038,Ankit Dhillon,Returns Desk,VA-SW-NX2,6174.0,RETURN-QC-OK,RETURN-QC-OK,,,N,,False,0.0,False
TK-253727,2026-06,2026Q2,A3034,Tanvi Rathore,Billing,VA-EB-AIR,1709.0,GW-OTHER,UNCLEAR,UNCLEAR,-,N,False,False,0.0,True
TK-253738,2026-06,2026Q2,A3032,Sneha Bansal,Billing,VA-SW-FIT,1999.0,RETURN-QC-OK,RETURN-QC-OK,RETURN-QC-OK,checked reverse pickup qc status. full rfnd processed,N,False,False,0.0,False
TK-253739,2026-06,2026Q2,A3039,Reyansh Mishra,Escalations & Warranty,VA-EB-PL2,3499.0,GW-OTHER,WTY-BUYBACK,WTY-BUYBACK,issue: charging case dead,N,False,False,0.0,True
TK-253747,2026-06,2026Q2,A3036,Ritika D'Souza,Returns Desk,VA-EB-PL2,2974.0,GW-OTHER,RETURN-QC-OK,RETURN-QC-OK,Checked reverse pkp QC status. Refund,N,False,False,0.0,True
TK-253748,2026-06,2026Q2,A3035,Dev Kulkarni,Billing,VA-EB-PL2,3324.0,GW-OTHER,RETURN-QC-OK,RETURN-QC-OK,Checkde reveres pkp QC status.,N,False,False,0.0,True
TK-253755,2026-06,2026Q2,A3033,Vikram Banerjee,Billing,VA-SW-FIT,1999.0,CANCEL,CANCEL,,,N,,False,0.0,False
TK-253756,2026-06,2026Q2,A3008,Meera Malhotra,Chat Frontline,VA-EB-PL2,3499.0,CANCEL,CANCEL,,,N,,False,0.0,False
TK-253757,2026-06,2026Q2,A3032,Sneha Bansal,Billing,VA-EB-PL2,332.0,DOA-REPL,DOA-REPL,,,N,,False,0.0,False
TK-253767,2026-06,2026Q2,A3033,Vikram Banerjee,Billing,VA-EB-AIR,900.0,GW-OTHER,DUP-PAYMENT,DUP-PAYMENT,checked pg for duplicate txn,N,False,False,0.0,True
TK-253771,2026-06,2026Q2,A3016,Thomas Kumar,Email Frontline,VA-SP-MINI,250.0,PRICE-ADJ,PRICE-ADJ,,,N,,False,0.0,False
TK-253776,2026-06,2026Q2,A3035,Dev Kulkarni,Billing,VA-AC-CH65,1349.0,DUP-PAYMENT,DUP-PAYMENT,,,N,,False,0.0,False
TK-253778,2026-06,2026Q2,A3030,Aishwarya Trivedi,Logistics,VA-EB-PL2,446.0,GW-OTHER,LOST-TRANSIT,LOST-TRANSIT,Cx reported delivery delayed,N,False,False,0.0,False
TK-253802,2026-06,2026Q2,A3032,Sneha Bansal,Billing,VA-EB-PL2,315.0,DUP-PAYMENT,DUP-PAYMENT,,,N,,False,0.0,False
TK-253803,2026-06,2026Q2,A3021,Meera Mathew,Email Frontline,VA-HP-ST3,6999.0,CANCEL,CANCEL,,,N,,False,0.0,False
TK-253804,2026-06,2026Q2,A3006,Varun Bhatt,Chat Frontline,VA-EB-PL2,3324.0,GW-OTHER,GW-OTHER,GW-OTHER,full refund issued and replacement dispatched as goodwill,N,True,True,1820.0,True
TK-253807,2026-06,2026Q2,A3033,Vikram Banerjee,Billing,VA-EB-PL1,2499.0,PRICE-ADJ,PRICE-ADJ,,,N,,False,0.0,False
TK-253808,2026-06,2026Q2,A3029,Rajat Mukherjee,Logistics,VA-EB-PL2,3499.0,CANCEL,CANCEL,,,N,,False,0.0,False
TK-253810,2026-06,2026Q2,A3037,Manish Iyer,Returns Desk,VA-SP-MINI,2499.0,DOA-REPL,DOA-REPL,RETURN-QC-OK,chk reverse pickup qc status. issued rfnd + rplc,Y,True,True,1320.0,False
TK-253814,2026-06,2026Q2,A3009,Sukhwinder Singh,Chat Frontline,VA-EB-PL2,2974.0,GW-OTHER,CANCEL,CANCEL,Cancelled before dispatch.,N,False,False,0.0,True
TK-253819,2026-06,2026Q2,A3005,Payal Bhatia,Chat Frontline,VA-EB-PL2,3499.0,GW-OTHER,CANCEL,CANCEL,Cancelled before dispatch.,N,False,False,0.0,True
TK-253830,2026-06,2026Q2,A3009,Sukhwinder Singh,Chat Frontline,VA-EB-AIR,256.0,DUP-PAYMENT,DUP-PAYMENT,,,N,,False,0.0,False
TK-253833,2026-06,2026Q2,A3031,Zaid Desai,Logistics,VA-EB-PL2,700.0,GW-OTHER,LOST-TRANSIT,LOST-TRANSIT,pickup not done | re-raised pickup,N,False,False,0.0,True
TK-253834,2026-06,2026Q2,A3003,Komal Singh,Chat Frontline,VA-EB-AIR,1709.0,CANCEL,CANCEL,,,N,,False,0.0,False
TK-253837,2026-06,2026Q2,A3038,Ankit Dhillon,Returns Desk,VA-AC-CASE,1169.0,RETURN-QC-OK,RETURN-QC-OK,,,N,,False,0.0,False
TK-253838,2026-06,2026Q2,A3006,Varun Bhatt,Chat Frontline,VA-EB-AIR,270.0,CANCEL,CANCEL,,,N,,False,0.0,False
TK-253839,2026-06,2026Q2,A3021,Meera Mathew,Email Frontline,VA-EB-PL2,3149.0,DOA-REPL,DOA-REPL,GW-OTHER,Both refund and rplc given as cx threatened social media.,N,True,True,1820.0,False
TK-253840,2026-06,2026Q2,A3024,Amit Deshpande,Voice Frontline,VA-SW-NX2,5524.0,DOA-REPL,DOA-REPL,GW-OTHER,Reversed the payment & dispatched a new one,N,True,True,2790.0,False
TK-253851,2026-06,2026Q2,A3032,Sneha Bansal,Billing,VA-EB-PL2,350.0,DUP-PAYMENT,DUP-PAYMENT,,,N,,False,0.0,False
TK-253853,2026-06,2026Q2,A3029,Rajat Mukherjee,Logistics,VA-HP-ST3,6999.0,DOA-REPL,DOA-REPL,,,N,,False,0.0,False
TK-253854,2026-06,2026Q2,A3034,Tanvi Rathore,Billing,VA-AC-CASE,104.0,PRICE-ADJ,PRICE-ADJ,,,N,,False,0.0,False
TK-253860,2026-06,2026Q2,A3024,Amit Deshpande,Voice Frontline,VA-EB-PL2,2799.0,GW-OTHER,GW-OTHER,GW-OTHER,Walked through recovery mode. Full refund processed,N,False,False,0.0,True
TK-253867,2026-06,2026Q2,A3030,Aishwarya Trivedi,Logistics,VA-EB-PL2,2799.0,LOST-TRANSIT,LOST-TRANSIT,,,N,,False,0.0,False
TK-253882,2026-06,2026Q2,A3036,Ritika D'Souza,Returns Desk,VA-SW-FIT,1799.0,RETURN-QC-OK,RETURN-QC-OK,,,N,,False,0.0,False
TK-253890,2026-06,2026Q2,A3027,Priya Agarwal,Logistics,VA-EB-PL2,3149.0,GW-OTHER,LOST-TRANSIT,LOST-TRANSIT,Unit received damaged,N,False,False,0.0,True
TK-253903,2026-06,2026Q2,A3009,Sukhwinder Singh,Chat Frontline,VA-SW-NX2,6499.0,DOA-REPL,DOA-REPL,GW-OTHER,Full refund issued and rplc dispatched as goodwill,Y,True,True,2790.0,False
TK-253918,2026-06,2026Q2,A3037,Manish Iyer,Returns Desk,VA-EB-PL2,3499.0,RETURN-QC-OK,RETURN-QC-OK,,,N,,False,0.0,False
TK-253929,2026-06,2026Q2,A3018,Krishna Bhatt,Email Frontline,VA-EB-PL1,2124.0,GW-OTHER,DUP-PAYMENT,DUP-PAYMENT,"payment debited, no order",N,False,False,0.0,True
TK-253933,2026-06,2026Q2,A3012,Lakshmi Srivastava,Chat Frontline,VA-EB-PL1,2249.0,WTY-BUYBACK,WTY-BUYBACK,,,N,,False,0.0,False
TK-253938,2026-06,2026Q2,A3001,Suresh Kaur,Chat Frontline,VA-AC-CH65,1499.0,DUP-PAYMENT,DUP-PAYMENT,,,N,,False,0.0,False
TK-253939,2026-06,2026Q2,A3030,Aishwarya Trivedi,Logistics,VA-EB-PL2,3324.0,CANCEL,CANCEL,,,N,,False,0.0,False
TK-253941,2026-06,2026Q2,A3030,Aishwarya Trivedi,Logistics,VA-SP-ORB,900.0,GW-OTHER,LOST-TRANSIT,LOST-TRANSIT,Customer states shipment not received.,N,False,False,0.0,True
TK-253942,2026-06,2026Q2,A3035,Dev Kulkarni,Billing,VA-EB-PL1,1999.0,DUP-PAYMENT,DUP-PAYMENT,,,N,,False,0.0,False
TK-253965,2026-06,2026Q2,A3037,Manish Iyer,Returns Desk,VA-EB-PL2,3324.0,RETURN-QC-OK,RETURN-QC-OK,,,N,,False,0.0,False
TK-253966,2026-06,2026Q2,A3030,Aishwarya Trivedi,Logistics,VA-AC-CASE,1299.0,GW-OTHER,LOST-TRANSIT,LOST-TRANSIT,"RTO confirmed, reshipped. -- refund + rplc",N,True,True,960.0,True
TK-253977,2026-06,2026Q2,A3030,Aishwarya Trivedi,Logistics,VA-EB-PL1,2124.0,WTY-BUYBACK,WTY-BUYBACK,LOST-TRANSIT,rfnd initiated as lost in transit. Processed FR & raised RMA,N,True,True,1460.0,False
TK-253986,2026-06,2026Q2,A3003,Komal Singh,Chat Frontline,VA-NB-ARC,1169.0,CANCEL,CANCEL,,,N,,False,0.0,False
TK-253989,2026-06,2026Q2,A3018,Krishna Bhatt,Email Frontline,VA-EB-PL2,3499.0,GW-OTHER,GW-OTHER,GW-OTHER,Reversed the payment and dispatched a new one under RMA,N,True,True,1820.0,True
TK-253991,2026-06,2026Q2,A3028,Sameer Kapoor,Logistics,VA-HP-ST3,6999.0,GW-OTHER,CANCEL,CANCEL,cancelled before dispatch.,N,False,False,0.0,True
TK-253996,2026-06,2026Q2,A3037,Manish Iyer,Returns Desk,VA-SW-NX2,12348.0,GW-OTHER,UNCLEAR,UNCLEAR,done,N,False,False,0.0,True
TK-253997,2026-06,2026Q2,A3027,Priya Agarwal,Logistics,VA-HP-ST3,6299.0,GW-OTHER,LOST-TRANSIT,LOST-TRANSIT,Refund initiated as lost in transit... dispatched a new one,Y,True,True,2990.0,True
TK-254003,2026-06,2026Q2,A3030,Aishwarya Trivedi,Logistics,VA-AC-CH65,1349.0,WTY-BUYBACK,WTY-BUYBACK,LOST-TRANSIT,transit damage... rplc dispatched. Both rfnd & replacement given,N,True,True,950.0,False
TK-254011,2026-06,2026Q2,A3037,Manish Iyer,Returns Desk,VA-EB-PL1,2374.0,GW-OTHER,RETURN-QC-OK,RETURN-QC-OK,checked reverse pkp qc status,N,False,False,0.0,True
TK-254014,2026-06,2026Q2,A3033,Vikram Banerjee,Billing,VA-EB-PL2,2799.0,DUP-PAYMENT,DUP-PAYMENT,,,N,,False,0.0,False
TK-254026,2026-06,2026Q2,A3031,Zaid Desai,Logistics,VA-SW-NX2,520.0,DOA-REPL,DOA-REPL,,,N,,False,0.0,False
TK-254038,2026-06,2026Q2,A3018,Krishna Bhatt,Email Frontline,VA-EB-PL2,2799.0,WTY-BUYBACK,WTY-BUYBACK,GW-OTHER,reset done... Full refund issued and replacement dispatched as goodwill,N,True,True,1820.0,False
TK-254049,2026-06,2026Q2,A3036,Ritika D'Souza,Returns Desk,VA-HP-ST2,4999.0,RETURN-QC-OK,RETURN-QC-OK,,,N,,False,0.0,False
TK-254052,2026-06,2026Q2,A3036,Ritika D'Souza,Returns Desk,VA-NB-ARC,1299.0,RETURN-QC-OK,RETURN-QC-OK,,,N,,False,0.0,False
TK-254056,2026-06,2026Q2,A3035,Dev Kulkarni,Billing,VA-HP-ST2,1000.0,GW-OTHER,DUP-PAYMENT,DUP-PAYMENT,Ticket raiesd for faield ord after payment,N,False,False,0.0,True
TK-254064,2026-06,2026Q2,A3001,Suresh Kaur,Chat Frontline,VA-EB-PL2,3149.0,GW-OTHER,LOST-TRANSIT,LOST-TRANSIT,refund initiaed as lost in transit... refund + rplc,Y,True,True,1820.0,True
TK-254070,2026-06,2026Q2,A3029,Rajat Mukherjee,Logistics,VA-EB-PL1,2499.0,CANCEL,CANCEL,,,N,,False,0.0,False
TK-254083,2026-06,2026Q2,A3036,Ritika D'Souza,Returns Desk,VA-EB-PL1,4998.0,GW-OTHER,RETURN-QC-OK,RETURN-QC-OK,where is the money for the return,N,False,False,0.0,True
TK-254087,2026-06,2026Q2,A3001,Suresh Kaur,Chat Frontline,VA-SW-NX2,6174.0,CANCEL,CANCEL,,,N,,False,0.0,False
TK-254090,2026-06,2026Q2,A3035,Dev Kulkarni,Billing,VA-HP-ST3,6999.0,DUP-PAYMENT,DUP-PAYMENT,,,N,,False,0.0,False
TK-254094,2026-06,2026Q2,A3031,Zaid Desai,Logistics,VA-EB-PL1,2124.0,DOA-REPL,DOA-REPL,LOST-TRANSIT,damaged in transit... Checked with courier for damage claim,N,False,False,0.0,False
TK-254104,2026-06,2026Q2,A3021,Meera Mathew,Email Frontline,VA-NB-ARC,130.0,DUP-PAYMENT,DUP-PAYMENT,,,N,,False,0.0,False
TK-254112,2026-06,2026Q2,A3030,Aishwarya Trivedi,Logistics,VA-EB-PL1,319.0,LOST-TRANSIT,LOST-TRANSIT,,,N,,False,0.0,False
TK-254121,2026-06,2026Q2,A3038,Ankit Dhillon,Returns Desk,VA-EB-AIR,1799.0,RETURN-QC-OK,RETURN-QC-OK,,,N,,False,0.0,False
TK-254122,2026-06,2026Q2,A3013,Rohit Nair,Chat Frontline,VA-HP-ST2,4999.0,DUP-PAYMENT,DUP-PAYMENT,DUP-PAYMENT,amount deducted without order,N,False,False,0.0,False
TK-254125,2026-06,2026Q2,A3034,Tanvi Rathore,Billing,VA-EB-PL2,3499.0,GW-OTHER,DUP-PAYMENT,DUP-PAYMENT,payment was deducted but no order was created,N,False,False,0.0,True
TK-254130,2026-06,2026Q2,A3018,Krishna Bhatt,Email Frontline,VA-EB-PL1,2374.0,CANCEL,CANCEL,,,N,,False,0.0,False
TK-254135,2026-06,2026Q2,A3041,Mohammed Mehta,Escalations & Warranty,VA-EB-PL2,2799.0,WTY-BUYBACK,WTY-BUYBACK,GW-OTHER,Warranty claim... Sent a new unit and released the money,Y,True,True,1820.0,False
TK-254136,2026-06,2026Q2,A3035,Dev Kulkarni,Billing,VA-AC-CBL,399.0,DUP-PAYMENT,DUP-PAYMENT,,,N,,False,0.0,False
TK-254143,2026-06,2026Q2,A3026,Aadhya Deshpande,Voice Frontline,VA-EB-PL2,2974.0,CANCEL,CANCEL,,,N,,False,0.0,False
TK-254153,2026-06,2026Q2,A3032,Sneha Bansal,Billing,VA-SW-NX2,975.0,DUP-PAYMENT,DUP-PAYMENT,,,N,,False,0.0,False
TK-254155,2026-06,2026Q2,A3024,Amit Deshpande,Voice Frontline,VA-EB-PL2,2799.0,GW-OTHER,CANCEL,CANCEL,cancel order,N,False,False,0.0,True
TK-254157,2026-06,2026Q2,A3032,Sneha Bansal,Billing,VA-EB-PL2,3499.0,PRICE-ADJ,PRICE-ADJ,,,N,,False,0.0,False
TK-254168,2026-06,2026Q2,A3029,Rajat Mukherjee,Logistics,VA-AC-CH65,1499.0,GW-OTHER,LOST-TRANSIT,LOST-TRANSIT,"courier confirmed delivery... shipment not received... amount back, also sending a new set",N,True,True,950.0,True
TK-254169,2026-06,2026Q2,A3022,Daniel Arora,Email Frontline,VA-EB-PL2,297.0,CANCEL,CANCEL,,,N,,False,0.0,False
TK-254172,2026-06,2026Q2,A3039,Reyansh Mishra,Escalations & Warranty,VA-SW-NX2,6499.0,GW-OTHER,GW-OTHER,GW-OTHER,warranty claim status... amount returned to card; fresh unit shipped,Y,True,True,2790.0,True
TK-254183,2026-06,2026Q2,A3028,Sameer Kapoor,Logistics,VA-SW-NX2,6174.0,DOA-REPL,DOA-REPL,LOST-TRANSIT,transit damage... rplc dispatched,N,True,True,2790.0,False
TK-254197,2026-06,2026Q2,A3034,Tanvi Rathore,Billing,VA-EB-PL2,3499.0,GW-OTHER,DUP-PAYMENT,DUP-PAYMENT,card charged two times,N,False,False,0.0,True
TK-254202,2026-06,2026Q2,A3003,Komal Singh,Chat Frontline,VA-EB-AIR,1709.0,GW-OTHER,GW-OTHER,GW-OTHER,Case not charging... Refund processed to source; rplc unit also shipped,Y,True,True,1100.0,True
TK-254212,2026-06,2026Q2,A3032,Sneha Bansal,Billing,VA-NB-ARC,1039.0,PRICE-ADJ,PRICE-ADJ,,,N,,False,0.0,False
TK-254226,2026-06,2026Q2,A3013,Rohit Nair,Chat Frontline,VA-EB-PL2,3324.0,DOA-REPL,DOA-REPL,GW-OTHER,fw update resolved... full refund issued and replacement dispatched as goodwill,Y,True,True,1820.0,False
TK-254227,2026-06,2026Q2,A3035,Dev Kulkarni,Billing,VA-NB-ARC,130.0,DUP-PAYMENT,DUP-PAYMENT,,,N,,False,0.0,False
TK-254231,2026-06,2026Q2,A3036,Ritika D'Souza,Returns Desk,VA-EB-PL2,3499.0,RETURN-QC-OK,RETURN-QC-OK,,,N,,False,0.0,False
TK-254237,2026-06,2026Q2,A3036,Ritika D'Souza,Returns Desk,VA-AC-CASE,1104.0,RETURN-QC-OK,RETURN-QC-OK,,,N,,False,0.0,False
TK-254241,2026-06,2026Q2,A3035,Dev Kulkarni,Billing,VA-EB-PL2,665.0,DUP-PAYMENT,DUP-PAYMENT,,,N,,False,0.0,False
TK-254243,2026-06,2026Q2,A3035,Dev Kulkarni,Billing,VA-SW-FIT,200.0,GW-OTHER,DUP-PAYMENT,DUP-PAYMENT,"payment debited, no order... Refunded Rs 200",N,False,False,0.0,False
TK-254244,2026-06,2026Q2,A3037,Manish Iyer,Returns Desk,VA-AC-CASE,1169.0,RETURN-QC-OK,RETURN-QC-OK,,,N,,False,0.0,False
TK-254245,2026-06,2026Q2,A3003,Komal Singh,Chat Frontline,VA-SW-FIT,850.0,CANCEL,CANCEL,,,N,,False,0.0,False
TK-254248,2026-06,2026Q2,A3037,Manish Iyer,Returns Desk,VA-AC-CASE,1169.0,RETURN-QC-OK,RETURN-QC-OK,,,N,,False,0.0,False
TK-254251,2026-06,2026Q2,A3038,Ankit Dhillon,Returns Desk,VA-NB-ARC,1169.0,RETURN-QC-OK,RETURN-QC-OK,,,N,,False,0.0,False
TK-254260,2026-06,2026Q2,A3030,Aishwarya Trivedi,Logistics,VA-SP-ORB,5099.0,GW-OTHER,LOST-TRANSIT,LOST-TRANSIT,"package not delivered even after 20 days... Credited full amount, new unit also going out",N,True,True,2640.0,True
TK-254266,2026-06,2026Q2,A3015,Sameer Jadhav,Chat Frontline,VA-EB-PL2,2974.0,DOA-REPL,DOA-REPL,LOST-TRANSIT,"tracking has said out for delivery... rto conf, reshipped. Cx got the amount back, also sending a new set",N,True,True,1820.0,False
TK-254270,2026-06,2026Q2,A3037,Manish Iyer,Returns Desk,VA-EB-AIR,1529.0,GW-OTHER,RETURN-QC-OK,RETURN-QC-OK,issue: pickup missed,N,False,False,0.0,True
TK-254279,2026-06,2026Q2,A3038,Ankit Dhillon,Returns Desk,VA-HP-ST3,3500.0,RETURN-QC-OK,RETURN-QC-OK,,,N,,False,0.0,False
TK-254285,2026-06,2026Q2,A3037,Manish Iyer,Returns Desk,VA-EB-AIR,270.0,GW-OTHER,RETURN-QC-OK,RETURN-QC-OK,issue: pickup missed,N,False,False,0.0,False
TK-254289,2026-06,2026Q2,A3028,Sameer Kapoor,Logistics,VA-AC-CASE,1039.0,GW-OTHER,LOST-TRANSIT,LOST-TRANSIT,contact re transit damage,N,True,True,960.0,True
TK-254296,2026-06,2026Q2,A3038,Ankit Dhillon,Returns Desk,VA-AC-CASE,1299.0,GW-OTHER,RETURN-QC-OK,RETURN-QC-OK,Checked reverse pickup QC status,N,False,False,0.0,True
TK-254297,2026-06,2026Q2,A3035,Dev Kulkarni,Billing,VA-SW-NX2,5849.0,DUP-PAYMENT,DUP-PAYMENT,,,N,,False,0.0,False
TK-254298,2026-06,2026Q2,A3022,Daniel Arora,Email Frontline,VA-NB-ARC,1299.0,GW-OTHER,GW-OTHER,GW-OTHER,replacement unit also shipped,Y,True,True,880.0,True
TK-254301,2026-06,2026Q2,A3026,Aadhya Deshpande,Voice Frontline,VA-EB-PL2,3324.0,GW-OTHER,GW-OTHER,GW-OTHER,Issued refund + replacement both,N,True,True,1820.0,True
TK-254302,2026-06,2026Q2,A3035,Dev Kulkarni,Billing,VA-EB-PL2,3499.0,GW-OTHER,DUP-PAYMENT,DUP-PAYMENT,Ticket raised for charged twice,N,False,False,0.0,True
TK-254306,2026-06,2026Q2,A3032,Sneha Bansal,Billing,VA-EB-PL2,3324.0,CANCEL,CANCEL,,,N,,False,0.0,False
TK-254315,2026-06,2026Q2,A3036,Ritika D'Souza,Returns Desk,VA-EB-PL2,2974.0,RETURN-QC-OK,RETURN-QC-OK,,,N,,False,0.0,False
TK-254317,2026-06,2026Q2,A3008,Meera Malhotra,Chat Frontline,VA-EB-AIR,1799.0,GW-OTHER,DOA-REPL,DOA-REPL,Issue: unable to pair w/ phone,N,False,False,0.0,True
TK-254328,2026-06,2026Q2,A3008,Meera Malhotra,Chat Frontline,VA-EB-PL2,3149.0,GW-OTHER,GW-OTHER,GW-OTHER,replacement unit also shipped,Y,True,True,1820.0,True
TK-254330,2026-06,2026Q2,A3035,Dev Kulkarni,Billing,VA-EB-PL2,700.0,PRICE-ADJ,PRICE-ADJ,,,N,,False,0.0,False
TK-254332,2026-06,2026Q2,A3036,Ritika D'Souza,Returns Desk,VA-EB-PL1,2124.0,RETURN-QC-OK,RETURN-QC-OK,RETURN-QC-OK,Checked reverse pickup QC status,N,False,False,0.0,False
TK-254333,2026-06,2026Q2,A3035,Dev Kulkarni,Billing,VA-EB-PL2,1662.0,DUP-PAYMENT,DUP-PAYMENT,,,N,,False,0.0,False
TK-254338,2026-06,2026Q2,A3033,Vikram Banerjee,Billing,VA-HP-ST3,6999.0,RETURN-QC-OK,RETURN-QC-OK,,,N,,False,0.0,False
TK-254348,2026-06,2026Q2,A3044,Arjun Kumar,Escalations & Warranty,VA-EB-AIR,1709.0,GW-OTHER,GW-OTHER,GW-OTHER,"raised replacement, cx was very upset",Y,True,True,1100.0,True
TK-254361,2026-06,2026Q2,A3036,Ritika D'Souza,Returns Desk,VA-SP-MINI,2499.0,GW-OTHER,RETURN-QC-OK,RETURN-QC-OK,The return was accepted,N,False,False,0.0,True
TK-254364,2026-06,2026Q2,A3034,Tanvi Rathore,Billing,VA-HP-ST2,4999.0,GW-OTHER,UNCLEAR,UNCLEAR,sorted,N,False,False,0.0,True
TK-254367,2026-06,2026Q2,A3017,Kabir Singh,Email Frontline,VA-AC-CASE,1169.0,CANCEL,CANCEL,,,N,,False,0.0,False
TK-254368,2026-06,2026Q2,A3003,Komal Singh,Chat Frontline,VA-EB-AIR,1799.0,GW-OTHER,CANCEL,CANCEL,ord cancellation,N,False,False,0.0,True
TK-254372,2026-06,2026Q2,A3038,Ankit Dhillon,Returns Desk,VA-EB-PL2,350.0,GW-OTHER,RETURN-QC-OK,RETURN-QC-OK,chk reverse pkp QC status,N,False,False,0.0,False
TK-254381,2026-06,2026Q2,A3006,Varun Bhatt,Chat Frontline,VA-EB-AIR,1709.0,GW-OTHER,GW-OTHER,GW-OTHER,"reset done, paired ok.",Y,True,True,1100.0,True
TK-254384,2026-06,2026Q2,A3030,Aishwarya Trivedi,Logistics,VA-EB-PL1,2124.0,GW-OTHER,LOST-TRANSIT,LOST-TRANSIT,Reported: order not delivered,N,False,False,0.0,True
TK-254401,2026-07,2026Q3,A3030,Aishwarya Trivedi,Logistics,VA-EB-PL2,2799.0,GW-OTHER,LOST-TRANSIT,LOST-TRANSIT,Contact re dlvry delayed,N,False,False,0.0,True
TK-254410,2026-06,2026Q2,A3037,Manish Iyer,Returns Desk,VA-SP-MINI,2499.0,GW-OTHER,RETURN-QC-OK,RETURN-QC-OK,issue: rfnd not credited,N,False,False,0.0,True
TK-254433,2026-06,2026Q2,A3001,Suresh Kaur,Chat Frontline,VA-EB-PL2,3324.0,GW-OTHER,GW-OTHER,GW-OTHER,walked through factory reset -> reset resolved,N,True,True,1820.0,True
TK-254439,2026-06,2026Q2,A3010,Tenzin Mathew,Chat Frontline,VA-EB-AIR,1529.0,GW-OTHER,GW-OTHER,GW-OTHER,"Reset done, paired ok",N,True,True,1100.0,True
TK-254446,2026-06,2026Q2,A3035,Dev Kulkarni,Billing,VA-SW-NX1,4249.0,DUP-PAYMENT,DUP-PAYMENT,,,N,,False,0.0,False
TK-254449,2026-07,2026Q3,A3039,Reyansh Mishra,Escalations & Warranty,VA-SW-NX2,6499.0,GW-OTHER,GW-OTHER,GW-OTHER,new unit shipped under doa,N,True,True,2790.0,True
TK-254455,2026-06,2026Q2,A3030,Aishwarya Trivedi,Logistics,VA-SP-MINI,500.0,DOA-REPL,DOA-REPL,,,N,,False,0.0,False
TK-254458,2026-07,2026Q3,A3030,Aishwarya Trivedi,Logistics,VA-AC-CASE,1299.0,DOA-REPL,DOA-REPL,LOST-TRANSIT,cx: transit damage,N,False,False,0.0,False
TK-254459,2026-06,2026Q2,A3015,Sameer Jadhav,Chat Frontline,VA-EB-PL2,3324.0,CANCEL,CANCEL,,,N,,False,0.0,False
TK-254465,2026-06,2026Q2,A3036,Ritika D'Souza,Returns Desk,VA-EB-PL2,3324.0,GW-OTHER,RETURN-QC-OK,RETURN-QC-OK,chk reverse pickup QC status,Y,True,True,1820.0,True
TK-254466,2026-06,2026Q2,A3026,Aadhya Deshpande,Voice Frontline,VA-SW-FIT,1699.0,GW-OTHER,GW-OTHER,GW-OTHER,Both rfnd & replacement given as cx threatened social media.,Y,True,True,1190.0,True
TK-254467,2026-06,2026Q2,A3035,Dev Kulkarni,Billing,VA-EB-PL1,250.0,GW-OTHER,DUP-PAYMENT,DUP-PAYMENT,amount deducted without order,N,False,False,0.0,False
TK-254469,2026-06,2026Q2,A3003,Komal Singh,Chat Frontline,VA-AC-CBL,319.0,GW-OTHER,CANCEL,CANCEL,Cancelled before dispatch,N,False,False,0.0,False
TK-254474,2026-06,2026Q2,A3037,Manish Iyer,Returns Desk,VA-EB-PL1,1999.0,RETURN-QC-OK,RETURN-QC-OK,,,N,,False,0.0,False
TK-254475,2026-07,2026Q3,A3037,Manish Iyer,Returns Desk,VA-SW-NX1,2500.0,RETURN-QC-OK,RETURN-QC-OK,,,N,,False,0.0,False
TK-254480,2026-06,2026Q2,A3025,Komal Malhotra,Voice Frontline,VA-EB-PL2,332.0,GW-OTHER,GW-OTHER,GW-OTHER,"reset done, paired ok.",N,False,False,0.0,False
TK-254481,2026-07,2026Q3,A3037,Manish Iyer,Returns Desk,VA-AC-CASE,166.0,GW-OTHER,RETURN-QC-OK,RETURN-QC-OK,checked reverse pkp qc status,N,False,False,0.0,False
TK-254485,2026-07,2026Q3,A3005,Payal Bhatia,Chat Frontline,VA-SW-NX1,4999.0,LOST-TRANSIT,LOST-TRANSIT,,,N,,False,0.0,False
TK-254487,2026-06,2026Q2,A3018,Krishna Bhatt,Email Frontline,VA-HP-ST2,4999.0,DUP-PAYMENT,DUP-PAYMENT,,,N,,False,0.0,False
TK-254495,2026-06,2026Q2,A3001,Suresh Kaur,Chat Frontline,VA-AC-CASE,1169.0,GW-OTHER,CANCEL,CANCEL,checekd shipment status -> refund,N,False,False,0.0,True
TK-254497,2026-06,2026Q2,A3012,Lakshmi Srivastava,Chat Frontline,VA-SW-NX2,5199.0,GW-OTHER,CANCEL,CANCEL,"cancelled, refund initiated",N,False,False,0.0,True
TK-254499,2026-06,2026Q2,A3016,Thomas Kumar,Email Frontline,VA-SW-FIT,1000.0,GW-OTHER,DUP-PAYMENT,DUP-PAYMENT,"payment debited, no order",N,False,False,0.0,True
TK-254504,2026-07,2026Q3,A3002,Steven Ansari,Chat Frontline,VA-SW-NX2,6174.0,GW-OTHER,LOST-TRANSIT,LOST-TRANSIT,delivery delayed | confirmed address,N,False,False,0.0,True
TK-254506,2026-06,2026Q2,A3033,Vikram Banerjee,Billing,VA-SP-MINI,425.0,RETURN-QC-OK,RETURN-QC-OK,,,N,,False,0.0,False
TK-254511,2026-07,2026Q3,A3037,Manish Iyer,Returns Desk,VA-EB-PL1,2499.0,GW-OTHER,RETURN-QC-OK,RETURN-QC-OK,checked reverse pickup qc status,N,False,False,0.0,True
TK-254521,2026-06,2026Q2,A3006,Varun Bhatt,Chat Frontline,VA-EB-PL1,2124.0,GW-OTHER,GW-OTHER,GW-OTHER,amount returned to card; fresh unit shipped,Y,True,True,1460.0,True
TK-254527,2026-07,2026Q3,A3030,Aishwarya Trivedi,Logistics,VA-EB-PL2,1487.0,DOA-REPL,DOA-REPL,,,N,,False,0.0,False
TK-254530,2026-06,2026Q2,A3004,Geeta Dutta,Chat Frontline,VA-EB-PL2,700.0,CANCEL,CANCEL,CANCEL,"ordered the wrong colour, don't ship it",N,False,False,0.0,False
TK-254533,2026-06,2026Q2,A3012,Lakshmi Srivastava,Chat Frontline,VA-EB-PL2,3149.0,CANCEL,CANCEL,,,N,,False,0.0,False
TK-254538,2026-07,2026Q3,A3038,Ankit Dhillon,Returns Desk,VA-SW-FIT,340.0,RETURN-QC-OK,RETURN-QC-OK,,,N,,False,0.0,False
